akan_group = {
	color = hsv { 0.3  0.7  0.1 }

    levy_template = levy_conscripts

    primary = conscripts
    secondary = conscripts
    flank = conscripts

    primary_navy = tetrere
    secondary_navy = octere
    flank_navy = liburnian
    male_names = {
		ak_Abeeku ak_Abrafo ak_Abrefa ak_Adeben ak_Adika ak_Adofo ak_Adom ak_Adusa
		ak_Adwin ak_Afram ak_Akwasi ak_Anim ak_Ata ak_Atsu ak_Badu ak_Boakye ak_Bobo
		ak_Domevlo ak_Dzigbode ak_Essian ak_Fodjour ak_Gyamfi ak_Hilla ak_Kobena
		ak_Kodwo ak_Kodzo ak_Kofi ak_Kojo ak_Koku ak_Komla ak_Konta ak_Kosi ak_Kpodo
		ak_Kuaku ak_Kufuo ak_Kumi ak_Kutu ak_Kwabena ak_Kwadwo ak_Kweku ak_Kwame
		ak_Kwao ak_Kwashie ak_Kwasi ak_Kwesi ak_Kwodwo ak_Kyereti ak_Manu ak_Mawuli
		ak_Mensah ak_Nkruma ak_Nsoah ak_Odom ak_Offin ak_Ohene ak_Ohini ak_Okatakyie
		ak_Oko ak_Osei ak_Pra ak_Tano ak_Tawia ak_Tse ak_Tuaco ak_Tutu ak_Nana-Yaw
		ak_Yawo ak_Yesuto ak_Yooku ak_Yorko
	}
	female_names = {
		ak_Aba ak_Ababuo ak_Abena ak_Abla ak_Adjoa ak_Adojoa ak_Adowa ak_Adwoa
		ak_Afafa ak_Afua ak_Agbenyaga ak_Ago ak_Akosua ak_Akpenamawu ak_Aku ak_Akua
		ak_Akwete ak_Akwokwo ak_Ama ak_Amma ak_Atakuma ak_Atsukpi ak_Awo ak_Baba
		ak_Do ak_Doaui ak_Dofi ak_Ebo ak_Efia ak_Efua ak_Ekua ak_Enyonyam ak_Esi
		ak_Esinam ak_Gyamfua ak_Gzifa ak_Hola ak_Juba ak_Kafui ak_Kakra ak_Kakru ak_Kaya
		ak_Kessie ak_Kojo ak_Koko ak_Kontar ak_Kpodo ak_Kukua ak_Kunto ak_Mama
		ak_Mansa ak_Mawunyaga ak_Mawusi ak_Morowa ak_Naki ak_Nana ak_Nanymka
		ak_Nkruma ak_Nyana ak_Ozigbodi ak_Panyin ak_Serwa ak_Sisi ak_Sroda ak_Tano
		ak_Tawia ak_Tawiah ak_Thema ak_Xetsa ak_Yaa ak_Ye
	}
	family = {
		dyn_ak_Abban.dyn_ak_Abban.dyn_ak_Abban.dyn_ak_Abban
		dyn_ak_Abbey.dyn_ak_Abbey.dyn_ak_Abbey.dyn_ak_Abbey
		dyn_ak_Abdul.dyn_ak_Abdul.dyn_ak_Abdul.dyn_ak_Abdul
		dyn_ak_Abeasi.dyn_ak_Abeasi.dyn_ak_Abeasi.dyn_ak_Abeasi
		dyn_ak_Aboagye.dyn_ak_Aboagye.dyn_ak_Aboagye.dyn_ak_Aboagye
		dyn_ak_Acheampong.dyn_ak_Acheampong.dyn_ak_Acheampong.dyn_ak_Acheampong
		dyn_ak_Ackah.dyn_ak_Ackah.dyn_ak_Ackah.dyn_ak_Ackah
		dyn_ak_Acquah.dyn_ak_Acquah.dyn_ak_Acquah.dyn_ak_Acquah
		dyn_ak_Adam.dyn_ak_Adam.dyn_ak_Adam.dyn_ak_Adam
		dyn_ak_Adane.dyn_ak_Adane.dyn_ak_Adane.dyn_ak_Adane
		dyn_ak_Addae.dyn_ak_Addae.dyn_ak_Addae.dyn_ak_Addae
		dyn_ak_Addai.dyn_ak_Addai.dyn_ak_Addai.dyn_ak_Addai
		dyn_ak_Addo.dyn_ak_Addo.dyn_ak_Addo.dyn_ak_Addo
		dyn_ak_Addy.dyn_ak_Addy.dyn_ak_Addy.dyn_ak_Addy
		dyn_ak_Adjei.dyn_ak_Adjei.dyn_ak_Adjei.dyn_ak_Adjei
		dyn_ak_Adjetey.dyn_ak_Adjetey.dyn_ak_Adjetey.dyn_ak_Adjetey
		dyn_ak_Ado.dyn_ak_Ado.dyn_ak_Ado.dyn_ak_Ado
		dyn_ak_Adomako.dyn_ak_Adomako.dyn_ak_Adomako.dyn_ak_Adomako
		dyn_ak_Adu.dyn_ak_Adu.dyn_ak_Adu.dyn_ak_Adu
		dyn_ak_Aduamah.dyn_ak_Aduamah.dyn_ak_Aduamah.dyn_ak_Aduamah
		dyn_ak_Adumensa.dyn_ak_Adumensa.dyn_ak_Adumensa.dyn_ak_Adumensa
		dyn_ak_Adusei.dyn_ak_Adusei.dyn_ak_Adusei.dyn_ak_Adusei
		dyn_ak_Adwowa-Inkabi.dyn_ak_Adwowa-Inkabi.dyn_ak_Adwowa-Inkabi.dyn_ak_Adwowa-Inkabi
		dyn_ak_Afenynu.dyn_ak_Afenynu.dyn_ak_Afenynu.dyn_ak_Afenynu
		dyn_ak_Afful.dyn_ak_Afful.dyn_ak_Afful.dyn_ak_Afful
		dyn_ak_Afrani.dyn_ak_Afrani.dyn_ak_Afrani.dyn_ak_Afrani
		dyn_ak_Afrifa.dyn_ak_Afrifa.dyn_ak_Afrifa.dyn_ak_Afrifa
		dyn_ak_Afriyie.dyn_ak_Afriyie.dyn_ak_Afriyie.dyn_ak_Afriyie
		dyn_ak_Agbemabiase.dyn_ak_Agbemabiase.dyn_ak_Agbemabiase.dyn_ak_Agbemabiase
		dyn_ak_Aggrey.dyn_ak_Aggrey.dyn_ak_Aggrey.dyn_ak_Aggrey
		dyn_ak_Agyapong.dyn_ak_Agyapong.dyn_ak_Agyapong.dyn_ak_Agyapong
		dyn_ak_Agyei.dyn_ak_Agyei.dyn_ak_Agyei.dyn_ak_Agyei
		dyn_ak_Agyekum.dyn_ak_Agyekum.dyn_ak_Agyekum.dyn_ak_Agyekum
		dyn_ak_Agyeman.dyn_ak_Agyeman.dyn_ak_Agyeman.dyn_ak_Agyeman
		dyn_ak_Agyemang.dyn_ak_Agyemang.dyn_ak_Agyemang.dyn_ak_Agyemang
		dyn_ak_Ahwoi.dyn_ak_Ahwoi.dyn_ak_Ahwoi.dyn_ak_Ahwoi
		dyn_ak_Aidoo.dyn_ak_Aidoo.dyn_ak_Aidoo.dyn_ak_Aidoo
		dyn_ak_Ak-Amenya.dyn_ak_Ak-Amenya.dyn_ak_Ak-Amenya.dyn_ak_Ak-Amenya
		dyn_ak_Akoto.dyn_ak_Akoto.dyn_ak_Akoto.dyn_ak_Akoto
		dyn_ak_Akrobettoe.dyn_ak_Akrobettoe.dyn_ak_Akrobettoe.dyn_ak_Akrobettoe
		dyn_ak_Akuffo.dyn_ak_Akuffo.dyn_ak_Akuffo.dyn_ak_Akuffo
		dyn_ak_Alhassan.dyn_ak_Alhassan.dyn_ak_Alhassan.dyn_ak_Alhassan
		dyn_ak_Allotey.dyn_ak_Allotey.dyn_ak_Allotey.dyn_ak_Allotey
		dyn_ak_Amankwah.dyn_ak_Amankwah.dyn_ak_Amankwah.dyn_ak_Amankwah
		dyn_ak_Amartey.dyn_ak_Amartey.dyn_ak_Amartey.dyn_ak_Amartey
		dyn_ak_Amihere.dyn_ak_Amihere.dyn_ak_Amihere.dyn_ak_Amihere
		dyn_ak_Amissah.dyn_ak_Amissah.dyn_ak_Amissah.dyn_ak_Amissah
		dyn_ak_Ammah.dyn_ak_Ammah.dyn_ak_Ammah.dyn_ak_Ammah
		dyn_ak_Amoah.dyn_ak_Amoah.dyn_ak_Amoah.dyn_ak_Amoah
		dyn_ak_Amoako.dyn_ak_Amoako.dyn_ak_Amoako.dyn_ak_Amoako
		dyn_ak_Amodako.dyn_ak_Amodako.dyn_ak_Amodako.dyn_ak_Amodako
		dyn_ak_Ampofo.dyn_ak_Ampofo.dyn_ak_Ampofo.dyn_ak_Ampofo
		dyn_ak_Amponsah.dyn_ak_Amponsah.dyn_ak_Amponsah.dyn_ak_Amponsah
		dyn_ak_Anane.dyn_ak_Anane.dyn_ak_Anane.dyn_ak_Anane
		dyn_ak_Andoh.dyn_ak_Andoh.dyn_ak_Andoh.dyn_ak_Andoh
		dyn_ak_Anim.dyn_ak_Anim.dyn_ak_Anim.dyn_ak_Anim
		dyn_ak_Ankomah.dyn_ak_Ankomah.dyn_ak_Ankomah.dyn_ak_Ankomah
		dyn_ak_Ankrah.dyn_ak_Ankrah.dyn_ak_Ankrah.dyn_ak_Ankrah
		dyn_ak_Annan.dyn_ak_Annan.dyn_ak_Annan.dyn_ak_Annan
		dyn_ak_Annor.dyn_ak_Annor.dyn_ak_Annor.dyn_ak_Annor
		dyn_ak_Ansah.dyn_ak_Ansah.dyn_ak_Ansah.dyn_ak_Ansah
		dyn_ak_Ansong.dyn_ak_Ansong.dyn_ak_Ansong.dyn_ak_Ansong
		dyn_ak_Antwi.dyn_ak_Antwi.dyn_ak_Antwi.dyn_ak_Antwi
		dyn_ak_Appiah.dyn_ak_Appiah.dyn_ak_Appiah.dyn_ak_Appiah
		dyn_ak_Arhin.dyn_ak_Arhin.dyn_ak_Arhin.dyn_ak_Arhin
		dyn_ak_Arkaah.dyn_ak_Arkaah.dyn_ak_Arkaah.dyn_ak_Arkaah
		dyn_ak_Armah.dyn_ak_Armah.dyn_ak_Armah.dyn_ak_Armah
		dyn_ak_Arthur.dyn_ak_Arthur.dyn_ak_Arthur.dyn_ak_Arthur
		dyn_ak_Aryee.dyn_ak_Aryee.dyn_ak_Aryee.dyn_ak_Aryee
		dyn_ak_Asamoah.dyn_ak_Asamoah.dyn_ak_Asamoah.dyn_ak_Asamoah
		dyn_ak_Asante.dyn_ak_Asante.dyn_ak_Asante.dyn_ak_Asante
		dyn_ak_Asare.dyn_ak_Asare.dyn_ak_Asare.dyn_ak_Asare
		dyn_ak_Asiamah.dyn_ak_Asiamah.dyn_ak_Asiamah.dyn_ak_Asiamah
		dyn_ak_Asiedu.dyn_ak_Asiedu.dyn_ak_Asiedu.dyn_ak_Asiedu
		dyn_ak_Asomaning.dyn_ak_Asomaning.dyn_ak_Asomaning.dyn_ak_Asomaning
		dyn_ak_Assiful.dyn_ak_Assiful.dyn_ak_Assiful.dyn_ak_Assiful
		dyn_ak_Atta.dyn_ak_Atta.dyn_ak_Atta.dyn_ak_Atta
		dyn_ak_Awoonor.dyn_ak_Awoonor.dyn_ak_Awoonor.dyn_ak_Awoonor
		dyn_ak_Awuah.dyn_ak_Awuah.dyn_ak_Awuah.dyn_ak_Awuah
		dyn_ak_Awuku.dyn_ak_Awuku.dyn_ak_Awuku.dyn_ak_Awuku
		dyn_ak_Ayensu.dyn_ak_Ayensu.dyn_ak_Ayensu.dyn_ak_Ayensu
		dyn_ak_Ayitteh.dyn_ak_Ayitteh.dyn_ak_Ayitteh.dyn_ak_Ayitteh
		dyn_ak_Baah.dyn_ak_Baah.dyn_ak_Baah.dyn_ak_Baah
		dyn_ak_Badu.dyn_ak_Badu.dyn_ak_Badu.dyn_ak_Badu
		dyn_ak_Baffoe.dyn_ak_Baffoe.dyn_ak_Baffoe.dyn_ak_Baffoe
		dyn_ak_Baffour.dyn_ak_Baffour.dyn_ak_Baffour.dyn_ak_Baffour
		dyn_ak_Baiden.dyn_ak_Baiden.dyn_ak_Baiden.dyn_ak_Baiden
		dyn_ak_Baidoo.dyn_ak_Baidoo.dyn_ak_Baidoo.dyn_ak_Baidoo
		dyn_ak_Bediako.dyn_ak_Bediako.dyn_ak_Bediako.dyn_ak_Bediako
		dyn_ak_Biney.dyn_ak_Biney.dyn_ak_Biney.dyn_ak_Biney
		dyn_ak_Biritwum.dyn_ak_Biritwum.dyn_ak_Biritwum.dyn_ak_Biritwum
		dyn_ak_Blankson.dyn_ak_Blankson.dyn_ak_Blankson.dyn_ak_Blankson
		dyn_ak_Boadi.dyn_ak_Boadi.dyn_ak_Boadi.dyn_ak_Boadi
		dyn_ak_Boadu.dyn_ak_Boadu.dyn_ak_Boadu.dyn_ak_Boadu
		dyn_ak_Boafo.dyn_ak_Boafo.dyn_ak_Boafo.dyn_ak_Boafo
		dyn_ak_Boakye.dyn_ak_Boakye.dyn_ak_Boakye.dyn_ak_Boakye
		dyn_ak_Boamah.dyn_ak_Boamah.dyn_ak_Boamah.dyn_ak_Boamah
		dyn_ak_Boateng.dyn_ak_Boateng.dyn_ak_Boateng.dyn_ak_Boateng
		dyn_ak_Bonsu.dyn_ak_Bonsu.dyn_ak_Bonsu.dyn_ak_Bonsu
		dyn_ak_Bosu.dyn_ak_Bosu.dyn_ak_Bosu.dyn_ak_Bosu
		dyn_ak_Botchway.dyn_ak_Botchway.dyn_ak_Botchway.dyn_ak_Botchway
		dyn_ak_Bright.dyn_ak_Bright.dyn_ak_Bright.dyn_ak_Bright
		dyn_ak_Busia.dyn_ak_Busia.dyn_ak_Busia.dyn_ak_Busia
		dyn_ak_Commodore.dyn_ak_Commodore.dyn_ak_Commodore.dyn_ak_Commodore
		dyn_ak_Cudjoe.dyn_ak_Cudjoe.dyn_ak_Cudjoe.dyn_ak_Cudjoe
		dyn_ak_Dadzie.dyn_ak_Dadzie.dyn_ak_Dadzie.dyn_ak_Dadzie
		dyn_ak_Damte.dyn_ak_Damte.dyn_ak_Damte.dyn_ak_Damte
		dyn_ak_Danquah.dyn_ak_Danquah.dyn_ak_Danquah.dyn_ak_Danquah
		dyn_ak_Danso.dyn_ak_Danso.dyn_ak_Danso.dyn_ak_Danso
		dyn_ak_Darko.dyn_ak_Darko.dyn_ak_Darko.dyn_ak_Darko
		dyn_ak_Debrah.dyn_ak_Debrah.dyn_ak_Debrah.dyn_ak_Debrah
		dyn_ak_Dodi.dyn_ak_Dodi.dyn_ak_Dodi.dyn_ak_Dodi
		dyn_ak_Dodoo.dyn_ak_Dodoo.dyn_ak_Dodoo.dyn_ak_Dodoo
		dyn_ak_Doe.dyn_ak_Doe.dyn_ak_Doe.dyn_ak_Doe
		dyn_ak_Dokyi.dyn_ak_Dokyi.dyn_ak_Dokyi.dyn_ak_Dokyi
		dyn_ak_Domakyaareh.dyn_ak_Domakyaareh.dyn_ak_Domakyaareh.dyn_ak_Domakyaareh
		dyn_ak_Donkoh.dyn_ak_Donkoh.dyn_ak_Donkoh.dyn_ak_Donkoh
		dyn_ak_Donkor.dyn_ak_Donkor.dyn_ak_Donkor.dyn_ak_Donkor
		dyn_ak_Douna.dyn_ak_Douna.dyn_ak_Douna.dyn_ak_Douna
		dyn_ak_Duah.dyn_ak_Duah.dyn_ak_Duah.dyn_ak_Duah
		dyn_ak_Dubango.dyn_ak_Dubango.dyn_ak_Dubango.dyn_ak_Dubango
		dyn_ak_Duku.dyn_ak_Duku.dyn_ak_Duku.dyn_ak_Duku
		dyn_ak_Ekuban.dyn_ak_Ekuban.dyn_ak_Ekuban.dyn_ak_Ekuban
		dyn_ak_Emmanuel.dyn_ak_Emmanuel.dyn_ak_Emmanuel.dyn_ak_Emmanuel
		dyn_ak_Eshun.dyn_ak_Eshun.dyn_ak_Eshun.dyn_ak_Eshun
		dyn_ak_Essel.dyn_ak_Essel.dyn_ak_Essel.dyn_ak_Essel
		dyn_ak_Essien.dyn_ak_Essien.dyn_ak_Essien.dyn_ak_Essien
		dyn_ak_Fiadzomor.dyn_ak_Fiadzomor.dyn_ak_Fiadzomor.dyn_ak_Fiadzomor
		dyn_ak_Forson.dyn_ak_Forson.dyn_ak_Forson.dyn_ak_Forson
		dyn_ak_Fosu.dyn_ak_Fosu.dyn_ak_Fosu.dyn_ak_Fosu
		dyn_ak_Frempong.dyn_ak_Frempong.dyn_ak_Frempong.dyn_ak_Frempong
		dyn_ak_Frimpong.dyn_ak_Frimpong.dyn_ak_Frimpong.dyn_ak_Frimpong
		dyn_ak_Futa.dyn_ak_Futa.dyn_ak_Futa.dyn_ak_Futa
		dyn_ak_Gbedema.dyn_ak_Gbedema.dyn_ak_Gbedema.dyn_ak_Gbedema
		dyn_ak_Guma.dyn_ak_Guma.dyn_ak_Guma.dyn_ak_Guma
		dyn_ak_Gyamfi.dyn_ak_Gyamfi.dyn_ak_Gyamfi.dyn_ak_Gyamfi
		dyn_ak_Gyampoh.dyn_ak_Gyampoh.dyn_ak_Gyampoh.dyn_ak_Gyampoh
		dyn_ak_Gyan.dyn_ak_Gyan.dyn_ak_Gyan.dyn_ak_Gyan
		dyn_ak_Gyasi.dyn_ak_Gyasi.dyn_ak_Gyasi.dyn_ak_Gyasi
		dyn_ak_Gyekye.dyn_ak_Gyekye.dyn_ak_Gyekye.dyn_ak_Gyekye
		dyn_ak_Gyepi.dyn_ak_Gyepi.dyn_ak_Gyepi.dyn_ak_Gyepi
		dyn_ak_Gyimah.dyn_ak_Gyimah.dyn_ak_Gyimah.dyn_ak_Gyimah
		dyn_ak_Hamidou.dyn_ak_Hamidou.dyn_ak_Hamidou.dyn_ak_Hamidou
		dyn_ak_Iddrisu.dyn_ak_Iddrisu.dyn_ak_Iddrisu.dyn_ak_Iddrisu
		dyn_ak_Ibrahim.dyn_ak_Ibrahim.dyn_ak_Ibrahim.dyn_ak_Ibrahim
		dyn_ak_Issah.dyn_ak_Issah.dyn_ak_Issah.dyn_ak_Issah
		dyn_ak_Kalitsi.dyn_ak_Kalitsi.dyn_ak_Kalitsi.dyn_ak_Kalitsi
		dyn_ak_Klemesu.dyn_ak_Klemesu.dyn_ak_Klemesu.dyn_ak_Klemesu
		dyn_ak_Kofi.dyn_ak_Kofi.dyn_ak_Kofi.dyn_ak_Kofi
		dyn_ak_Konadu.dyn_ak_Konadu.dyn_ak_Konadu.dyn_ak_Konadu
		dyn_ak_Koomson.dyn_ak_Koomson.dyn_ak_Koomson.dyn_ak_Koomson
		dyn_ak_Koran.dyn_ak_Koran.dyn_ak_Koran.dyn_ak_Koran
		dyn_ak_Koranteng.dyn_ak_Koranteng.dyn_ak_Koranteng.dyn_ak_Koranteng
		dyn_ak_Kotei.dyn_ak_Kotei.dyn_ak_Kotei.dyn_ak_Kotei
		dyn_ak_Kpakpa.dyn_ak_Kpakpa.dyn_ak_Kpakpa.dyn_ak_Kpakpa
		dyn_ak_Krote.dyn_ak_Krote.dyn_ak_Krote.dyn_ak_Krote
		dyn_ak_Kufuor.dyn_ak_Kufuor.dyn_ak_Kufuor.dyn_ak_Kufuor
		dyn_ak_Kuma.dyn_ak_Kuma.dyn_ak_Kuma.dyn_ak_Kuma
		dyn_ak_Kumah.dyn_ak_Kumah.dyn_ak_Kumah.dyn_ak_Kumah
		dyn_ak_Kumi.dyn_ak_Kumi.dyn_ak_Kumi.dyn_ak_Kumi
		dyn_ak_Kusi.dyn_ak_Kusi.dyn_ak_Kusi.dyn_ak_Kusi
		dyn_ak_Kwaku.dyn_ak_Kwaku.dyn_ak_Kwaku.dyn_ak_Kwaku
		dyn_ak_Kwakwa.dyn_ak_Kwakwa.dyn_ak_Kwakwa.dyn_ak_Kwakwa
		dyn_ak_Kwakye.dyn_ak_Kwakye.dyn_ak_Kwakye.dyn_ak_Kwakye
		dyn_ak_Kwame.dyn_ak_Kwame.dyn_ak_Kwame.dyn_ak_Kwame
		dyn_ak_Kwarteng.dyn_ak_Kwarteng.dyn_ak_Kwarteng.dyn_ak_Kwarteng
		dyn_ak_Kwei.dyn_ak_Kwei.dyn_ak_Kwei.dyn_ak_Kwei
		dyn_ak_Kwofie.dyn_ak_Kwofie.dyn_ak_Kwofie.dyn_ak_Kwofie
		dyn_ak_Kyei.dyn_ak_Kyei.dyn_ak_Kyei.dyn_ak_Kyei
		dyn_ak_Lalai.dyn_ak_Lalai.dyn_ak_Lalai.dyn_ak_Lalai
		dyn_ak_Lamptey.dyn_ak_Lamptey.dyn_ak_Lamptey.dyn_ak_Lamptey
		dyn_ak_Larbi.dyn_ak_Larbi.dyn_ak_Larbi.dyn_ak_Larbi
		dyn_ak_Lartey.dyn_ak_Lartey.dyn_ak_Lartey.dyn_ak_Lartey
		dyn_ak_Laryea.dyn_ak_Laryea.dyn_ak_Laryea.dyn_ak_Laryea
		dyn_ak_Lokko.dyn_ak_Lokko.dyn_ak_Lokko.dyn_ak_Lokko
		dyn_ak_Love.dyn_ak_Love.dyn_ak_Love.dyn_ak_Love
		dyn_ak_Mahama.dyn_ak_Mahama.dyn_ak_Mahama.dyn_ak_Mahama
		dyn_ak_Mante.dyn_ak_Mante.dyn_ak_Mante.dyn_ak_Mante
		dyn_ak_Manu.dyn_ak_Manu.dyn_ak_Manu.dyn_ak_Manu
		dyn_ak_Marfo.dyn_ak_Marfo.dyn_ak_Marfo.dyn_ak_Marfo
		dyn_ak_Martey.dyn_ak_Martey.dyn_ak_Martey.dyn_ak_Martey
		dyn_ak_Mbroh.dyn_ak_Mbroh.dyn_ak_Mbroh.dyn_ak_Mbroh
		dyn_ak_Mensah.dyn_ak_Mensah.dyn_ak_Mensah.dyn_ak_Mensah
		dyn_ak_Mohammed.dyn_ak_Mohammed.dyn_ak_Mohammed.dyn_ak_Mohammed
		dyn_ak_Musah.dyn_ak_Musah.dyn_ak_Musah.dyn_ak_Musah
		dyn_ak_Nana.dyn_ak_Nana.dyn_ak_Nana.dyn_ak_Nana
		dyn_ak_Narh.dyn_ak_Narh.dyn_ak_Narh.dyn_ak_Narh
		dyn_ak_Nartey.dyn_ak_Nartey.dyn_ak_Nartey.dyn_ak_Nartey
		dyn_ak_Nii.dyn_ak_Nii.dyn_ak_Nii.dyn_ak_Nii
		dyn_ak_Nikoi.dyn_ak_Nikoi.dyn_ak_Nikoi.dyn_ak_Nikoi
		dyn_ak_Nkansah.dyn_ak_Nkansah.dyn_ak_Nkansah.dyn_ak_Nkansah
		dyn_ak_Nkrumah.dyn_ak_Nkrumah.dyn_ak_Nkrumah.dyn_ak_Nkrumah
		dyn_ak_Nortey.dyn_ak_Nortey.dyn_ak_Nortey.dyn_ak_Nortey
		dyn_ak_Nsiah.dyn_ak_Nsiah.dyn_ak_Nsiah.dyn_ak_Nsiah
		dyn_ak_Ntim.dyn_ak_Ntim.dyn_ak_Ntim.dyn_ak_Ntim
		dyn_ak_Nuako.dyn_ak_Nuako.dyn_ak_Nuako.dyn_ak_Nuako
		dyn_ak_Nunoo.dyn_ak_Nunoo.dyn_ak_Nunoo.dyn_ak_Nunoo
		dyn_ak_Nyarko.dyn_ak_Nyarko.dyn_ak_Nyarko.dyn_ak_Nyarko
		dyn_ak_Obeng.dyn_ak_Obeng.dyn_ak_Obeng.dyn_ak_Obeng
		dyn_ak_Ocansey.dyn_ak_Ocansey.dyn_ak_Ocansey.dyn_ak_Ocansey
		dyn_ak_Ocran.dyn_ak_Ocran.dyn_ak_Ocran.dyn_ak_Ocran
		dyn_ak_Odoom.dyn_ak_Odoom.dyn_ak_Odoom.dyn_ak_Odoom
		dyn_ak_Oduro.dyn_ak_Oduro.dyn_ak_Oduro.dyn_ak_Oduro
		dyn_ak_Ofedie.dyn_ak_Ofedie.dyn_ak_Ofedie.dyn_ak_Ofedie
		dyn_ak_Offei.dyn_ak_Offei.dyn_ak_Offei.dyn_ak_Offei
		dyn_ak_Offrata.dyn_ak_Offrata.dyn_ak_Offrata.dyn_ak_Offrata
		dyn_ak_Ofori.dyn_ak_Ofori.dyn_ak_Ofori.dyn_ak_Ofori
		dyn_ak_Ofosu.dyn_ak_Ofosu.dyn_ak_Ofosu.dyn_ak_Ofosu
		dyn_ak_Ohene.dyn_ak_Ohene.dyn_ak_Ohene.dyn_ak_Ohene
		dyn_ak_Okai.dyn_ak_Okai.dyn_ak_Okai.dyn_ak_Okai
		dyn_ak_Okaija.dyn_ak_Okaija.dyn_ak_Okaija.dyn_ak_Okaija
		dyn_ak_Okine.dyn_ak_Okine.dyn_ak_Okine.dyn_ak_Okine
		dyn_ak_Okyere.dyn_ak_Okyere.dyn_ak_Okyere.dyn_ak_Okyere
		dyn_ak_Omaboe.dyn_ak_Omaboe.dyn_ak_Omaboe.dyn_ak_Omaboe
		dyn_ak_Opare.dyn_ak_Opare.dyn_ak_Opare.dyn_ak_Opare
		dyn_ak_Opoku.dyn_ak_Opoku.dyn_ak_Opoku.dyn_ak_Opoku
		dyn_ak_Opong.dyn_ak_Opong.dyn_ak_Opong.dyn_ak_Opong
		dyn_ak_Oppong.dyn_ak_Oppong.dyn_ak_Oppong.dyn_ak_Oppong
		dyn_ak_Osae.dyn_ak_Osae.dyn_ak_Osae.dyn_ak_Osae
		dyn_ak_Osei.dyn_ak_Osei.dyn_ak_Osei.dyn_ak_Osei
		dyn_ak_Otchere.dyn_ak_Otchere.dyn_ak_Otchere.dyn_ak_Otchere
		dyn_ak_Otoo.dyn_ak_Otoo.dyn_ak_Otoo.dyn_ak_Otoo
		dyn_ak_Owusu.dyn_ak_Owusu.dyn_ak_Owusu.dyn_ak_Owusu
		dyn_ak_Papa.dyn_ak_Papa.dyn_ak_Papa.dyn_ak_Papa
		dyn_ak_Papafio.dyn_ak_Papafio.dyn_ak_Papafio.dyn_ak_Papafio
		dyn_ak_Peprah.dyn_ak_Peprah.dyn_ak_Peprah.dyn_ak_Peprah
		dyn_ak_Poku.dyn_ak_Poku.dyn_ak_Poku.dyn_ak_Poku
		dyn_ak_Quaicoe.dyn_ak_Quaicoe.dyn_ak_Quaicoe.dyn_ak_Quaicoe
		dyn_ak_Quansah.dyn_ak_Quansah.dyn_ak_Quansah.dyn_ak_Quansah
		dyn_ak_Quarshie.dyn_ak_Quarshie.dyn_ak_Quarshie.dyn_ak_Quarshie
		dyn_ak_Quartey.dyn_ak_Quartey.dyn_ak_Quartey.dyn_ak_Quartey
		dyn_ak_Quatey.dyn_ak_Quatey.dyn_ak_Quatey.dyn_ak_Quatey
		dyn_ak_Quaye.dyn_ak_Quaye.dyn_ak_Quaye.dyn_ak_Quaye
		dyn_ak_Sabah.dyn_ak_Sabah.dyn_ak_Sabah.dyn_ak_Sabah
		dyn_ak_Sackey.dyn_ak_Sackey.dyn_ak_Sackey.dyn_ak_Sackey
		dyn_ak_Sadami.dyn_ak_Sadami.dyn_ak_Sadami.dyn_ak_Sadami
		dyn_ak_Sakyi.dyn_ak_Sakyi.dyn_ak_Sakyi.dyn_ak_Sakyi
		dyn_ak_Salia.dyn_ak_Salia.dyn_ak_Salia.dyn_ak_Salia
		dyn_ak_Salifu.dyn_ak_Salifu.dyn_ak_Salifu.dyn_ak_Salifu
		dyn_ak_Sam.dyn_ak_Sam.dyn_ak_Sam.dyn_ak_Sam
		dyn_ak_Sarfo.dyn_ak_Sarfo.dyn_ak_Sarfo.dyn_ak_Sarfo
		dyn_ak_Sarpong.dyn_ak_Sarpong.dyn_ak_Sarpong.dyn_ak_Sarpong
		dyn_ak_Seidu.dyn_ak_Seidu.dyn_ak_Seidu.dyn_ak_Seidu
		dyn_ak_Sekyi.dyn_ak_Sekyi.dyn_ak_Sekyi.dyn_ak_Sekyi
		dyn_ak_Sembene.dyn_ak_Sembene.dyn_ak_Sembene.dyn_ak_Sembene
		dyn_ak_Solomon.dyn_ak_Solomon.dyn_ak_Solomon.dyn_ak_Solomon
		dyn_ak_Sowah.dyn_ak_Sowah.dyn_ak_Sowah.dyn_ak_Sowah
		dyn_ak_Tagoe.dyn_ak_Tagoe.dyn_ak_Tagoe.dyn_ak_Tagoe
		dyn_ak_Takyi.dyn_ak_Takyi.dyn_ak_Takyi.dyn_ak_Takyi
		dyn_ak_Tamakloe.dyn_ak_Tamakloe.dyn_ak_Tamakloe.dyn_ak_Tamakloe
		dyn_ak_Tawiah.dyn_ak_Tawiah.dyn_ak_Tawiah.dyn_ak_Tawiah
		dyn_ak_Tetteh.dyn_ak_Tetteh.dyn_ak_Tetteh.dyn_ak_Tetteh
		dyn_ak_Tettey.dyn_ak_Tettey.dyn_ak_Tettey.dyn_ak_Tettey
		dyn_ak_Teye.dyn_ak_Teye.dyn_ak_Teye.dyn_ak_Teye
		dyn_ak_Tsegah.dyn_ak_Tsegah.dyn_ak_Tsegah.dyn_ak_Tsegah
		dyn_ak_Tuffuor.dyn_ak_Tuffuor.dyn_ak_Tuffuor.dyn_ak_Tuffuor
		dyn_ak_Twum.dyn_ak_Twum.dyn_ak_Twum.dyn_ak_Twum
		dyn_ak_Twumasi.dyn_ak_Twumasi.dyn_ak_Twumasi.dyn_ak_Twumasi
		dyn_ak_Vigbedor.dyn_ak_Vigbedor.dyn_ak_Vigbedor.dyn_ak_Vigbedor
		dyn_ak_Wiredu.dyn_ak_Wiredu.dyn_ak_Wiredu.dyn_ak_Wiredu
		dyn_ak_Wontumi.dyn_ak_Wontumi.dyn_ak_Wontumi.dyn_ak_Wontumi
		dyn_ak_Yakubu.dyn_ak_Yakubu.dyn_ak_Yakubu.dyn_ak_Yakubu
		dyn_ak_Yamoah.dyn_ak_Yamoah.dyn_ak_Yamoah.dyn_ak_Yamoah
		dyn_ak_Yankah.dyn_ak_Yankah.dyn_ak_Yankah.dyn_ak_Yankah
		dyn_ak_Yankey.dyn_ak_Yankey.dyn_ak_Yankey.dyn_ak_Yankey
		dyn_ak_Yaote.dyn_ak_Yaote.dyn_ak_Yaote.dyn_ak_Yaote
		dyn_ak_Yaw.dyn_ak_Yaw.dyn_ak_Yaw.dyn_ak_Yaw
		dyn_ak_Yeboa.dyn_ak_Yeboa.dyn_ak_Yeboa.dyn_ak_Yeboa
		dyn_ak_Yeboah.dyn_ak_Yeboah.dyn_ak_Yeboah.dyn_ak_Yeboah
		dyn_ak_Yussif.dyn_ak_Yussif.dyn_ak_Yussif.dyn_ak_Yussif
		dyn_ak_Zakari.dyn_ak_Zakari.dyn_ak_Zakari.dyn_ak_Zakari
	}

	culture = {
		akan = {}
		anyin = {}
		baoule = {}
		chakosi = {}
		sefwi = {}
		nzema = {}
		ahanta = {}
		gwira = {}
	}
	
	barbarian_names = { AKAN }
	
	graphical_culture = muslim_african_1815_gfx
	
	ethnicities = {
		10 = ethiopian
	}	
}