angloamerican = {
	color = hsv { 0.2  0.25  0.5 }

    levy_template = levy_conscripts

    primary = conscripts
    secondary = conscripts
    flank = conscripts

    primary_navy = tetrere
    secondary_navy = octere
    flank_navy = liburnian
     male_names = {
		en_Aaron en_Abel en_Adam en_Adger en_Adrian en_Alan en_Albert en_Albon en_Alec
		en_Alfred en_Alistair en_Alvin en_Ambrose en_Amias en_Amyas en_Andrew en_Anselm
		en_Anthony en_Antony en_Arthur en_Aubrey en_Augustine en_Aylmer en_Baden
		en_Badgett en_Bardulph en_Barnaby en_Bartholomew en_Barton en_Basil en_Ben
		en_Benedict en_Benjamin en_Bernard en_Bert en_Blair en_Boniface en_Braden en_Bradley
		en_Bruno en_Casper en_Cecil en_Cedric en_Charles en_Chester en_Christian
		en_Christopher en_Clarence en_Claude en_Clement en_Cleve en_Clifford en_Clive
		en_Colin en_Crispin en_Curtis en_Cyril en_Dalton en_Damian en_Daniel en_D_Arcy
		en_Darren en_David en_Denis en_Derek en_Dermot en_Dermott en_Desmond en_Dickie
		en_Donald en_Douglas en_Dudley en_Duke en_Earl en_Edmund en_Edward en_Edwin
		en_Ellery en_Elton en_Emmett en_Eric en_Ernest en_Essex en_Ethan en_Ethelred
		en_Eugene en_Everard en_Fabian en_Felix en_Florian en_Francis en_Frank en_Frederick
		en_Gareth en_Garret en_Gary en_Gavin en_Geoffrey en_George en_Gerald en_Gerard
		en_Giles en_Glanard en_Godfrey en_Gordon en_Graham en_Gregory en_Grimbald en_Guy
		en_Hadrian en_Hampton en_Harold en_Harry en_Harvey en_Henry en_Herbert en_Hiram
		en_Howard en_Hubert en_Hugh en_Hugo en_Humphrey en_Ian en_Ignatius en_Irving
		en_Ivor en_Jack en_James en_Jasper en_Jennings en_Jeremy en_Jeren en_Jesse en_Joab
		en_John en_Jonathan en_Joseph en_Joshua en_Julian en_Keith en_Kenneth en_Kit
		en_Lambert en_Latimer en_Laurence en_Lawrence en_L-bert en_Lee en_Leonard
		en_Leopold en_Leslie en_Lester en_Levill en_Lewis en_Liam en_Linus en_Lionel en_Lloyd
		en_L-nard en_Lucas en_Lucian en_L-vin en_Mark en_Mat en_Matt en_Marmaduke
		en_Martin en_Matthew en_Maurice en_Maximillian en_Maxwell en_Melton en_Melville
		en_Mervyn en_Michael en_Mickey en_Miles en_Milton en_Mortimer en_Myles en_Nathan
		en_Neil en_Neville en_Nicholas en_Nigel en_Nobby en_Noel en_Norman en_Norvelle
		en_Norville en_Nyles en_Oliver en_Oscar en_Oswald en_Owen en_Page en_Paige
		en_Patrick en_Paul en_Pelham en_Percival en_Percy en_Peregrine en_Peter en_Philip
		en_Pip en_Quantrill en_Quentin en_Quintin en_Raleigh en_Ralph en_Randolph
		en_Raymond en_Redevers en_Redvers en_Reginald en_Rex en_Richard en_Robert
		en_Robin en_Roger en_Roland en_Rolf en_Rollo en_Ronald en_Rowan en_Rowland en_Roy
		en_Rupert en_Russell en_Samuel en_Sebastian en_Shaun en_Sidney en_Sigismund
		en_Simon en_Stanley en_Stephen en_Stockton en_Stockwell en_Sylvester en_Tarquin
		en_Terence en_Terry en_Thaddeus en_Theodore en_Theophilus en_Thomas en_Thorpe
		en_Timothy en_Tobias en_Trevor en_Tristan en_Urban en_Uriah en_Uvedale en_Valentine
		en_Victor en_Vincent en_Vivian en_Walter en_Wayne en_Wilfred en_Willard en_William
		en_Winford en_Winston en_Wulfram en_Wulpher en_Yancy en_Zachary
	}
	
	female_names = {
		en_Abbie en_Abby en_Abigail en_Ada en_Adelaide en_Adele en_Adeline en_Agatha
		en_Agnes en_Ainsley en_Alberta en_Alda en_Aletha en_Alexandra en_Alexandria en_Alice
		en_Alodie en_Althea en_Alyssa en_Amanda en_Amelia en_Amy en_Anastasia en_Andrea
		en_Angela en_Ann en_Anna en_Anne en_Araminta en_Arden en_Arlen en_Aubree
		en_Aubrey en_Audra en_Audrey en_Ava en_Avena en_Avery en_Barbara en_Beatrice
		en_Beatrix en_Bernadette en_Bertha en_Beryl en_Binny en_Bliss en_Bonnie en_Bridget
		en_Brilliana en_Britannia en_Brittany en_Bronwyn en_Brooke en_Caitlin en_Camilla
		en_Carlene en_Carly en_Carol en_Caroline en_Carolyn en_Cassidy en_Catherine en_Cecily
		en_Celestine en_Chantelle en_Charlotte en_Chloe en_Christine en_Cicely en_Cinderella
		en_Claire en_Clara en_Clare en_Clarissa en_Clemency en_Clementine en_Constance
		en_Courtney en_Crispina en_Cynthia en_Dahlia en_Daisy en_Dana en_Danna en_Daphne
		en_Darla en_Davina en_Della en_Delsie en_Diana en_Doreen en_Doris en_Dorothy
		en_Edith en_Edna en_Edwina en_Eglantine en_Elda en_Eliza en_Elizabeth en_Ella en_Ellen
		en_Ellery en_Elsie en_Emeline en_Emery en_Emily en_Emma en_Ernestine en_Essie
		en_Estella en_Ethel en_Eugenie en_Eva en_Eve en_Eveline en_Evelyn en_Faith en_Felicity
		en_Fiona en_Flora en_Florence en_Frances en_Friday en_Gemma en_Georgia en_Georgina
		en_Geraldine en_Gillian en_Gladys en_Gloria en_Gloriana en_Grace en_Hailey en_Hannah
		en_Harriet en_Helen en_Henrietta en_Hereswith en_Hester en_Honor en_Hyacinth en_Ida
		en_Imogen en_Iona en_Irene en_Isabelle en_Jacqueline en_Jacquetta en_Jane en_Janet
		en_Janice en_Jasmine en_Jazmyn en_Jean en_Jemima en_Jemma en_Jenny en_Jennelyn
		en_Jessamine en_Jessamy en_Jessamyn en_Jessica en_Joan en_Joanna en_Jocelyn
		en_Jodie en_Johanna en_Jolene en_Joselyn en_Josephine en_Judith en_Julia en_Julie
		en_June en_Kailey en_Karen en_Kate en_Kelly en_Kelsey en_Kendall en_Kerry en_Kirsty
		en_Laura en_Lauren en_Lauryn en_Lavinia en_Leah en_Leanne en_Lena en_Leslie en_Lilian
		en_Lily en_Lindsay en_Lindsey en_Linnea en_Louisa en_Louise en_Lucia en_Lucretia
		en_Lucy en_Lydia en_Lynsey en_Margaret en_Marianne en_Marilyn en_Martha en_Mary
		en_Matilda en_Maude en_Mavis en_Maxine en_May en_Melanie en_Melody en_Mia
		en_Mildred en_Millicent en_Myra en_Nellie en_Nicola en_Nigella en_Nora en_Norma
		en_Olivia en_Ophelia en_Orpha en_Page en_Paige en_Pamela en_Patience en_Patricia
		en_Paula en_Pauline en_Petronilla en_Petula en_Peyton en_Philippa en_Phoebe en_Phyllis
		en_Pippa en_Polyxena en_Poppy en_Portia en_Posy en_Priscilla en_Radclyffe en_Rebecca
		en_Regina en_Rhoda en_Riley en_Roberta en_Rosamond en_Rose en_Rosemary en_Rowan
		en_Rowena en_Sally en_Salviann en_Samantha en_Sarah en_Sharon en_Sheila en_Shelby
		en_Sheryl en_Shirley en_Sibyl en_Skye en_Sophia en_Sophie en_Sophronia en_Susan
		en_Sybil en_Tabitha en_Teresa en_Theresa en_Thomasin en_Thomasina en_Tracey
		en_Unity en_Vanessa en_Vera en_Vicki en_Victoria en_Vinnette en_Violet en_Virginia
		en_Vivian en_Wanda en_Warburg en_Wendy en_Whitney en_Willa en_Winfred
		en_Winifred en_Zoe en_Zoey
	}
	
	family = {
		dyn_en_Smith.dyn_en_Smith.dyn_en_Smith.dyn_en_Smith
		dyn_en_Brown.dyn_en_Brown.dyn_en_Brown.dyn_en_Brown
		dyn_en_Taylor.dyn_en_Taylor.dyn_en_Taylor.dyn_en_Taylor
		dyn_en_Johnson.dyn_en_Johnson.dyn_en_Johnson.dyn_en_Johnson
		dyn_en_Wilson.dyn_en_Wilson.dyn_en_Wilson.dyn_en_Wilson
		dyn_en_White.dyn_en_White.dyn_en_White.dyn_en_White
		dyn_en_Wright.dyn_en_Wright.dyn_en_Wright.dyn_en_Wright
		dyn_en_Green.dyn_en_Green.dyn_en_Green.dyn_en_Green
		dyn_en_Hall.dyn_en_Hall.dyn_en_Hall.dyn_en_Hall
		dyn_en_Walker.dyn_en_Walker.dyn_en_Walker.dyn_en_Walker
		dyn_en_Turner.dyn_en_Turner.dyn_en_Turner.dyn_en_Turner
		dyn_en_Lewis.dyn_en_Lewis.dyn_en_Lewis.dyn_en_Lewis
		dyn_en_Garcia.dyn_en_Garcia.dyn_en_Garcia.dyn_en_Garcia
		dyn_en_Moss.dyn_en_Moss.dyn_en_Moss.dyn_en_Moss
		dyn_en_Oliver.dyn_en_Oliver.dyn_en_Oliver.dyn_en_Oliver
		dyn_en_Vanessa.dyn_en_Vanessa.dyn_en_Vanessa.dyn_en_Vanessa
		dyn_en_King.dyn_en_King.dyn_en_King.dyn_en_King
		dyn_en_Ward.dyn_en_Ward.dyn_en_Ward.dyn_en_Ward
		dyn_en_Allen.dyn_en_Allen.dyn_en_Allen.dyn_en_Allen
		dyn_en_Abbott.dyn_en_Abbott.dyn_en_Abbott.dyn_en_Abbott
		dyn_en_Adkins.dyn_en_Adkins.dyn_en_Adkins.dyn_en_Adkins
		dyn_en_Albert.dyn_en_Albert.dyn_en_Albert.dyn_en_Albert
		dyn_en_Alexander.dyn_en_Alexander.dyn_en_Alexander.dyn_en_Alexander
		dyn_en_Alford.dyn_en_Alford.dyn_en_Alford.dyn_en_Alford
		dyn_en_Alston.dyn_en_Alston.dyn_en_Alston.dyn_en_Alston
		dyn_en_Armstrong.dyn_en_Armstrong.dyn_en_Armstrong.dyn_en_Armstrong
		dyn_en_Arnold.dyn_en_Arnold.dyn_en_Arnold.dyn_en_Arnold
		dyn_en_Ashley.dyn_en_Ashley.dyn_en_Ashley.dyn_en_Ashley
		dyn_en_Atkins.dyn_en_Atkins.dyn_en_Atkins.dyn_en_Atkins
		dyn_en_Atkinson.dyn_en_Atkinson.dyn_en_Atkinson.dyn_en_Atkinson
		dyn_en_Austin.dyn_en_Austin.dyn_en_Austin.dyn_en_Austin
		dyn_en_Avery.dyn_en_Avery.dyn_en_Avery.dyn_en_Avery
		dyn_en_Ayers.dyn_en_Ayers.dyn_en_Ayers.dyn_en_Ayers
		dyn_en_Bailey.dyn_en_Bailey.dyn_en_Bailey.dyn_en_Bailey
		dyn_en_Baldwin.dyn_en_Baldwin.dyn_en_Baldwin.dyn_en_Baldwin
		dyn_en_Ball.dyn_en_Ball.dyn_en_Ball.dyn_en_Ball
		dyn_en_Ballard.dyn_en_Ballard.dyn_en_Ballard.dyn_en_Ballard
		dyn_en_Banks.dyn_en_Banks.dyn_en_Banks.dyn_en_Banks
		dyn_en_Barber.dyn_en_Barber.dyn_en_Barber.dyn_en_Barber
		dyn_en_Barker.dyn_en_Barker.dyn_en_Barker.dyn_en_Barker
		dyn_en_Barnes.dyn_en_Barnes.dyn_en_Barnes.dyn_en_Barnes
		dyn_en_Barnett.dyn_en_Barnett.dyn_en_Barnett.dyn_en_Barnett
		dyn_en_Barrett.dyn_en_Barrett.dyn_en_Barrett.dyn_en_Barrett
		dyn_en_Barron.dyn_en_Barron.dyn_en_Barron.dyn_en_Barron
		dyn_en_Bartlett.dyn_en_Bartlett.dyn_en_Bartlett.dyn_en_Bartlett
		dyn_en_Barton.dyn_en_Barton.dyn_en_Barton.dyn_en_Barton
		dyn_en_Bass.dyn_en_Bass.dyn_en_Bass.dyn_en_Bass
		dyn_en_Bates.dyn_en_Bates.dyn_en_Bates.dyn_en_Bates
		dyn_en_Battle.dyn_en_Battle.dyn_en_Battle.dyn_en_Battle
		dyn_en_Baxter.dyn_en_Baxter.dyn_en_Baxter.dyn_en_Baxter
		dyn_en_Bean.dyn_en_Bean.dyn_en_Bean.dyn_en_Bean
		dyn_en_Beard.dyn_en_Beard.dyn_en_Beard.dyn_en_Beard
		dyn_en_Beasley.dyn_en_Beasley.dyn_en_Beasley.dyn_en_Beasley
		dyn_en_Bell.dyn_en_Bell.dyn_en_Bell.dyn_en_Bell
		dyn_en_Benjamin.dyn_en_Benjamin.dyn_en_Benjamin.dyn_en_Benjamin
		dyn_en_Bennett.dyn_en_Bennett.dyn_en_Bennett.dyn_en_Bennett
		dyn_en_Benson.dyn_en_Benson.dyn_en_Benson.dyn_en_Benson
		dyn_en_Bentley.dyn_en_Bentley.dyn_en_Bentley.dyn_en_Bentley
		dyn_en_Benton.dyn_en_Benton.dyn_en_Benton.dyn_en_Benton
		dyn_en_Berry.dyn_en_Berry.dyn_en_Berry.dyn_en_Berry
		dyn_en_Best.dyn_en_Best.dyn_en_Best.dyn_en_Best
		dyn_en_Bishop.dyn_en_Bishop.dyn_en_Bishop.dyn_en_Bishop
		dyn_en_Black.dyn_en_Black.dyn_en_Black.dyn_en_Black
		dyn_en_Blackburn.dyn_en_Blackburn.dyn_en_Blackburn.dyn_en_Blackburn
		dyn_en_Blackwell.dyn_en_Blackwell.dyn_en_Blackwell.dyn_en_Blackwell
		dyn_en_Blake.dyn_en_Blake.dyn_en_Blake.dyn_en_Blake
		dyn_en_Blankenship.dyn_en_Blankenship.dyn_en_Blankenship.dyn_en_Blankenship
		dyn_en_Bond.dyn_en_Bond.dyn_en_Bond.dyn_en_Bond
		dyn_en_Booker.dyn_en_Booker.dyn_en_Booker.dyn_en_Booker
		dyn_en_Boone.dyn_en_Boone.dyn_en_Boone.dyn_en_Boone
		dyn_en_Booth.dyn_en_Booth.dyn_en_Booth.dyn_en_Booth
		dyn_en_Bowman.dyn_en_Bowman.dyn_en_Bowman.dyn_en_Bowman
		dyn_en_Boyer.dyn_en_Boyer.dyn_en_Boyer.dyn_en_Boyer
		dyn_en_Bradford.dyn_en_Bradford.dyn_en_Bradford.dyn_en_Bradford
		dyn_en_Bradley.dyn_en_Bradley.dyn_en_Bradley.dyn_en_Bradley
		dyn_en_Bradshaw.dyn_en_Bradshaw.dyn_en_Bradshaw.dyn_en_Bradshaw
		dyn_en_Branch.dyn_en_Branch.dyn_en_Branch.dyn_en_Branch
		dyn_en_Bray.dyn_en_Bray.dyn_en_Bray.dyn_en_Bray
		dyn_en_Brewer.dyn_en_Brewer.dyn_en_Brewer.dyn_en_Brewer
		dyn_en_Bridges.dyn_en_Bridges.dyn_en_Bridges.dyn_en_Bridges
		dyn_en_Bright.dyn_en_Bright.dyn_en_Bright.dyn_en_Bright
		dyn_en_Britt.dyn_en_Britt.dyn_en_Britt.dyn_en_Britt
		dyn_en_Brock.dyn_en_Brock.dyn_en_Brock.dyn_en_Brock
		dyn_en_Brooks.dyn_en_Brooks.dyn_en_Brooks.dyn_en_Brooks
		dyn_en_Browning.dyn_en_Browning.dyn_en_Browning.dyn_en_Browning
		dyn_en_Buck.dyn_en_Buck.dyn_en_Buck.dyn_en_Buck
		dyn_en_Buckley.dyn_en_Buckley.dyn_en_Buckley.dyn_en_Buckley
		dyn_en_Bullock.dyn_en_Bullock.dyn_en_Bullock.dyn_en_Bullock
		dyn_en_Burch.dyn_en_Burch.dyn_en_Burch.dyn_en_Burch
		dyn_en_Burks.dyn_en_Burks.dyn_en_Burks.dyn_en_Burks
		dyn_en_Burnett.dyn_en_Burnett.dyn_en_Burnett.dyn_en_Burnett
		dyn_en_Burns.dyn_en_Burns.dyn_en_Burns.dyn_en_Burns
		dyn_en_Burris.dyn_en_Burris.dyn_en_Burris.dyn_en_Burris
		dyn_en_Burton.dyn_en_Burton.dyn_en_Burton.dyn_en_Burton
		dyn_en_Bush.dyn_en_Bush.dyn_en_Bush.dyn_en_Bush
		dyn_en_Butler.dyn_en_Butler.dyn_en_Butler.dyn_en_Butler
		dyn_en_Byrd.dyn_en_Byrd.dyn_en_Byrd.dyn_en_Byrd
		dyn_en_Caldwell.dyn_en_Caldwell.dyn_en_Caldwell.dyn_en_Caldwell
		dyn_en_Cannon.dyn_en_Cannon.dyn_en_Cannon.dyn_en_Cannon
		dyn_en_Carpenter.dyn_en_Carpenter.dyn_en_Carpenter.dyn_en_Carpenter
		dyn_en_Carr.dyn_en_Carr.dyn_en_Carr.dyn_en_Carr
		dyn_en_Carson.dyn_en_Carson.dyn_en_Carson.dyn_en_Carson
		dyn_en_Carter.dyn_en_Carter.dyn_en_Carter.dyn_en_Carter
		dyn_en_Carver.dyn_en_Carver.dyn_en_Carver.dyn_en_Carver
		dyn_en_Case.dyn_en_Case.dyn_en_Case.dyn_en_Case
		dyn_en_Chambers.dyn_en_Chambers.dyn_en_Chambers.dyn_en_Chambers
		dyn_en_Chandler.dyn_en_Chandler.dyn_en_Chandler.dyn_en_Chandler
		dyn_en_Chapman.dyn_en_Chapman.dyn_en_Chapman.dyn_en_Chapman
		dyn_en_Charles.dyn_en_Charles.dyn_en_Charles.dyn_en_Charles
		dyn_en_Chase.dyn_en_Chase.dyn_en_Chase.dyn_en_Chase
		dyn_en_Cherry.dyn_en_Cherry.dyn_en_Cherry.dyn_en_Cherry
		dyn_en_Christian.dyn_en_Christian.dyn_en_Christian.dyn_en_Christian
		dyn_en_Church.dyn_en_Church.dyn_en_Church.dyn_en_Church
		dyn_en_Clarke.dyn_en_Clarke.dyn_en_Clarke.dyn_en_Clarke
		dyn_en_Clay.dyn_en_Clay.dyn_en_Clay.dyn_en_Clay
		dyn_en_Clayton.dyn_en_Clayton.dyn_en_Clayton.dyn_en_Clayton
		dyn_en_Cleveland.dyn_en_Cleveland.dyn_en_Cleveland.dyn_en_Cleveland
		dyn_en_Cobb.dyn_en_Cobb.dyn_en_Cobb.dyn_en_Cobb
		dyn_en_Cole.dyn_en_Cole.dyn_en_Cole.dyn_en_Cole
		dyn_en_Coleman.dyn_en_Coleman.dyn_en_Coleman.dyn_en_Coleman
		dyn_en_Collier.dyn_en_Collier.dyn_en_Collier.dyn_en_Collier
		dyn_en_Combs.dyn_en_Combs.dyn_en_Combs.dyn_en_Combs
		dyn_en_Compton.dyn_en_Compton.dyn_en_Compton.dyn_en_Compton
		dyn_en_Cook.dyn_en_Cook.dyn_en_Cook.dyn_en_Cook
		dyn_en_Cotton.dyn_en_Cotton.dyn_en_Cotton.dyn_en_Cotton
		dyn_en_Cox.dyn_en_Cox.dyn_en_Cox.dyn_en_Cox
		dyn_en_Craft.dyn_en_Craft.dyn_en_Craft.dyn_en_Craft
		dyn_en_Crane.dyn_en_Crane.dyn_en_Crane.dyn_en_Crane
		dyn_en_Crosby.dyn_en_Crosby.dyn_en_Crosby.dyn_en_Crosby
		dyn_en_Cross.dyn_en_Cross.dyn_en_Cross.dyn_en_Cross
		dyn_en_Curtis.dyn_en_Curtis.dyn_en_Curtis.dyn_en_Curtis
		dyn_en_Dalton.dyn_en_Dalton.dyn_en_Dalton.dyn_en_Dalton
		dyn_en_Daniel.dyn_en_Daniel.dyn_en_Daniel.dyn_en_Daniel
		dyn_en_Davenport.dyn_en_Davenport.dyn_en_Davenport.dyn_en_Davenport
		dyn_en_Davidson.dyn_en_Davidson.dyn_en_Davidson.dyn_en_Davidson
		dyn_en_Dawson.dyn_en_Dawson.dyn_en_Dawson.dyn_en_Dawson
		dyn_en_Day.dyn_en_Day.dyn_en_Day.dyn_en_Day
		dyn_en_Dean.dyn_en_Dean.dyn_en_Dean.dyn_en_Dean
		dyn_en_Dickerson.dyn_en_Dickerson.dyn_en_Dickerson.dyn_en_Dickerson
		dyn_en_Dickson.dyn_en_Dickson.dyn_en_Dickson.dyn_en_Dickson
		dyn_en_Dillard.dyn_en_Dillard.dyn_en_Dillard.dyn_en_Dillard
		dyn_en_Dixon.dyn_en_Dixon.dyn_en_Dixon.dyn_en_Dixon
		dyn_en_Dodson.dyn_en_Dodson.dyn_en_Dodson.dyn_en_Dodson
		dyn_en_Dotson.dyn_en_Dotson.dyn_en_Dotson.dyn_en_Dotson
		dyn_en_Drake.dyn_en_Drake.dyn_en_Drake.dyn_en_Drake
		dyn_en_Dudley.dyn_en_Dudley.dyn_en_Dudley.dyn_en_Dudley
		dyn_en_Duke.dyn_en_Duke.dyn_en_Duke.dyn_en_Duke
		dyn_en_Durham.dyn_en_Durham.dyn_en_Durham.dyn_en_Durham
		dyn_en_Dyer.dyn_en_Dyer.dyn_en_Dyer.dyn_en_Dyer
		dyn_en_Eaton.dyn_en_Eaton.dyn_en_Eaton.dyn_en_Eaton
		dyn_en_Elliott.dyn_en_Elliott.dyn_en_Elliott.dyn_en_Elliott
		dyn_en_Ellison.dyn_en_Ellison.dyn_en_Ellison.dyn_en_Ellison
		dyn_en_Emerson.dyn_en_Emerson.dyn_en_Emerson.dyn_en_Emerson
		dyn_en_Estes.dyn_en_Estes.dyn_en_Estes.dyn_en_Estes
		dyn_en_Everett.dyn_en_Everett.dyn_en_Everett.dyn_en_Everett
		dyn_en_Ewing.dyn_en_Ewing.dyn_en_Ewing.dyn_en_Ewing
		dyn_en_Farley.dyn_en_Farley.dyn_en_Farley.dyn_en_Farley
		dyn_en_Farmer.dyn_en_Farmer.dyn_en_Farmer.dyn_en_Farmer
		dyn_en_Faulkner.dyn_en_Faulkner.dyn_en_Faulkner.dyn_en_Faulkner
		dyn_en_Fields.dyn_en_Fields.dyn_en_Fields.dyn_en_Fields
		dyn_en_Fisher.dyn_en_Fisher.dyn_en_Fisher.dyn_en_Fisher
		dyn_en_Flowers.dyn_en_Flowers.dyn_en_Flowers.dyn_en_Flowers
		dyn_en_Ford.dyn_en_Ford.dyn_en_Ford.dyn_en_Ford
		dyn_en_Foster.dyn_en_Foster.dyn_en_Foster.dyn_en_Foster
		dyn_en_Fowler.dyn_en_Fowler.dyn_en_Fowler.dyn_en_Fowler
		dyn_en_Fox.dyn_en_Fox.dyn_en_Fox.dyn_en_Fox
		dyn_en_Franklin.dyn_en_Franklin.dyn_en_Franklin.dyn_en_Franklin
		dyn_en_French.dyn_en_French.dyn_en_French.dyn_en_French
		dyn_en_Frost.dyn_en_Frost.dyn_en_Frost.dyn_en_Frost
		dyn_en_Fry.dyn_en_Fry.dyn_en_Fry.dyn_en_Fry
		dyn_en_Frye.dyn_en_Frye.dyn_en_Frye.dyn_en_Frye
		dyn_en_Fuller.dyn_en_Fuller.dyn_en_Fuller.dyn_en_Fuller
		dyn_en_Gaines.dyn_en_Gaines.dyn_en_Gaines.dyn_en_Gaines
		dyn_en_Gamble.dyn_en_Gamble.dyn_en_Gamble.dyn_en_Gamble
		dyn_en_Gardner.dyn_en_Gardner.dyn_en_Gardner.dyn_en_Gardner
		dyn_en_Garner.dyn_en_Garner.dyn_en_Garner.dyn_en_Garner
		dyn_en_Garrett.dyn_en_Garrett.dyn_en_Garrett.dyn_en_Garrett
		dyn_en_Garrison.dyn_en_Garrison.dyn_en_Garrison.dyn_en_Garrison
		dyn_en_Gates.dyn_en_Gates.dyn_en_Gates.dyn_en_Gates
		dyn_en_Gay.dyn_en_Gay.dyn_en_Gay.dyn_en_Gay
		dyn_en_Gentry.dyn_en_Gentry.dyn_en_Gentry.dyn_en_Gentry
		dyn_en_Gibbs.dyn_en_Gibbs.dyn_en_Gibbs.dyn_en_Gibbs
		dyn_en_Gibson.dyn_en_Gibson.dyn_en_Gibson.dyn_en_Gibson
		dyn_en_Gilbert.dyn_en_Gilbert.dyn_en_Gilbert.dyn_en_Gilbert
		dyn_en_Giles.dyn_en_Giles.dyn_en_Giles.dyn_en_Giles
		dyn_en_Goodman.dyn_en_Goodman.dyn_en_Goodman.dyn_en_Goodman
		dyn_en_Goodwin.dyn_en_Goodwin.dyn_en_Goodwin.dyn_en_Goodwin
		dyn_en_Gould.dyn_en_Gould.dyn_en_Gould.dyn_en_Gould
		dyn_en_Graves.dyn_en_Graves.dyn_en_Graves.dyn_en_Graves
		dyn_en_Gray.dyn_en_Gray.dyn_en_Gray.dyn_en_Gray
		dyn_en_Greene.dyn_en_Greene.dyn_en_Greene.dyn_en_Greene
		dyn_en_Gregory.dyn_en_Gregory.dyn_en_Gregory.dyn_en_Gregory
		dyn_en_Grimes.dyn_en_Grimes.dyn_en_Grimes.dyn_en_Grimes
		dyn_en_Guy.dyn_en_Guy.dyn_en_Guy.dyn_en_Guy
		dyn_en_Hale.dyn_en_Hale.dyn_en_Hale.dyn_en_Hale
		dyn_en_Haley.dyn_en_Haley.dyn_en_Haley.dyn_en_Haley
		dyn_en_Hammond.dyn_en_Hammond.dyn_en_Hammond.dyn_en_Hammond
		dyn_en_Hampton.dyn_en_Hampton.dyn_en_Hampton.dyn_en_Hampton
		dyn_en_Hancock.dyn_en_Hancock.dyn_en_Hancock.dyn_en_Hancock
		dyn_en_Hardin.dyn_en_Hardin.dyn_en_Hardin.dyn_en_Hardin
		dyn_en_Harding.dyn_en_Harding.dyn_en_Harding.dyn_en_Harding
		dyn_en_Harmon.dyn_en_Harmon.dyn_en_Harmon.dyn_en_Harmon
		dyn_en_Harper.dyn_en_Harper.dyn_en_Harper.dyn_en_Harper
		dyn_en_Harrell.dyn_en_Harrell.dyn_en_Harrell.dyn_en_Harrell
		dyn_en_Harrington.dyn_en_Harrington.dyn_en_Harrington.dyn_en_Harrington
		dyn_en_Harrison.dyn_en_Harrison.dyn_en_Harrison.dyn_en_Harrison
		dyn_en_Hart.dyn_en_Hart.dyn_en_Hart.dyn_en_Hart
		dyn_en_Harvey.dyn_en_Harvey.dyn_en_Harvey.dyn_en_Harvey
		dyn_en_Hatfield.dyn_en_Hatfield.dyn_en_Hatfield.dyn_en_Hatfield
		dyn_en_Hawkins.dyn_en_Hawkins.dyn_en_Hawkins.dyn_en_Hawkins
		dyn_en_Hayes.dyn_en_Hayes.dyn_en_Hayes.dyn_en_Hayes
		dyn_en_Haynes.dyn_en_Haynes.dyn_en_Haynes.dyn_en_Haynes
		dyn_en_Hays.dyn_en_Hays.dyn_en_Hays.dyn_en_Hays
		dyn_en_Heath.dyn_en_Heath.dyn_en_Heath.dyn_en_Heath
		dyn_en_Henderson.dyn_en_Henderson.dyn_en_Henderson.dyn_en_Henderson
		dyn_en_Henry.dyn_en_Henry.dyn_en_Henry.dyn_en_Henry
		dyn_en_Hensley.dyn_en_Hensley.dyn_en_Hensley.dyn_en_Hensley
		dyn_en_Herman.dyn_en_Herman.dyn_en_Herman.dyn_en_Herman
		dyn_en_Herring.dyn_en_Herring.dyn_en_Herring.dyn_en_Herring
		dyn_en_Hickman.dyn_en_Hickman.dyn_en_Hickman.dyn_en_Hickman
		dyn_en_Hicks.dyn_en_Hicks.dyn_en_Hicks.dyn_en_Hicks
		dyn_en_Higgins.dyn_en_Higgins.dyn_en_Higgins.dyn_en_Higgins
		dyn_en_Hinton.dyn_en_Hinton.dyn_en_Hinton.dyn_en_Hinton
		dyn_en_Hobbs.dyn_en_Hobbs.dyn_en_Hobbs.dyn_en_Hobbs
		dyn_en_Hodge.dyn_en_Hodge.dyn_en_Hodge.dyn_en_Hodge
		dyn_en_Hodges.dyn_en_Hodges.dyn_en_Hodges.dyn_en_Hodges
		dyn_en_Holden.dyn_en_Holden.dyn_en_Holden.dyn_en_Holden
		dyn_en_Holding.dyn_en_Holding.dyn_en_Holding.dyn_en_Holding
		dyn_en_Holland.dyn_en_Holland.dyn_en_Holland.dyn_en_Holland
		dyn_en_Holloway.dyn_en_Holloway.dyn_en_Holloway.dyn_en_Holloway
		dyn_en_Holman.dyn_en_Holman.dyn_en_Holman.dyn_en_Holman
		dyn_en_Holmes.dyn_en_Holmes.dyn_en_Holmes.dyn_en_Holmes
		dyn_en_Holt.dyn_en_Holt.dyn_en_Holt.dyn_en_Holt
		dyn_en_Hood.dyn_en_Hood.dyn_en_Hood.dyn_en_Hood
		dyn_en_Hooper.dyn_en_Hooper.dyn_en_Hooper.dyn_en_Hooper
		dyn_en_Hoover.dyn_en_Hoover.dyn_en_Hoover.dyn_en_Hoover
		dyn_en_Hopkins.dyn_en_Hopkins.dyn_en_Hopkins.dyn_en_Hopkins
		dyn_en_Hopper.dyn_en_Hopper.dyn_en_Hopper.dyn_en_Hopper
		dyn_en_Horn.dyn_en_Horn.dyn_en_Horn.dyn_en_Horn
		dyn_en_Horne.dyn_en_Horne.dyn_en_Horne.dyn_en_Horne
		dyn_en_Horton.dyn_en_Horton.dyn_en_Horton.dyn_en_Horton
		dyn_en_House.dyn_en_House.dyn_en_House.dyn_en_House
		dyn_en_Howard.dyn_en_Howard.dyn_en_Howard.dyn_en_Howard
		dyn_en_Howe.dyn_en_Howe.dyn_en_Howe.dyn_en_Howe
		dyn_en_Hoyt.dyn_en_Hoyt.dyn_en_Hoyt.dyn_en_Hoyt
		dyn_en_Hubbard.dyn_en_Hubbard.dyn_en_Hubbard.dyn_en_Hubbard
		dyn_en_Hudson.dyn_en_Hudson.dyn_en_Hudson.dyn_en_Hudson
		dyn_en_Hull.dyn_en_Hull.dyn_en_Hull.dyn_en_Hull
		dyn_en_Hunt.dyn_en_Hunt.dyn_en_Hunt.dyn_en_Hunt
		dyn_en_Hunter.dyn_en_Hunter.dyn_en_Hunter.dyn_en_Hunter
		dyn_en_Hurley.dyn_en_Hurley.dyn_en_Hurley.dyn_en_Hurley
		dyn_en_Hurst.dyn_en_Hurst.dyn_en_Hurst.dyn_en_Hurst
		dyn_en_Hutchinson.dyn_en_Hutchinson.dyn_en_Hutchinson.dyn_en_Hutchinson
		dyn_en_Hyde.dyn_en_Hyde.dyn_en_Hyde.dyn_en_Hyde
		dyn_en_Ingram.dyn_en_Ingram.dyn_en_Ingram.dyn_en_Ingram
		dyn_en_Irwin.dyn_en_Irwin.dyn_en_Irwin.dyn_en_Irwin
		dyn_en_Jackson.dyn_en_Jackson.dyn_en_Jackson.dyn_en_Jackson
		dyn_en_Jarvis.dyn_en_Jarvis.dyn_en_Jarvis.dyn_en_Jarvis
		dyn_en_Jefferson.dyn_en_Jefferson.dyn_en_Jefferson.dyn_en_Jefferson
		dyn_en_Jenkins.dyn_en_Jenkins.dyn_en_Jenkins.dyn_en_Jenkins
		dyn_en_Jennings.dyn_en_Jennings.dyn_en_Jennings.dyn_en_Jennings
		dyn_en_Jordan.dyn_en_Jordan.dyn_en_Jordan.dyn_en_Jordan
		dyn_en_Joseph.dyn_en_Joseph.dyn_en_Joseph.dyn_en_Joseph
		dyn_en_Joyce.dyn_en_Joyce.dyn_en_Joyce.dyn_en_Joyce
		dyn_en_Joyner.dyn_en_Joyner.dyn_en_Joyner.dyn_en_Joyner
		dyn_en_Justice.dyn_en_Justice.dyn_en_Justice.dyn_en_Justice
		dyn_en_Kemp.dyn_en_Kemp.dyn_en_Kemp.dyn_en_Kemp
		dyn_en_Kent.dyn_en_Kent.dyn_en_Kent.dyn_en_Kent
		dyn_en_Key.dyn_en_Key.dyn_en_Key.dyn_en_Key
		dyn_en_Kirby.dyn_en_Kirby.dyn_en_Kirby.dyn_en_Kirby
		dyn_en_Knight.dyn_en_Knight.dyn_en_Knight.dyn_en_Knight
		dyn_en_Knowles.dyn_en_Knowles.dyn_en_Knowles.dyn_en_Knowles
		dyn_en_Lamb.dyn_en_Lamb.dyn_en_Lamb.dyn_en_Lamb
		dyn_en_Lambert.dyn_en_Lambert.dyn_en_Lambert.dyn_en_Lambert
		dyn_en_Lancaster.dyn_en_Lancaster.dyn_en_Lancaster.dyn_en_Lancaster
		dyn_en_Lane.dyn_en_Lane.dyn_en_Lane.dyn_en_Lane
		dyn_en_Lang.dyn_en_Lang.dyn_en_Lang.dyn_en_Lang
		dyn_en_Lawrence.dyn_en_Lawrence.dyn_en_Lawrence.dyn_en_Lawrence
		dyn_en_Lawson.dyn_en_Lawson.dyn_en_Lawson.dyn_en_Lawson
		dyn_en_Leach.dyn_en_Leach.dyn_en_Leach.dyn_en_Leach
		dyn_en_Lee.dyn_en_Lee.dyn_en_Lee.dyn_en_Lee
		dyn_en_Leonard.dyn_en_Leonard.dyn_en_Leonard.dyn_en_Leonard
		dyn_en_Lester.dyn_en_Lester.dyn_en_Lester.dyn_en_Lester
		dyn_en_Little.dyn_en_Little.dyn_en_Little.dyn_en_Little
		dyn_en_Livingston.dyn_en_Livingston.dyn_en_Livingston.dyn_en_Livingston
		dyn_en_Long.dyn_en_Long.dyn_en_Long.dyn_en_Long
		dyn_en_Lott.dyn_en_Lott.dyn_en_Lott.dyn_en_Lott
		dyn_en_Love.dyn_en_Love.dyn_en_Love.dyn_en_Love
		dyn_en_Lowe.dyn_en_Lowe.dyn_en_Lowe.dyn_en_Lowe
		dyn_en_Lucas.dyn_en_Lucas.dyn_en_Lucas.dyn_en_Lucas
		dyn_en_Lynn.dyn_en_Lynn.dyn_en_Lynn.dyn_en_Lynn
		dyn_en_Lyons.dyn_en_Lyons.dyn_en_Lyons.dyn_en_Lyons
		dyn_en_Manning.dyn_en_Manning.dyn_en_Manning.dyn_en_Manning
		dyn_en_Marks.dyn_en_Marks.dyn_en_Marks.dyn_en_Marks
		dyn_en_Marsh.dyn_en_Marsh.dyn_en_Marsh.dyn_en_Marsh
		dyn_en_Marshall.dyn_en_Marshall.dyn_en_Marshall.dyn_en_Marshall
		dyn_en_Martin.dyn_en_Martin.dyn_en_Martin.dyn_en_Martin
		dyn_en_Mason.dyn_en_Mason.dyn_en_Mason.dyn_en_Mason
		dyn_en_Massey.dyn_en_Massey.dyn_en_Massey.dyn_en_Massey
		dyn_en_Maxwell.dyn_en_Maxwell.dyn_en_Maxwell.dyn_en_Maxwell
		dyn_en_May.dyn_en_May.dyn_en_May.dyn_en_May
		dyn_en_Maynard.dyn_en_Maynard.dyn_en_Maynard.dyn_en_Maynard
		dyn_en_Mays.dyn_en_Mays.dyn_en_Mays.dyn_en_Mays
		dyn_en_Meadows.dyn_en_Meadows.dyn_en_Meadows.dyn_en_Meadows
		dyn_en_Melton.dyn_en_Melton.dyn_en_Melton.dyn_en_Melton
		dyn_en_Mercer.dyn_en_Mercer.dyn_en_Mercer.dyn_en_Mercer
		dyn_en_Merrill.dyn_en_Merrill.dyn_en_Merrill.dyn_en_Merrill
		dyn_en_Michael.dyn_en_Michael.dyn_en_Michael.dyn_en_Michael
		dyn_en_Middleton.dyn_en_Middleton.dyn_en_Middleton.dyn_en_Middleton
		dyn_en_Miles.dyn_en_Miles.dyn_en_Miles.dyn_en_Miles
		dyn_en_Miller.dyn_en_Miller.dyn_en_Miller.dyn_en_Miller
		dyn_en_Mills.dyn_en_Mills.dyn_en_Mills.dyn_en_Mills
		dyn_en_Mitchell.dyn_en_Mitchell.dyn_en_Mitchell.dyn_en_Mitchell
		dyn_en_Moody.dyn_en_Moody.dyn_en_Moody.dyn_en_Moody
		dyn_en_Moon.dyn_en_Moon.dyn_en_Moon.dyn_en_Moon
		dyn_en_Morrow.dyn_en_Morrow.dyn_en_Morrow.dyn_en_Morrow
		dyn_en_Morse.dyn_en_Morse.dyn_en_Morse.dyn_en_Morse
		dyn_en_Morton.dyn_en_Morton.dyn_en_Morton.dyn_en_Morton
		dyn_en_Mosley.dyn_en_Mosley.dyn_en_Mosley.dyn_en_Mosley
		dyn_en_Nash.dyn_en_Nash.dyn_en_Nash.dyn_en_Nash
		dyn_en_Neal.dyn_en_Neal.dyn_en_Neal.dyn_en_Neal
		dyn_en_Newman.dyn_en_Newman.dyn_en_Newman.dyn_en_Newman
		dyn_en_Newton.dyn_en_Newton.dyn_en_Newton.dyn_en_Newton
		dyn_en_Nichols.dyn_en_Nichols.dyn_en_Nichols.dyn_en_Nichols
		dyn_en_Nixon.dyn_en_Nixon.dyn_en_Nixon.dyn_en_Nixon
		dyn_en_Noble.dyn_en_Noble.dyn_en_Noble.dyn_en_Noble
		dyn_en_Norman.dyn_en_Norman.dyn_en_Norman.dyn_en_Norman
		dyn_en_Norris.dyn_en_Norris.dyn_en_Norris.dyn_en_Norris
		dyn_en_Norton.dyn_en_Norton.dyn_en_Norton.dyn_en_Norton
		dyn_en_Odom.dyn_en_Odom.dyn_en_Odom.dyn_en_Odom
		dyn_en_Oliver.dyn_en_Oliver.dyn_en_Oliver.dyn_en_Oliver
		dyn_en_Orr.dyn_en_Orr.dyn_en_Orr.dyn_en_Orr
		dyn_en_Osborn.dyn_en_Osborn.dyn_en_Osborn.dyn_en_Osborn
		dyn_en_Osborne.dyn_en_Osborne.dyn_en_Osborne.dyn_en_Osborne
		dyn_en_Pace.dyn_en_Pace.dyn_en_Pace.dyn_en_Pace
		dyn_en_Page.dyn_en_Page.dyn_en_Page.dyn_en_Page
		dyn_en_Palmer.dyn_en_Palmer.dyn_en_Palmer.dyn_en_Palmer
		dyn_en_Park.dyn_en_Park.dyn_en_Park.dyn_en_Park
		dyn_en_Parker.dyn_en_Parker.dyn_en_Parker.dyn_en_Parker
		dyn_en_Parks.dyn_en_Parks.dyn_en_Parks.dyn_en_Parks
		dyn_en_Parrish.dyn_en_Parrish.dyn_en_Parrish.dyn_en_Parrish
		dyn_en_Parsons.dyn_en_Parsons.dyn_en_Parsons.dyn_en_Parsons
		dyn_en_Patrick.dyn_en_Patrick.dyn_en_Patrick.dyn_en_Patrick
		dyn_en_Patterson.dyn_en_Patterson.dyn_en_Patterson.dyn_en_Patterson
		dyn_en_Patton.dyn_en_Patton.dyn_en_Patton.dyn_en_Patton
		dyn_en_Payne.dyn_en_Payne.dyn_en_Payne.dyn_en_Payne
		dyn_en_Peck.dyn_en_Peck.dyn_en_Peck.dyn_en_Peck
		dyn_en_Pennington.dyn_en_Pennington.dyn_en_Pennington.dyn_en_Pennington
		dyn_en_Perkins.dyn_en_Perkins.dyn_en_Perkins.dyn_en_Perkins
		dyn_en_Phelps.dyn_en_Phelps.dyn_en_Phelps.dyn_en_Phelps
		dyn_en_Pickett.dyn_en_Pickett.dyn_en_Pickett.dyn_en_Pickett
		dyn_en_Pittman.dyn_en_Pittman.dyn_en_Pittman.dyn_en_Pittman
		dyn_en_Pitts.dyn_en_Pitts.dyn_en_Pitts.dyn_en_Pitts
		dyn_en_Pollard.dyn_en_Pollard.dyn_en_Pollard.dyn_en_Pollard
		dyn_en_Poole.dyn_en_Poole.dyn_en_Poole.dyn_en_Poole
		dyn_en_Pope.dyn_en_Pope.dyn_en_Pope.dyn_en_Pope
		dyn_en_Porter.dyn_en_Porter.dyn_en_Porter.dyn_en_Porter
		dyn_en_Potter.dyn_en_Potter.dyn_en_Potter.dyn_en_Potter
		dyn_en_Potts.dyn_en_Potts.dyn_en_Potts.dyn_en_Potts
		dyn_en_Powers.dyn_en_Powers.dyn_en_Powers.dyn_en_Powers
		dyn_en_Pratt.dyn_en_Pratt.dyn_en_Pratt.dyn_en_Pratt
		dyn_en_Preston.dyn_en_Preston.dyn_en_Preston.dyn_en_Preston
		dyn_en_Prince.dyn_en_Prince.dyn_en_Prince.dyn_en_Prince
		dyn_en_Randall.dyn_en_Randall.dyn_en_Randall.dyn_en_Randall
		dyn_en_Randolph.dyn_en_Randolph.dyn_en_Randolph.dyn_en_Randolph
		dyn_en_Ratliff.dyn_en_Ratliff.dyn_en_Ratliff.dyn_en_Ratliff
		dyn_en_Ray.dyn_en_Ray.dyn_en_Ray.dyn_en_Ray
		dyn_en_Raymond.dyn_en_Raymond.dyn_en_Raymond.dyn_en_Raymond
		dyn_en_Reed.dyn_en_Reed.dyn_en_Reed.dyn_en_Reed
		dyn_en_Reeves.dyn_en_Reeves.dyn_en_Reeves.dyn_en_Reeves
		dyn_en_Reynolds.dyn_en_Reynolds.dyn_en_Reynolds.dyn_en_Reynolds
		dyn_en_Rhodes.dyn_en_Rhodes.dyn_en_Rhodes.dyn_en_Rhodes
		dyn_en_Rich.dyn_en_Rich.dyn_en_Rich.dyn_en_Rich
		dyn_en_Richardson.dyn_en_Richardson.dyn_en_Richardson.dyn_en_Richardson
		dyn_en_Richmond.dyn_en_Richmond.dyn_en_Richmond.dyn_en_Richmond
		dyn_en_Riddle.dyn_en_Riddle.dyn_en_Riddle.dyn_en_Riddle
		dyn_en_Riggs.dyn_en_Riggs.dyn_en_Riggs.dyn_en_Riggs
		dyn_en_Rivers.dyn_en_Rivers.dyn_en_Rivers.dyn_en_Rivers
		dyn_en_Roach.dyn_en_Roach.dyn_en_Roach.dyn_en_Roach
		dyn_en_Robbins.dyn_en_Robbins.dyn_en_Robbins.dyn_en_Robbins
		dyn_en_Roberson.dyn_en_Roberson.dyn_en_Roberson.dyn_en_Roberson
		dyn_en_Robertson.dyn_en_Robertson.dyn_en_Robertson.dyn_en_Robertson
		dyn_en_Rollins.dyn_en_Rollins.dyn_en_Rollins.dyn_en_Rollins
		dyn_en_Roman.dyn_en_Roman.dyn_en_Roman.dyn_en_Roman
		dyn_en_Rose.dyn_en_Rose.dyn_en_Rose.dyn_en_Rose
		dyn_en_Rowe.dyn_en_Rowe.dyn_en_Rowe.dyn_en_Rowe
		dyn_en_Rowland.dyn_en_Rowland.dyn_en_Rowland.dyn_en_Rowland
		dyn_en_Rush.dyn_en_Rush.dyn_en_Rush.dyn_en_Rush
		dyn_en_Russell.dyn_en_Russell.dyn_en_Russell.dyn_en_Russell
		dyn_en_Rutledge.dyn_en_Rutledge.dyn_en_Rutledge.dyn_en_Rutledge
		dyn_en_Sampson.dyn_en_Sampson.dyn_en_Sampson.dyn_en_Sampson
		dyn_en_Sanford.dyn_en_Sanford.dyn_en_Sanford.dyn_en_Sanford
		dyn_en_Savage.dyn_en_Savage.dyn_en_Savage.dyn_en_Savage
		dyn_en_Sawyer.dyn_en_Sawyer.dyn_en_Sawyer.dyn_en_Sawyer
		dyn_en_Sears.dyn_en_Sears.dyn_en_Sears.dyn_en_Sears
		dyn_en_Sellers.dyn_en_Sellers.dyn_en_Sellers.dyn_en_Sellers
		dyn_en_Sexton.dyn_en_Sexton.dyn_en_Sexton.dyn_en_Sexton
		dyn_en_Sharp.dyn_en_Sharp.dyn_en_Sharp.dyn_en_Sharp
		dyn_en_Sharpe.dyn_en_Sharpe.dyn_en_Sharpe.dyn_en_Sharpe
		dyn_en_Shelton.dyn_en_Shelton.dyn_en_Shelton.dyn_en_Shelton
		dyn_en_Shepard.dyn_en_Shepard.dyn_en_Shepard.dyn_en_Shepard
		dyn_en_Shepherd.dyn_en_Shepherd.dyn_en_Shepherd.dyn_en_Shepherd
		dyn_en_Sheppard.dyn_en_Sheppard.dyn_en_Sheppard.dyn_en_Sheppard
		dyn_en_Sherman.dyn_en_Sherman.dyn_en_Sherman.dyn_en_Sherman
		dyn_en_Shields.dyn_en_Shields.dyn_en_Shields.dyn_en_Shields
		dyn_en_Short.dyn_en_Short.dyn_en_Short.dyn_en_Short
		dyn_en_Simmons.dyn_en_Simmons.dyn_en_Simmons.dyn_en_Simmons
		dyn_en_Simon.dyn_en_Simon.dyn_en_Simon.dyn_en_Simon
		dyn_en_Simpson.dyn_en_Simpson.dyn_en_Simpson.dyn_en_Simpson
		dyn_en_Sims.dyn_en_Sims.dyn_en_Sims.dyn_en_Sims
		dyn_en_Singleton.dyn_en_Singleton.dyn_en_Singleton.dyn_en_Singleton
		dyn_en_Skinner.dyn_en_Skinner.dyn_en_Skinner.dyn_en_Skinner
		dyn_en_Slater.dyn_en_Slater.dyn_en_Slater.dyn_en_Slater
		dyn_en_Small.dyn_en_Small.dyn_en_Small.dyn_en_Small
		dyn_en_Snow.dyn_en_Snow.dyn_en_Snow.dyn_en_Snow
		dyn_en_Solomon.dyn_en_Solomon.dyn_en_Solomon.dyn_en_Solomon
		dyn_en_Sparks.dyn_en_Sparks.dyn_en_Sparks.dyn_en_Sparks
		dyn_en_Spears.dyn_en_Spears.dyn_en_Spears.dyn_en_Spears
		dyn_en_Spencer.dyn_en_Spencer.dyn_en_Spencer.dyn_en_Spencer
		dyn_en_Stafford.dyn_en_Stafford.dyn_en_Stafford.dyn_en_Stafford
		dyn_en_Stanley.dyn_en_Stanley.dyn_en_Stanley.dyn_en_Stanley
		dyn_en_Stanton.dyn_en_Stanton.dyn_en_Stanton.dyn_en_Stanton
		dyn_en_Stark.dyn_en_Stark.dyn_en_Stark.dyn_en_Stark
		dyn_en_Steele.dyn_en_Steele.dyn_en_Steele.dyn_en_Steele
		dyn_en_Stephenson.dyn_en_Stephenson.dyn_en_Stephenson.dyn_en_Stephenson
		dyn_en_Stevenson.dyn_en_Stevenson.dyn_en_Stevenson.dyn_en_Stevenson
		dyn_en_Stokes.dyn_en_Stokes.dyn_en_Stokes.dyn_en_Stokes
		dyn_en_Stone.dyn_en_Stone.dyn_en_Stone.dyn_en_Stone
		dyn_en_Stout.dyn_en_Stout.dyn_en_Stout.dyn_en_Stout
		dyn_en_Strickland.dyn_en_Strickland.dyn_en_Strickland.dyn_en_Strickland
		dyn_en_Strong.dyn_en_Strong.dyn_en_Strong.dyn_en_Strong
		dyn_en_Summers.dyn_en_Summers.dyn_en_Summers.dyn_en_Summers
		dyn_en_Sutton.dyn_en_Sutton.dyn_en_Sutton.dyn_en_Sutton
		dyn_en_Sweet.dyn_en_Sweet.dyn_en_Sweet.dyn_en_Sweet
		dyn_en_Sykes.dyn_en_Sykes.dyn_en_Sykes.dyn_en_Sykes
		dyn_en_Tanner.dyn_en_Tanner.dyn_en_Tanner.dyn_en_Tanner
		dyn_en_Tate.dyn_en_Tate.dyn_en_Tate.dyn_en_Tate
		dyn_en_Terrell.dyn_en_Terrell.dyn_en_Terrell.dyn_en_Terrell
		dyn_en_Terry.dyn_en_Terry.dyn_en_Terry.dyn_en_Terry
		dyn_en_Thompson.dyn_en_Thompson.dyn_en_Thompson.dyn_en_Thompson
		dyn_en_Thornton.dyn_en_Thornton.dyn_en_Thornton.dyn_en_Thornton
		dyn_en_Tillman.dyn_en_Tillman.dyn_en_Tillman.dyn_en_Tillman
		dyn_en_Todd.dyn_en_Todd.dyn_en_Todd.dyn_en_Todd
		dyn_en_Townsend.dyn_en_Townsend.dyn_en_Townsend.dyn_en_Townsend
		dyn_en_Travis.dyn_en_Travis.dyn_en_Travis.dyn_en_Travis
		dyn_en_Truitt.dyn_en_Truitt.dyn_en_Truitt.dyn_en_Truitt
		dyn_en_Tucker.dyn_en_Tucker.dyn_en_Tucker.dyn_en_Tucker
		dyn_en_Tyler.dyn_en_Tyler.dyn_en_Tyler.dyn_en_Tyler
		dyn_en_Tyson.dyn_en_Tyson.dyn_en_Tyson.dyn_en_Tyson
		dyn_en_Underwood.dyn_en_Underwood.dyn_en_Underwood.dyn_en_Underwood
		dyn_en_Valentine.dyn_en_Valentine.dyn_en_Valentine.dyn_en_Valentine
		dyn_en_Vance.dyn_en_Vance.dyn_en_Vance.dyn_en_Vance
		dyn_en_Vincent.dyn_en_Vincent.dyn_en_Vincent.dyn_en_Vincent
		dyn_en_Wade.dyn_en_Wade.dyn_en_Wade.dyn_en_Wade
		dyn_en_Wall.dyn_en_Wall.dyn_en_Wall.dyn_en_Wall
		dyn_en_Waller.dyn_en_Waller.dyn_en_Waller.dyn_en_Waller
		dyn_en_Walls.dyn_en_Walls.dyn_en_Walls.dyn_en_Walls
		dyn_en_Walter.dyn_en_Walter.dyn_en_Walter.dyn_en_Walter
		dyn_en_Walton.dyn_en_Walton.dyn_en_Walton.dyn_en_Walton
		dyn_en_Ware.dyn_en_Ware.dyn_en_Ware.dyn_en_Ware
		dyn_en_Warner.dyn_en_Warner.dyn_en_Warner.dyn_en_Warner
		dyn_en_Warren.dyn_en_Warren.dyn_en_Warren.dyn_en_Warren
		dyn_en_Washington.dyn_en_Washington.dyn_en_Washington.dyn_en_Washington
		dyn_en_Waters.dyn_en_Waters.dyn_en_Waters.dyn_en_Waters
		dyn_en_Watkins.dyn_en_Watkins.dyn_en_Watkins.dyn_en_Watkins
		dyn_en_Watson.dyn_en_Watson.dyn_en_Watson.dyn_en_Watson
		dyn_en_Watts.dyn_en_Watts.dyn_en_Watts.dyn_en_Watts
		dyn_en_Weaver.dyn_en_Weaver.dyn_en_Weaver.dyn_en_Weaver
		dyn_en_Webb.dyn_en_Webb.dyn_en_Webb.dyn_en_Webb
		dyn_en_Webster.dyn_en_Webster.dyn_en_Webster.dyn_en_Webster
		dyn_en_Weeks.dyn_en_Weeks.dyn_en_Weeks.dyn_en_Weeks
		dyn_en_Welch.dyn_en_Welch.dyn_en_Welch.dyn_en_Welch
		dyn_en_Wells.dyn_en_Wells.dyn_en_Wells.dyn_en_Wells
		dyn_en_West.dyn_en_West.dyn_en_West.dyn_en_West
		dyn_en_Wheeler.dyn_en_Wheeler.dyn_en_Wheeler.dyn_en_Wheeler
		dyn_en_Whitaker.dyn_en_Whitaker.dyn_en_Whitaker.dyn_en_Whitaker
		dyn_en_White.dyn_en_White.dyn_en_White.dyn_en_White
		dyn_en_Whitfield.dyn_en_Whitfield.dyn_en_Whitfield.dyn_en_Whitfield
		dyn_en_Whitney.dyn_en_Whitney.dyn_en_Whitney.dyn_en_Whitney
		dyn_en_Wilcox.dyn_en_Wilcox.dyn_en_Wilcox.dyn_en_Wilcox
		dyn_en_Wilder.dyn_en_Wilder.dyn_en_Wilder.dyn_en_Wilder
		dyn_en_Wilex.dyn_en_Wilex.dyn_en_Wilex.dyn_en_Wilex
		dyn_en_Wilkerson.dyn_en_Wilkerson.dyn_en_Wilkerson.dyn_en_Wilkerson
		dyn_en_Wilkins.dyn_en_Wilkins.dyn_en_Wilkins.dyn_en_Wilkins
		dyn_en_Wilkinson.dyn_en_Wilkinson.dyn_en_Wilkinson.dyn_en_Wilkinson
		dyn_en_William.dyn_en_William.dyn_en_William.dyn_en_William
		dyn_en_Williamson.dyn_en_Williamson.dyn_en_Williamson.dyn_en_Williamson
		dyn_en_Willis.dyn_en_Willis.dyn_en_Willis.dyn_en_Willis
		dyn_en_Winters.dyn_en_Winters.dyn_en_Winters.dyn_en_Winters
		dyn_en_Wise.dyn_en_Wise.dyn_en_Wise.dyn_en_Wise
		dyn_en_Wolfe.dyn_en_Wolfe.dyn_en_Wolfe.dyn_en_Wolfe
		dyn_en_Wood.dyn_en_Wood.dyn_en_Wood.dyn_en_Wood
		dyn_en_Woodard.dyn_en_Woodard.dyn_en_Woodard.dyn_en_Woodard
		dyn_en_Woods.dyn_en_Woods.dyn_en_Woods.dyn_en_Woods
		dyn_en_Woodward.dyn_en_Woodward.dyn_en_Woodward.dyn_en_Woodward
		dyn_en_Wyatt.dyn_en_Wyatt.dyn_en_Wyatt.dyn_en_Wyatt
		dyn_en_Yates.dyn_en_Yates.dyn_en_Yates.dyn_en_Yates
		dyn_en_York.dyn_en_York.dyn_en_York.dyn_en_York
		dyn_en_Young.dyn_en_Young.dyn_en_Young.dyn_en_Young
	}

	culture = {
		yankee = {}
		dixie = {}
		pennsylvania_dutch = { # Original German-Americans
			male_names = {
				de_Achim de_Adalmund de_Adelbert de_Adelmute de_Adrian de_Albert de_Albrecht
		de_Alexander de_Alfons de_Alfred de_Alois de_Alwin de_Anatol de_Anders de_Andreas
		de_Aeneas de_Anselm de_Anton de_Aribert de_Arius de_Armin de_Arndt de_Arne
		de_Arnim de_Arno de_Arnold de_Arnulf de_Artur de_August de_Axel de_Balthasar
		de_Barnabas de_Bartholomaeus de_Bastian de_Benedikt de_Benjamin de_Bernd
		de_Bernhard de_Bernward de_Bertold de_Bertram de_Bodo de_Brandt de_Bruno de_Bruns
		de_Burkhard de_Caecile de_Caesar de_Christian de_Christoph de_Clemens de_Conrad
		de_Daniel de_David de_Degenhard de_Denis de_Detlef de_Diesel de_Dietbold de_Dieter
		de_Dietleib de_Dietmar de_Dietrich de_Dominik de_Eber de_Eberhard de_Eckart
		de_Eckbrecht de_Eckhard de_Edgar de_Edmund de_Edsel de_Eduard de_Egbert de_Egon
		de_Ehregott de_Ekkehard de_Elias de_Elmar de_Emanuel de_Emil de_Engelbert de_Enrich
		de_Erhard de_Erich de_Erik de_Ernst de_Erwin de_Esra de_Eugen de_Ewald de_Ezechiel
		de_Faber de_Fabian de_Falk de_Felix de_Ferdinand de_Florian de_Florian-Adrian de_Frank
		de_Franko de_Franz de_Franz-Dieter de_Franziskus de_Franz-Josef de_Fridolin
		de_Friedbert de_Friedhelm de_Friedrich de_Friedrich-Paul de_Fritz de_Fuerchtegott
		de_Gabriel de_Gebhard de_Georg de_Gerald de_Gerd de_Gerhard de_Gerold de_Gerrit
		de_Gottfried de_Gotthard de_Gotthold de_Gottleib de_Gottschalk de_Gregor de_Gunnar
		de_Gunter de_Guenther de_Gustav de_Hagen de_Hanno de_Hans de_Hans-Georg
		de_Hans-Joachim de_Hans-Peter de_Harald de_Harro de_Hartmut de_Hasso de_Heiko
		de_Heiner de_Heinrich de_Heinz de_Heinz-Dieter de_Hektor de_Helmar de_Helmut
		de_Hendrik de_Henning de_Henrik de_Herbert de_Hermann de_Hilmar de_Holger de_Horaz
		de_Horst de_Hubert de_Hubertus de_Ignaz de_Imer de_Ingert de_Ingolf de_Ingomar
		de_Isaak de_Isidor de_Jakob de_Jan de_Jansen de_Jens de_Jeremias de_Joachim de_Jochen
		de_Jodokus de_Johann de_Johannes de_Joergen de_Joern de_Josef de_Josias de_Jost
		de_Julian de_Juergen de_Justin de_Justus de_Kai de_Karl de_Karl-Heinz de_Karl-Ludwig
		de_Karlmann de_Karol de_Karsten de_Kaspar de_Klaudius de_Klaus de_Klaus-Dieter
		de_Klaus-Karl de_Klaus-Peter de_Klemens de_Knut de_Konrad de_Konrad-Wilhelm
		de_Konstantin de_Korbinian de_Kunz de_Kurt de_Kurt-Adolf de_Kurt-Christian
		de_Leonhard de_Leonik de_Leopold de_Lorenz de_Lothar de_Ludo de_Ludolf de_Ludwig
		de_Lukas de_Lutz de_Maik de_Manfred de_Manuel de_Marcel de_Marek de_Marian
		de_Marius de_Marko de_Markus de_Martin de_Matthaeus de_Matthias de_Max
		de_Maximilian de_Meinhard de_Meinrad de_Melchior de_Michael de_Mirko de_Moritz
		de_Narziss de_Neidhard de_Niklas de_Nikodemus de_Nikolaus de_Norbert de_Norman
		de_Oliver de_Ortwin de_Oskar de_Otmar de_Otto de_Ottokar de_Patrick de_Paul
		de_Paul-Dieter de_Peter de_Philipp de_Raimar de_Raimund de_Rainer de_Rainier de_Ralf
		de_Randolf de_Reichold de_Reinhard de_Reinhold de_Reinmar de_Rene de_Rheinhardt
		de_Rickhard de_Robert de_Roderich de_Roland de_Rolf de_Roman de_Ruben de_Ruddiger
		de_Rudolf de_Rupert de_Rupertus de_Ruprecht de_Rutger de_Sander de_Sascha
		de_Schorsch de_Sebastian de_Siegfried de_Sieghard de_Siegmund de_Sigurd de_Simon
		de_Sonke de_Stadler de_Stefan de_Stefan-Paul de_Steffen de_Steinmar de_Sven de_Terenz
		de_Thaddaeus de_Theobold de_Theodor de_Thile de_Thomas de_Thorsten de_Till-Alexander
		de_Tilmann de_Timothee de_Tobias de_Tornsten de_Traugott de_Udo de_Ulf de_Ullrich
		de_Uter de_Utz de_Uwe de_Veit de_Viktor de_Vinzenz de_Volker de_Volkmar
		de_Waldemar de_Waldo de_Walter de_Wenzel de_Werner de_Werther de_Wilfried
		de_Wilhelm de_Willibald de_Winfried de_Wolfgang de_Wolfram
			}
			female_names = {
de_Ada de_Ada-Sylvia de_Adele de_Adelgund de_Adelheid de_Agathe de_Agna de_Alexa
		de_Alexandra de_Alexandra-Sophia de_Aloisa de_Alwine de_Amalia de_Ammelie de_Andrea
		de_Anett de_Angela de_Angelika de_Anita de_Anja de_Anna de_Anna-Baerbel de_Anna-Lise
		de_Anna-Lotte de_Anne de_Anne-Birgit de_Annegret de_Annelies de_Annemarie
		de_Anselma de_Antje de_Appolonia de_Ariane de_Armgard de_Astrid de_Barbara
		de_Baerbel de_Baronika de_Beate de_Berta de_Bertita de_Bettina de_Bianka de_Birgit
		de_Birgitte de_Birthe de_Brigitta de_Britta de_Brunhilde de_Caecilie de_Cekine
		de_Charlotte de_Christa de_Christa-Marina de_Christi de_Christiane de_Christina
		de_Christl de_Cordula de_Corinna de_Dagmar de_Dagmar-Anette de_Daniela de_Denise
		de_Diana de_Diotima de_Dora de_Doris de_Dorothea de_Eberharde de_Edda de_Edelgard
		de_Edeltraud de_Edeltrud de_Edith de_Effi de_Eike de_Elena de_Eleonore de_Elfreida
		de_Elfriede de_Elisabeth de_Elise de_Elka de_Ella de_Ellen de_Elsbeth de_Else de_Elvira
		de_Emelie de_Erdmute de_Erika de_Erna de_Eva de_Eva-Maria de_Franziska de_Frauke
		de_Freya de_Frieda de_Friedegard de_Friedericke de_Gabriela de_Garnet-Andrea de_Garde
		de_Gebharde de_Gerda de_Gerlinda de_Gerta de_Gertraud de_Gertraude de_Gertrud
		de_Gesa de_Gisa de_Gisela de_Gitta de_Greta de_Grethe de_Gudrun de_Gunda
		de_Gundula de_Hanna de_Hannelore de_Hauke de_Hedwig de_Heide de_Heide-Karin
		de_Heidemarie de_Heidi de_Heidrun de_Heike de_Helena de_Helga de_Hella de_Helma
		de_Henriette de_Hermine de_Herta de_Hilda de_Hildegard de_Hilma de_Hulda de_Ida
		de_Ilona de_Ilka de_Ilse de_Imma de_Ina de_Inge de_Ingeborg de_Ingrid de_Insa de_Irene
		de_Iris de_Irma de_Irmengard de_Irmgard de_Isa de_Isabella de_Jana de_Janine de_Jasmin
		de_Jettchen de_Johanna de_Jolante de_Josefa de_Josephine de_Juli de_Julia de_Juliane
		de_Juni de_Jutta de_Kaethe de_Karin de_Karina de_Karin-Astrid de_Karla de_Karlin
		de_Karlotta de_Karola de_Karolina de_Katerina de_Katharina de_Kaethe de_Katja de_Katrin
		de_Kerstin de_Kirsten de_Klara de_Klarissa de_Klaudia de_Konstanze de_Kornelia
		de_Kreszentia de_Krista de_Kristina de_Laetitia de_Laura de_Lena de_Leonie de_Leonore
		de_Lexi de_Liane de_Lies de_Liesbeth de_Liese de_Lieselotte de_Liesl de_Lili de_Lina
		de_Lisa de_Lissi de_Loni de_Lore de_Lorelei de_Lotte de_Ludwige de_Luise de_Lukretia
		de_Lutgard de_Luzie de_Lydia de_Madlen de_Magdalena de_Maja de_Malwine de_Mana
		de_Manuela de_Maren de_Margareta de_Margarete de_Margit de_Margitta de_Margot
		de_Margrit de_Maria de_Mari-Angela de_Marianne de_Marike de_Marina de_Marion
		de_Marit de_Marita de_Marjeta de_Marlene de_Marlies de_Marthe de_Martina
		de_Mathilde de_Mechthild de_Meike de_Melanie de_Melina-Marie de_Merle de_Meta
		de_Michaela de_Mieke de_Minna de_Mirjam de_Mitzi de_Monika de_Nadine de_Nadja
		de_Nanni de_Natalie de_Natascha de_Nella de_Nena de_Nicole de_Nida de_Nikola de_Nina
		de_Notburga de_Olga de_Olympie de_Ortun de_Ortrud de_Ossi de_Ottilie de_Patrizia
		de_Paula de_Pauline de_Petra de_Phoebe de_Porsche de_Rahel de_Ramona de_Rebekka
		de_Regina de_Regula de_Reintraud de_Renate de_Resi de_Ria de_Rita de_Romi de_Ronja
		de_Rosa de_Rosalinde de_Rosamunde de_Rosemarie de_Roswitha de_Ruth de_Sabine
		de_Sabrina de_Sandra de_Sara de_Selina de_Senta de_Sibylle de_Sieglinde de_Sigrid
		de_Silja de_Silke de_Simone de_Sina de_Sinikka de_Sonja de_Sophia de_Stefanie de_Stella
		de_Susanne de_Swenja de_Sylvia de_Tabea de_Tamara de_Tanja de_Tatiana de_Tereza
		de_Thekla de_Theresa de_Thilde de_Tonja de_Traute de_Trina de_Trixi de_Ulla de_Ulrike
		de_Ursula de_Usel de_Uta de_Vanessa de_Vera de_Verena de_Veronika de_Viktoria
		de_Vinzentia de_Viola de_Virginie de_Waltraud de_Weike de_Wendelgard de_Wiebke
		de_Wilhelmina de_Zoelestine
			}
			family = {
				dyn_de_Schmidt.dyn_de_Schmidt.dyn_de_Schmidt.dyn_de_Schmidt
				dyn_de_Meyer.dyn_de_Meyer.dyn_de_Meyer.dyn_de_Meyer
				dyn_de_Hoffman.dyn_de_Hoffman.dyn_de_Hoffman.dyn_de_Hoffman
				dyn_de_Beck.dyn_de_Beck.dyn_de_Beck.dyn_de_Beck
				dyn_de_Schultz.dyn_de_Schultz.dyn_de_Schultz.dyn_de_Schultz
				dyn_de_Keller.dyn_de_Keller.dyn_de_Keller.dyn_de_Keller
				dyn_de_Weber.dyn_de_Weber.dyn_de_Weber.dyn_de_Weber
				dyn_de_Schneider.dyn_de_Schneider.dyn_de_Schneider.dyn_de_Schneider
				dyn_de_Becker.dyn_de_Becker.dyn_de_Becker.dyn_de_Becker
				dyn_de_Gross.dyn_de_Gross.dyn_de_Gross.dyn_de_Gross
				dyn_de_Zimmerman.dyn_de_Zimmerman.dyn_de_Zimmerman.dyn_de_Zimmerman
				dyn_de_Wolf.dyn_de_Wolf.dyn_de_Wolf.dyn_de_Wolf
				dyn_de_Kramer.dyn_de_Kramer.dyn_de_Kramer.dyn_de_Kramer
				dyn_de_Shaffer.dyn_de_Shaffer.dyn_de_Shaffer.dyn_de_Shaffer
				dyn_de_Fischer.dyn_de_Fischer.dyn_de_Fischer.dyn_de_Fischer
				dyn_de_Meyers.dyn_de_Meyers.dyn_de_Meyers.dyn_de_Meyers
				dyn_de_Schroeder.dyn_de_Schroeder.dyn_de_Schroeder.dyn_de_Schroeder
				dyn_de_Hartman.dyn_de_Hartman.dyn_de_Hartman.dyn_de_Hartman
				dyn_de_Mueller.dyn_de_Mueller.dyn_de_Mueller.dyn_de_Mueller
				dyn_de_Bauer.dyn_de_Bauer.dyn_de_Bauer.dyn_de_Bauer
				dyn_de_Acker.dyn_de_Acker.dyn_de_Acker.dyn_de_Acker
				dyn_de_Ackerman.dyn_de_Ackerman.dyn_de_Ackerman.dyn_de_Ackerman
				dyn_de_Albrecht.dyn_de_Albrecht.dyn_de_Albrecht.dyn_de_Albrecht
				dyn_de_Altman.dyn_de_Altman.dyn_de_Altman.dyn_de_Altman
				dyn_de_Arnold.dyn_de_Arnold.dyn_de_Arnold.dyn_de_Arnold
				dyn_de_Baer.dyn_de_Baer.dyn_de_Baer.dyn_de_Baer
				dyn_de_Barger.dyn_de_Barger.dyn_de_Barger.dyn_de_Barger
				dyn_de_Barnhart.dyn_de_Barnhart.dyn_de_Barnhart.dyn_de_Barnhart
				dyn_de_Bauman.dyn_de_Bauman.dyn_de_Bauman.dyn_de_Bauman
				dyn_de_Beckman.dyn_de_Beckman.dyn_de_Beckman.dyn_de_Beckman
				dyn_de_Bender.dyn_de_Bender.dyn_de_Bender.dyn_de_Bender
				dyn_de_Berg.dyn_de_Berg.dyn_de_Berg.dyn_de_Berg
				dyn_de_Berger.dyn_de_Berger.dyn_de_Berger.dyn_de_Berger
				dyn_de_Beyer.dyn_de_Beyer.dyn_de_Beyer.dyn_de_Beyer
				dyn_de_Block.dyn_de_Block.dyn_de_Block.dyn_de_Block
				dyn_de_Brandt.dyn_de_Brandt.dyn_de_Brandt.dyn_de_Brandt
				dyn_de_Braun.dyn_de_Braun.dyn_de_Braun.dyn_de_Braun
				dyn_de_Brenner.dyn_de_Brenner.dyn_de_Brenner.dyn_de_Brenner
				dyn_de_Brucker.dyn_de_Brucker.dyn_de_Brucker.dyn_de_Brucker
				dyn_de_Bruner.dyn_de_Bruner.dyn_de_Bruner.dyn_de_Bruner
				dyn_de_Brunner.dyn_de_Brunner.dyn_de_Brunner.dyn_de_Brunner
				dyn_de_Buckner.dyn_de_Buckner.dyn_de_Buckner.dyn_de_Buckner
				dyn_de_Burger.dyn_de_Burger.dyn_de_Burger.dyn_de_Burger
				dyn_de_Burkhart.dyn_de_Burkhart.dyn_de_Burkhart.dyn_de_Burkhart
				dyn_de_Busch.dyn_de_Busch.dyn_de_Busch.dyn_de_Busch
				dyn_de_Butts.dyn_de_Butts.dyn_de_Butts.dyn_de_Butts
				dyn_de_Cagle.dyn_de_Cagle.dyn_de_Cagle.dyn_de_Cagle
				dyn_de_Cline.dyn_de_Cline.dyn_de_Cline.dyn_de_Cline
				dyn_de_Coffman.dyn_de_Coffman.dyn_de_Coffman.dyn_de_Coffman
				dyn_de_Coon.dyn_de_Coon.dyn_de_Coon.dyn_de_Coon
				dyn_de_Conrad.dyn_de_Conrad.dyn_de_Conrad.dyn_de_Conrad
				dyn_de_Cramer.dyn_de_Cramer.dyn_de_Cramer.dyn_de_Cramer
				dyn_de_Decker.dyn_de_Decker.dyn_de_Decker.dyn_de_Decker
				dyn_de_Dick.dyn_de_Dick.dyn_de_Dick.dyn_de_Dick
				dyn_de_Diehl.dyn_de_Diehl.dyn_de_Diehl.dyn_de_Diehl
				dyn_de_Dietrich.dyn_de_Dietrich.dyn_de_Dietrich.dyn_de_Dietrich
				dyn_de_Dietz.dyn_de_Dietz.dyn_de_Dietz.dyn_de_Dietz
				dyn_de_Doss.dyn_de_Doss.dyn_de_Doss.dyn_de_Doss
				dyn_de_Eckert.dyn_de_Eckert.dyn_de_Eckert.dyn_de_Eckert
				dyn_de_Eller.dyn_de_Eller.dyn_de_Eller.dyn_de_Eller
				dyn_de_Engel.dyn_de_Engel.dyn_de_Engel.dyn_de_Engel
				dyn_de_Engle.dyn_de_Engle.dyn_de_Engle.dyn_de_Engle
				dyn_de_Epps.dyn_de_Epps.dyn_de_Epps.dyn_de_Epps
				dyn_de_Ernst.dyn_de_Ernst.dyn_de_Ernst.dyn_de_Ernst
				dyn_de_Faust.dyn_de_Faust.dyn_de_Faust.dyn_de_Faust
				dyn_de_Fink.dyn_de_Fink.dyn_de_Fink.dyn_de_Fink
				dyn_de_Foss.dyn_de_Foss.dyn_de_Foss.dyn_de_Foss
				dyn_de_Frank.dyn_de_Frank.dyn_de_Frank.dyn_de_Frank
				dyn_de_Franks.dyn_de_Franks.dyn_de_Franks.dyn_de_Franks
				dyn_de_Frederick.dyn_de_Frederick.dyn_de_Frederick.dyn_de_Frederick
				dyn_de_Frey.dyn_de_Frey.dyn_de_Frey.dyn_de_Frey
				dyn_de_Fritz.dyn_de_Fritz.dyn_de_Fritz.dyn_de_Fritz
				dyn_de_Funk.dyn_de_Funk.dyn_de_Funk.dyn_de_Funk
				dyn_de_Gee.dyn_de_Gee.dyn_de_Gee.dyn_de_Gee
				dyn_de_Geiger.dyn_de_Geiger.dyn_de_Geiger.dyn_de_Geiger
				dyn_de_Gerber.dyn_de_Gerber.dyn_de_Gerber.dyn_de_Gerber
				dyn_de_German.dyn_de_German.dyn_de_German.dyn_de_German
				dyn_de_Glass.dyn_de_Glass.dyn_de_Glass.dyn_de_Glass
				dyn_de_Goetz.dyn_de_Goetz.dyn_de_Goetz.dyn_de_Goetz
				dyn_de_Golden.dyn_de_Golden.dyn_de_Golden.dyn_de_Golden
				dyn_de_Goss.dyn_de_Goss.dyn_de_Goss.dyn_de_Goss
				dyn_de_Grimm.dyn_de_Grimm.dyn_de_Grimm.dyn_de_Grimm
				dyn_de_Grossman.dyn_de_Grossman.dyn_de_Grossman.dyn_de_Grossman
				dyn_de_Gunter.dyn_de_Gunter.dyn_de_Gunter.dyn_de_Gunter
				dyn_de_Haas.dyn_de_Haas.dyn_de_Haas.dyn_de_Haas
				dyn_de_Hagen.dyn_de_Hagen.dyn_de_Hagen.dyn_de_Hagen
				dyn_de_Hahn.dyn_de_Hahn.dyn_de_Hahn.dyn_de_Hahn
				dyn_de_Hamm.dyn_de_Hamm.dyn_de_Hamm.dyn_de_Hamm
				dyn_de_Hammer.dyn_de_Hammer.dyn_de_Hammer.dyn_de_Hammer
				dyn_de_Hanks.dyn_de_Hanks.dyn_de_Hanks.dyn_de_Hanks
				dyn_de_Harms.dyn_de_Harms.dyn_de_Harms.dyn_de_Harms
				dyn_de_Hawley.dyn_de_Hawley.dyn_de_Hawley.dyn_de_Hawley
				dyn_de_Hebert.dyn_de_Hebert.dyn_de_Hebert.dyn_de_Hebert
				dyn_de_Heck.dyn_de_Heck.dyn_de_Heck.dyn_de_Heck
				dyn_de_Hedrick.dyn_de_Hedrick.dyn_de_Hedrick.dyn_de_Hedrick
				dyn_de_Heller.dyn_de_Heller.dyn_de_Heller.dyn_de_Heller
				dyn_de_Hendricks.dyn_de_Hendricks.dyn_de_Hendricks.dyn_de_Hendricks
				dyn_de_Hendrix.dyn_de_Hendrix.dyn_de_Hendrix.dyn_de_Hendrix
				dyn_de_Herring.dyn_de_Herring.dyn_de_Herring.dyn_de_Herring
				dyn_de_Hess.dyn_de_Hess.dyn_de_Hess.dyn_de_Hess
				dyn_de_Hester.dyn_de_Hester.dyn_de_Hester.dyn_de_Hester
				dyn_de_Hiedrick.dyn_de_Hiedrick.dyn_de_Hiedrick.dyn_de_Hiedrick
				dyn_de_Hinkle.dyn_de_Hinkle.dyn_de_Hinkle.dyn_de_Hinkle
				dyn_de_Hoff.dyn_de_Hoff.dyn_de_Hoff.dyn_de_Hoff
				dyn_de_Hoover.dyn_de_Hoover.dyn_de_Hoover.dyn_de_Hoover
				dyn_de_Huber.dyn_de_Huber.dyn_de_Huber.dyn_de_Huber
				dyn_de_Huff.dyn_de_Huff.dyn_de_Huff.dyn_de_Huff
				dyn_de_Hummel.dyn_de_Hummel.dyn_de_Hummel.dyn_de_Hummel
				dyn_de_Jacob.dyn_de_Jacob.dyn_de_Jacob.dyn_de_Jacob
				dyn_de_Kaiser.dyn_de_Kaiser.dyn_de_Kaiser.dyn_de_Kaiser
				dyn_de_Kauffman.dyn_de_Kauffman.dyn_de_Kauffman.dyn_de_Kauffman
				dyn_de_Kaufman.dyn_de_Kaufman.dyn_de_Kaufman.dyn_de_Kaufman
				dyn_de_Kessler.dyn_de_Kessler.dyn_de_Kessler.dyn_de_Kessler
				dyn_de_Klein.dyn_de_Klein.dyn_de_Klein.dyn_de_Klein
				dyn_de_Kline.dyn_de_Kline.dyn_de_Kline.dyn_de_Kline
				dyn_de_Koch.dyn_de_Koch.dyn_de_Koch.dyn_de_Koch
				dyn_de_Koehler.dyn_de_Koehler.dyn_de_Koehler.dyn_de_Koehler
				dyn_de_Koenig.dyn_de_Koenig.dyn_de_Koenig.dyn_de_Koenig
				dyn_de_Kohler.dyn_de_Kohler.dyn_de_Kohler.dyn_de_Kohler
				dyn_de_Kraft.dyn_de_Kraft.dyn_de_Kraft.dyn_de_Kraft
				dyn_de_Krause.dyn_de_Krause.dyn_de_Krause.dyn_de_Krause
				dyn_de_Krueger.dyn_de_Krueger.dyn_de_Krueger.dyn_de_Krueger
				dyn_de_Kruse.dyn_de_Kruse.dyn_de_Kruse.dyn_de_Kruse
				dyn_de_Kuhn.dyn_de_Kuhn.dyn_de_Kuhn.dyn_de_Kuhn
				dyn_de_Kurtz.dyn_de_Kurtz.dyn_de_Kurtz.dyn_de_Kurtz
				dyn_de_Ladner.dyn_de_Ladner.dyn_de_Ladner.dyn_de_Ladner
				dyn_de_Lang.dyn_de_Lang.dyn_de_Lang.dyn_de_Lang
				dyn_de_Lehman.dyn_de_Lehman.dyn_de_Lehman.dyn_de_Lehman
				dyn_de_Lenitz.dyn_de_Lenitz.dyn_de_Lenitz.dyn_de_Lenitz
				dyn_de_Linder.dyn_de_Linder.dyn_de_Linder.dyn_de_Linder
				dyn_de_Lorenz.dyn_de_Lorenz.dyn_de_Lorenz.dyn_de_Lorenz
				dyn_de_Lowe.dyn_de_Lowe.dyn_de_Lowe.dyn_de_Lowe
				dyn_de_Ludwig.dyn_de_Ludwig.dyn_de_Ludwig.dyn_de_Ludwig
				dyn_de_Lutz.dyn_de_Lutz.dyn_de_Lutz.dyn_de_Lutz
				dyn_de_Mann.dyn_de_Mann.dyn_de_Mann.dyn_de_Mann
				dyn_de_Mathis.dyn_de_Mathis.dyn_de_Mathis.dyn_de_Mathis
				dyn_de_Maurer.dyn_de_Maurer.dyn_de_Maurer.dyn_de_Maurer
				dyn_de_Mayer.dyn_de_Mayer.dyn_de_Mayer.dyn_de_Mayer
				dyn_de_Meier.dyn_de_Meier.dyn_de_Meier.dyn_de_Meier
				dyn_de_Metz.dyn_de_Metz.dyn_de_Metz.dyn_de_Metz
				dyn_de_Metzger.dyn_de_Metzger.dyn_de_Metzger.dyn_de_Metzger
				dyn_de_Mock.dyn_de_Mock.dyn_de_Mock.dyn_de_Mock
				dyn_de_Mohr.dyn_de_Mohr.dyn_de_Mohr.dyn_de_Mohr
				dyn_de_Moser.dyn_de_Moser.dyn_de_Moser.dyn_de_Moser
				dyn_de_Mosher.dyn_de_Mosher.dyn_de_Mosher.dyn_de_Mosher
				dyn_de_Moss.dyn_de_Moss.dyn_de_Moss.dyn_de_Moss
				dyn_de_Muller.dyn_de_Muller.dyn_de_Muller.dyn_de_Muller
				dyn_de_Myers.dyn_de_Myers.dyn_de_Myers.dyn_de_Myers
				dyn_de_Neff.dyn_de_Neff.dyn_de_Neff.dyn_de_Neff
				dyn_de_Otto.dyn_de_Otto.dyn_de_Otto.dyn_de_Otto
				dyn_de_Rader.dyn_de_Rader.dyn_de_Rader.dyn_de_Rader
				dyn_de_Richter.dyn_de_Richter.dyn_de_Richter.dyn_de_Richter
				dyn_de_Ritter.dyn_de_Ritter.dyn_de_Ritter.dyn_de_Ritter
				dyn_de_Rosen.dyn_de_Rosen.dyn_de_Rosen.dyn_de_Rosen
				dyn_de_Rucker.dyn_de_Rucker.dyn_de_Rucker.dyn_de_Rucker
				dyn_de_Rushing.dyn_de_Rushing.dyn_de_Rushing.dyn_de_Rushing
				dyn_de_Ruth.dyn_de_Ruth.dyn_de_Ruth.dyn_de_Ruth
				dyn_de_Sapp.dyn_de_Sapp.dyn_de_Sapp.dyn_de_Sapp
				dyn_de_Schaefer.dyn_de_Schaefer.dyn_de_Schaefer.dyn_de_Schaefer
				dyn_de_Schaeffer.dyn_de_Schaeffer.dyn_de_Schaeffer.dyn_de_Schaeffer
				dyn_de_Schafer.dyn_de_Schafer.dyn_de_Schafer.dyn_de_Schafer
				dyn_de_Schaffer.dyn_de_Schaffer.dyn_de_Schaffer.dyn_de_Schaffer
				dyn_de_Schell.dyn_de_Schell.dyn_de_Schell.dyn_de_Schell
				dyn_de_Schmitt.dyn_de_Schmitt.dyn_de_Schmitt.dyn_de_Schmitt
				dyn_de_Schmitz.dyn_de_Schmitz.dyn_de_Schmitz.dyn_de_Schmitz
				dyn_de_Schreiber.dyn_de_Schreiber.dyn_de_Schreiber.dyn_de_Schreiber
				dyn_de_Schulz.dyn_de_Schulz.dyn_de_Schulz.dyn_de_Schulz
				dyn_de_Schumacher.dyn_de_Schumacher.dyn_de_Schumacher.dyn_de_Schumacher
				dyn_de_Schuster.dyn_de_Schuster.dyn_de_Schuster.dyn_de_Schuster
				dyn_de_Shafer.dyn_de_Shafer.dyn_de_Shafer.dyn_de_Shafer
				dyn_de_Shaver.dyn_de_Shaver.dyn_de_Shaver.dyn_de_Shaver
				dyn_de_Sherman.dyn_de_Sherman.dyn_de_Sherman.dyn_de_Sherman
				dyn_de_Shultz.dyn_de_Shultz.dyn_de_Shultz.dyn_de_Shultz
				dyn_de_Siegel.dyn_de_Siegel.dyn_de_Siegel.dyn_de_Siegel
				dyn_de_Spangler.dyn_de_Spangler.dyn_de_Spangler.dyn_de_Spangler
				dyn_de_Spann.dyn_de_Spann.dyn_de_Spann.dyn_de_Spann
				dyn_de_Springer.dyn_de_Springer.dyn_de_Springer.dyn_de_Springer
				dyn_de_Stover.dyn_de_Stover.dyn_de_Stover.dyn_de_Stover
				dyn_de_Swartz.dyn_de_Swartz.dyn_de_Swartz.dyn_de_Swartz
				dyn_de_Switzer.dyn_de_Switzer.dyn_de_Switzer.dyn_de_Switzer
				dyn_de_Ulrich.dyn_de_Ulrich.dyn_de_Ulrich.dyn_de_Ulrich
				dyn_de_Unger.dyn_de_Unger.dyn_de_Unger.dyn_de_Unger
				dyn_de_Varner.dyn_de_Varner.dyn_de_Varner.dyn_de_Varner
				dyn_de_Vogel.dyn_de_Vogel.dyn_de_Vogel.dyn_de_Vogel
				dyn_de_Vogt.dyn_de_Vogt.dyn_de_Vogt.dyn_de_Vogt
				dyn_de_Wagner.dyn_de_Wagner.dyn_de_Wagner.dyn_de_Wagner
				dyn_de_Weiner.dyn_de_Weiner.dyn_de_Weiner.dyn_de_Weiner
				dyn_de_Weiss.dyn_de_Weiss.dyn_de_Weiss.dyn_de_Weiss
				dyn_de_Werner.dyn_de_Werner.dyn_de_Werner.dyn_de_Werner
				dyn_de_Wetzel.dyn_de_Wetzel.dyn_de_Wetzel.dyn_de_Wetzel
				dyn_de_Wilhelm.dyn_de_Wilhelm.dyn_de_Wilhelm.dyn_de_Wilhelm
				dyn_de_Winkler.dyn_de_Winkler.dyn_de_Winkler.dyn_de_Winkler
				dyn_de_Winter.dyn_de_Winter.dyn_de_Winter.dyn_de_Winter
				dyn_de_Witt.dyn_de_Witt.dyn_de_Witt.dyn_de_Witt
				dyn_de_Wolff.dyn_de_Wolff.dyn_de_Wolff.dyn_de_Wolff
				dyn_de_Yeager.dyn_de_Yeager.dyn_de_Yeager.dyn_de_Yeager
				dyn_de_Yoder.dyn_de_Yoder.dyn_de_Yoder.dyn_de_Yoder
				dyn_de_Zeigler.dyn_de_Zeigler.dyn_de_Zeigler.dyn_de_Zeigler
				dyn_de_Ziegler.dyn_de_Ziegler.dyn_de_Ziegler.dyn_de_Ziegler
				dyn_de_Zimmer.dyn_de_Zimmer.dyn_de_Zimmer.dyn_de_Zimmer
			}
		}
		cajun = {} #ADD FRENCH NAMES
	}
	
	barbarian_names = { ANGLOAMERICAN }
	
	graphical_culture = nordic_1815_gfx
	
	ethnicities = {
		10 = western
		30 = northern
	}	
}