aryan = {
	#aryan (northern)
	color = hsv { 0.05 1 0.9 }

    levy_template = levy_conscripts

    primary = conscripts
    secondary = conscripts
    flank = conscripts

    primary_navy = tetrere
    secondary_navy = octere
    flank_navy = liburnian
    male_names = {
		Ashoka Bhadrasena Bhutapala Bindusara Brihadratha Chandragupta
		Dasharatha Dashasidkhaka Devavarman Dhana Dhanananda Govishanaka
		Hastisaha Jalika Kaivarta Kakavarna Karvinatha Kharavela Khemaraja
		Korandavarna Koravya Lalaka Mahanandin Mahapadma Mahinda Mangura
		Nandivardhana Panchamaka Pandhuka Panghupati Rashtrapala Samprati
		Sanjaya Sarvanjaha Shalishuka Shashigupta Shatadhanvan Shishunga
		Ubhaka Vadukha Vakradeva Vriddharaja
		Pasenadi Virudhaka Ajatashatru Udayin Nagadasaka Chanakya Vishnugupt
		Parvatka Vhardana Amar Ananda Gopinatha 
	}
	
	female_names = {
		Dhusi Durdhara Sanghamitta Subhadrangi Vajira Padmavati Dharini Subadhra Chellna Basavadatta Nela Radhika Rakjumari Shakuntala Rupa Rashmi Priyanka
		Rakjumarini Sangi Radhra Basavati Durdhari Dhara Prini Rasavatta Dhakunta
	}
	
	family = {
		Maurya.Maurya.Maurya.Mauryan
		Haryanka.Haryanka.Haryanka.Haryankan
		Shishunaga.Shishunaga.Shishunaga.Shishunagan
		Shunga.Shunga.Shunga.Shungan
		Nanda.Nanda.Nanda.Nandan
		Brihadratha.Brihadratha.Brihadratha.Brihadrathan
		Haihaya.Haihaya.Haihaya.Haihayan
		Pradyota.Pradyota.Pradyota.Pradyotan
		Kuru.Kuru.Kuru.Kuran
		Vatsa.Vatsa.Vatsa.Vatsan
		Mahameghavahana.Mahameghavahana.Mahameghavahana.Mahameghavahanan
		Yavana.Yavana.Yavana.Yavanid
		Shuka.Shuka.Shuka.Shukan
		Kirata.Kirata.Kirata.Kiratan
		Bahlika.Bahlika.Bahlika.Bahlikan
		Prahaya.Prahaya.Prahaya.Prahayan
		Vata.Vata.Vata.Vatan
		Raiyana.Raiyana.Raiyana.Raiyanid
	}
	
	culture = {
		vidharban = {
			male_names = {
				mr_Aakhya mr_Adhrgu mr_Alagumuthu mr_Dhaval mr_Ilesh mr_Namniya
				mr_Narvel mr_Navjat mr_Nidhra mr_Nishakant mr_Nivant mr_Nrupal mr_Osho
				mr_Prahas mr_Prahaval mr_Prajnan mr_Pramti mr_Pramukh mr_Pranal mr_Praruj
				mr_Prasan mr_Prasang mr_Prasat mr_Prashal mr_Prasiddhi mr_Prasvar mr_Prateem
				mr_Prathinav mr_Prathit mr_Prathmesh mr_Prathu mr_Pratibal mr_Pratibhanu
				mr_Pratibhavan mr_Pratiman mr_Pratinav mr_Pratipan mr_Pravasu mr_Pravek
				mr_Praver mr_Prayaag mr_Predesh mr_Premajit mr_Preman mr_Prinan mr_Prithujay
				mr_Prithutam mr_Prithvij mr_Priyak mr_Pruthviraj mr_Pujyakoti mr_Punag mr_Punan
				mr_Punyajit mr_Puranjan mr_Purendu mr_Puruvas mr_Pushpin mr_Pushpit mr_Pushpraj
				mr_Puttal mr_Pyarelal mr_Rewat mr_Rujul mr_Sirak
			}
			female_names = {
				mr_Aaruni mr_Akshayaa mr_Bhagyashi mr_Bhandishtha mr_Bhavanika mr_Bhavanjali
				mr_Bhaveeka mr_Bhavyani mr_Dharaa mr_Dharika mr_Dharmi mr_Dharuna
				mr_Kamda mr_Manadha mr_Manasika mr_Manayi mr_Mandra mr_Manitha mr_Manjori
				mr_Mannya mr_Manshvi mr_Manva mr_Mohi mr_Morya mr_Nakusha mr_Nakushi
				mr_Pradha mr_Prahi mr_Prashvi mr_Pratulya mr_Pravika mr_Praxi mr_Pujya mr_Pushpaja
				mr_Rajeswri mr_Rajitha mr_Rajrajeshwari mr_Reneeka mr_Reshika mr_Shemunshi
				mr_Shemushi mr_Shivagami mr_Shivankruti mr_Shivanta mr_Shivanti mr_Shivanya
				mr_Shivasundari mr_Shivaya mr_Shubhita mr_Shukarata mr_Shuki mr_Shulka
				mr_Shumi mr_Vedakshi mr_Vedangi mr_Vedanti mr_Vedashri mr_Vedasya mr_Vedica
				mr_Vedisha mr_Veditha mr_Vedvika
			}
			family = {
				dyn_mr_Aadekar.dyn_mr_Aadekar.dyn_mr_Aadekar.dyn_mr_Aadekar
				dyn_mr_Ahale.dyn_mr_Ahale.dyn_mr_Ahale.dyn_mr_Ahale
				dyn_mr_Ambedkar.dyn_mr_Ambedkar.dyn_mr_Ambedkar.dyn_mr_Ambedkar
				dyn_mr_Bapat.dyn_mr_Bapat.dyn_mr_Bapat.dyn_mr_Bapat
				dyn_mr_Bhede.dyn_mr_Bhede.dyn_mr_Bhede.dyn_mr_Bhede
				dyn_mr_Chandekar.dyn_mr_Chandekar.dyn_mr_Chandekar.dyn_mr_Chandekar
				dyn_mr_Chaatre.dyn_mr_Chaatre.dyn_mr_Chaatre.dyn_mr_Chaatre
				dyn_mr_Chitre.dyn_mr_Chitre.dyn_mr_Chitre.dyn_mr_Chitre
				dyn_mr_Deo.dyn_mr_Deo.dyn_mr_Deo.dyn_mr_Deo
				dyn_mr_Deshmukh.dyn_mr_Deshmukh.dyn_mr_Deshmukh.dyn_mr_Deshmukh
				dyn_mr_Deshpande.dyn_mr_Deshpande.dyn_mr_Deshpande.dyn_mr_Deshpande
				dyn_mr_Divekar.dyn_mr_Divekar.dyn_mr_Divekar.dyn_mr_Divekar
				dyn_mr_Gaitonde.dyn_mr_Gaitonde.dyn_mr_Gaitonde.dyn_mr_Gaitonde
				dyn_mr_Gaonkar.dyn_mr_Gaonkar.dyn_mr_Gaonkar.dyn_mr_Gaonkar
				dyn_mr_Gavaskar.dyn_mr_Gavaskar.dyn_mr_Gavaskar.dyn_mr_Gavaskar
				dyn_mr_Gawali.dyn_mr_Gawali.dyn_mr_Gawali.dyn_mr_Gawali
				dyn_mr_Holkar.dyn_mr_Holkar.dyn_mr_Holkar.dyn_mr_Holkar
				dyn_mr_Kamat.dyn_mr_Kamat.dyn_mr_Kamat.dyn_mr_Kamat
				dyn_mr_Kamble.dyn_mr_Kamble.dyn_mr_Kamble.dyn_mr_Kamble
				dyn_mr_Kapse.dyn_mr_Kapse.dyn_mr_Kapse.dyn_mr_Kapse
				dyn_mr_Kharche.dyn_mr_Kharche.dyn_mr_Kharche.dyn_mr_Kharche
				dyn_mr_Khare.dyn_mr_Khare.dyn_mr_Khare.dyn_mr_Khare
				dyn_mr_Kolhe.dyn_mr_Kolhe.dyn_mr_Kolhe.dyn_mr_Kolhe
				dyn_mr_Kulkarni.dyn_mr_Kulkarni.dyn_mr_Kulkarni.dyn_mr_Kulkarni
				dyn_mr_Landage.dyn_mr_Landage.dyn_mr_Landage.dyn_mr_Landage
				dyn_mr_Lokhande.dyn_mr_Lokhande.dyn_mr_Lokhande.dyn_mr_Lokhande
				dyn_mr_Maali.dyn_mr_Maali.dyn_mr_Maali.dyn_mr_Maali
				dyn_mr_Matkari.dyn_mr_Matkari.dyn_mr_Matkari.dyn_mr_Matkari
				dyn_mr_Manjrekar.dyn_mr_Manjrekar.dyn_mr_Manjrekar.dyn_mr_Manjrekar
				dyn_mr_Mangeshkar.dyn_mr_Mangeshkar.dyn_mr_Mangeshkar.dyn_mr_Mangeshkar
				dyn_mr_Mhalsalkar.dyn_mr_Mhalsalkar.dyn_mr_Mhalsalkar.dyn_mr_Mhalsalkar
				dyn_mr_Mukadam.dyn_mr_Mukadam.dyn_mr_Mukadam.dyn_mr_Mukadam
				dyn_mr_Naik.dyn_mr_Naik.dyn_mr_Naik.dyn_mr_Naik
				dyn_mr_Nene.dyn_mr_Nene.dyn_mr_Nene.dyn_mr_Nene
				dyn_mr_Patil.dyn_mr_Patil.dyn_mr_Patil.dyn_mr_Patil
				dyn_mr_Pokharkar.dyn_mr_Pokharkar.dyn_mr_Pokharkar.dyn_mr_Pokharkar
				dyn_mr_Pujari.dyn_mr_Pujari.dyn_mr_Pujari.dyn_mr_Pujari
				dyn_mr_Raaje.dyn_mr_Raaje.dyn_mr_Raaje.dyn_mr_Raaje
				dyn_mr_Ratnaparakhi.dyn_mr_Ratnaparakhi.dyn_mr_Ratnaparakhi.dyn_mr_Ratnaparakhi
				dyn_mr_Sahasrabuddhe.dyn_mr_Sahasrabuddhe.dyn_mr_Sahasrabuddhe.dyn_mr_Sahasrabuddhe
				dyn_mr_Shahane.dyn_mr_Shahane.dyn_mr_Shahane.dyn_mr_Shahane
				dyn_mr_Shirke.dyn_mr_Shirke.dyn_mr_Shirke.dyn_mr_Shirke
				dyn_mr_Shiwde.dyn_mr_Shiwde.dyn_mr_Shiwde.dyn_mr_Shiwde
				dyn_mr_Sonar.dyn_mr_Sonar.dyn_mr_Sonar.dyn_mr_Sonar
				dyn_mr_Tendulkar.dyn_mr_Tendulkar.dyn_mr_Tendulkar.dyn_mr_Tendulkar
				dyn_mr_Tipnis.dyn_mr_Tipnis.dyn_mr_Tipnis.dyn_mr_Tipnis
				dyn_mr_Vedpathak.dyn_mr_Vedpathak.dyn_mr_Vedpathak.dyn_mr_Vedpathak
				dyn_mr_Vichaare.dyn_mr_Vichaare.dyn_mr_Vichaare.dyn_mr_Vichaare
				dyn_mr_Veerkar.dyn_mr_Veerkar.dyn_mr_Veerkar.dyn_mr_Veerkar
				dyn_mr_Wagh.dyn_mr_Wagh.dyn_mr_Wagh.dyn_mr_Wagh
				dyn_mr_Waghdhare.dyn_mr_Waghdhare.dyn_mr_Waghdhare.dyn_mr_Waghdhare
				dyn_mr_Waghmare.dyn_mr_Waghmare.dyn_mr_Waghmare.dyn_mr_Waghmare
			}
		}
		saurashtran = {
			male_names = {
				gu_Abhishek gu_Ajay gu_Akshay gu_Anand gu_Anil gu_Ankit gu_Arjun
				gu_Arun gu_Ashish gu_Ashok gu_Brijesh gu_Chetan gu_Darshan gu_Deep
				gu_Deepak gu_Dhaval gu_Dilip gu_Dinesh gu_Dip gu_Dipak gu_Harish gu_Harsh
				gu_Harshal gu_Hira gu_Jagdish gu_Jay gu_Jayesh gu_Jitendra gu_Kamal gu_Karan
				gu_Kiran gu_Kishan gu_Krishna gu_Kumar gu_Kunal gu_Mahendra gu_Mahesh gu_Manoj
				gu_Mayur gu_Mitul gu_Mukesh gu_Narendra gu_Neeraj gu_Nikhil gu_Niraj gu_Nirav
				gu_Nishant gu_Nitin gu_Pankaj gu_Parth gu_Prakash gu_Pranav gu_Prateek
				gu_Pratik gu_Praveen gu_Pravin gu_Rahul gu_Raj gu_Rajendra gu_Rajesh
				gu_Rakesh gu_Ramesh gu_Ravi gu_Rohit gu_Sachin gu_Samir gu_Sandip gu_Sanjay
				gu_Sanjeev gu_Shekhar gu_Siddharth gu_Subhash gu_Sumil gu_Suraj gu_Tushar
				gu_Vasant gu_Vikram gu_Vipul gu_Viraj gu_Vishal gu_Vivek	gu_Yash
			}
			female_names = {
				gu_Ankita gu_Avani gu_Hira gu_Kiran gu_Neha gu_Nisha gu_Pooja gu_Prachi gu_Preeti
				gu_Priti gu_Puja gu_Rachana gu_Radhika gu_Shreya gu_Shweta gu_Sonal gu_Tejal
				gu_Urvi gu_Varsha
			}
			family = {
				dyn_gu_Acharya.dyn_gu_Acharya.dyn_gu_Acharya.dyn_gu_Acharya
				dyn_gu_Adhvaryu.dyn_gu_Adhvaryu.dyn_gu_Adhvaryu.dyn_gu_Adhvaryu
				dyn_gu_Ambani.dyn_gu_Ambani.dyn_gu_Ambani.dyn_gu_Ambani
				dyn_gu_Amin.dyn_gu_Amin.dyn_gu_Amin.dyn_gu_Amin
				dyn_gu_Amroliwala.dyn_gu_Amroliwala.dyn_gu_Amroliwala.dyn_gu_Amroliwala
				dyn_gu_Barot.dyn_gu_Barot.dyn_gu_Barot.dyn_gu_Barot
				dyn_gu_Choksi.dyn_gu_Choksi.dyn_gu_Choksi.dyn_gu_Choksi
				dyn_gu_Chowdhury.dyn_gu_Chowdhury.dyn_gu_Chowdhury.dyn_gu_Chowdhury
				dyn_gu_Dalal.dyn_gu_Dalal.dyn_gu_Dalal.dyn_gu_Dalal
				dyn_gu_Daruwala.dyn_gu_Daruwala.dyn_gu_Daruwala.dyn_gu_Daruwala
				dyn_gu_Dave.dyn_gu_Dave.dyn_gu_Dave.dyn_gu_Dave
				dyn_gu_Desai.dyn_gu_Desai.dyn_gu_Desai.dyn_gu_Desai
				dyn_gu_Dholakia.dyn_gu_Dholakia.dyn_gu_Dholakia.dyn_gu_Dholakia
				dyn_gu_Doshi.dyn_gu_Doshi.dyn_gu_Doshi.dyn_gu_Doshi
				dyn_gu_Gandhi.dyn_gu_Gandhi.dyn_gu_Gandhi.dyn_gu_Gandhi
				dyn_gu_Gajjar.dyn_gu_Gajjar.dyn_gu_Gajjar.dyn_gu_Gajjar
				dyn_gu_Ganjawala.dyn_gu_Ganjawala.dyn_gu_Ganjawala.dyn_gu_Ganjawala
				dyn_gu_Gupta.dyn_gu_Gupta.dyn_gu_Gupta.dyn_gu_Gupta
				dyn_gu_Hathiwala.dyn_gu_Hathiwala.dyn_gu_Hathiwala.dyn_gu_Hathiwala
				dyn_gu_Jain.dyn_gu_Jain.dyn_gu_Jain.dyn_gu_Jain
				dyn_gu_Jariwala.dyn_gu_Jariwala.dyn_gu_Jariwala.dyn_gu_Jariwala
				dyn_gu_Joshi.dyn_gu_Joshi.dyn_gu_Joshi.dyn_gu_Joshi
				dyn_gu_Kapadia.dyn_gu_Kapadia.dyn_gu_Kapadia.dyn_gu_Kapadia
				dyn_gu_Kothari.dyn_gu_Kothari.dyn_gu_Kothari.dyn_gu_Kothari
				dyn_gu_Kotadiya.dyn_gu_Kotadiya.dyn_gu_Kotadiya.dyn_gu_Kotadiya
				dyn_gu_Kotecha.dyn_gu_Kotecha.dyn_gu_Kotecha.dyn_gu_Kotecha
				dyn_gu_Lakhani.dyn_gu_Lakhani.dyn_gu_Lakhani.dyn_gu_Lakhani
				dyn_gu_Metha.dyn_gu_Metha.dyn_gu_Metha.dyn_gu_Metha
				dyn_gu_Mistry.dyn_gu_Mistry.dyn_gu_Mistry.dyn_gu_Mistry
				dyn_gu_Modi.dyn_gu_Modi.dyn_gu_Modi.dyn_gu_Modi
				dyn_gu_Munim.dyn_gu_Munim.dyn_gu_Munim.dyn_gu_Munim
				dyn_gu_Ojha.dyn_gu_Ojha.dyn_gu_Ojha.dyn_gu_Ojha
				dyn_gu_Panchal.dyn_gu_Panchal.dyn_gu_Panchal.dyn_gu_Panchal
				dyn_gu_Pandya.dyn_gu_Pandya.dyn_gu_Pandya.dyn_gu_Pandya
				dyn_gu_Parekh.dyn_gu_Parekh.dyn_gu_Parekh.dyn_gu_Parekh
				dyn_gu_Patel.dyn_gu_Patel.dyn_gu_Patel.dyn_gu_Patel
				dyn_gu_Popat.dyn_gu_Popat.dyn_gu_Popat.dyn_gu_Popat
				dyn_gu_Purohit.dyn_gu_Purohit.dyn_gu_Purohit.dyn_gu_Purohit
				dyn_gu_Raval.dyn_gu_Raval.dyn_gu_Raval.dyn_gu_Raval
				dyn_gu_Rubberwala.dyn_gu_Rubberwala.dyn_gu_Rubberwala.dyn_gu_Rubberwala
				dyn_gu_Sarabhai.dyn_gu_Sarabhai.dyn_gu_Sarabhai.dyn_gu_Sarabhai
				dyn_gu_Sanghavi.dyn_gu_Sanghavi.dyn_gu_Sanghavi.dyn_gu_Sanghavi
				dyn_gu_Screwvala.dyn_gu_Screwvala.dyn_gu_Screwvala.dyn_gu_Screwvala
				dyn_gu_Shah.dyn_gu_Shah.dyn_gu_Shah.dyn_gu_Shah
				dyn_gu_Sheth.dyn_gu_Sheth.dyn_gu_Sheth.dyn_gu_Sheth
				dyn_gu_Shroff.dyn_gu_Shroff.dyn_gu_Shroff.dyn_gu_Shroff
				dyn_gu_Thakkar.dyn_gu_Thakkar.dyn_gu_Thakkar.dyn_gu_Thakkar
				dyn_gu_Tripathi.dyn_gu_Tripathi.dyn_gu_Tripathi.dyn_gu_Tripathi
				dyn_gu_Virani.dyn_gu_Virani.dyn_gu_Virani.dyn_gu_Virani
				dyn_gu_Vyas.dyn_gu_Vyas.dyn_gu_Vyas.dyn_gu_Vyas
			}
		}
		kalingan = {
			male_names = {
				or_Haihaya or_Ilesh or_Jignesh or_Praval or_Priyabrata or_Priyaranjan or_Pyaremohan
				or_Saadar or_Saadhik or_Saadhin or_Saagarik or_Subratah or_Taalish or_Taayin
				or_Takshin or_Tanip or_Tantra or_Uchadev or_Uchith or_Udai or_Udanda or_Udant
				or_Udar or_Udarathi or_Udarchis or_Udayachal or_Vaalaky or_Vaaridhar or_Vaathavega
				or_Vaayu or_Vachasya or_Vadivel or_Vagadheeksha or_Vaibudh or_Wasan or_Wedant
				or_Yaachan or_Yaaja or_Yaamir or_Yaamya or_Yaashk or_Yaashvan or_Yaatiesh or_Yadab
				or_Yadhav or_Yadhavan or_Yadhu or_Yadnya or_Yagnakaya or_Yajat or_Zaiyaan
				or_Zeehan or_Zitin
			}
			female_names = {
				or_Aalaya or_Aamodini or_Aaryamani or_Badarika or_Eashita or_Jigya or_Jigyasa
				or_Jigyasu or_Pritilata or_Raadhi or_Rabani or_Saagnika or_Saahana or_Saahithi or_Saarya
				or_Saavini or_Sahaja or_Taalika or_Taaraka or_Taarini or_Taiunaya or_Ubika or_Uchimakali
				or_Udaranga or_Udbala or_Udichi or_Vaagdevi or_Vaagiswari or_Vaanya or_Vaarahi
				or_Vaarida or_Vaasanthi or_Vadhana or_Waamil or_Wamika or_Yachana
				or_Yadhana or_Yadita or_Yagapriya or_Yagnitha or_Yati or_Yavanika or_Zaaei or_Zaanjar
				or_Zaitun or_Zankar or_Zankrut
			}
			family = {
				dyn_or_Acharya.dyn_or_Acharya.dyn_or_Acharya.dyn_or_Acharya
				dyn_or_Alang.dyn_or_Alang.dyn_or_Alang.dyn_or_Alang
				dyn_or_Amantya.dyn_or_Amantya.dyn_or_Amantya.dyn_or_Amantya
				dyn_or_Arlab.dyn_or_Arlab.dyn_or_Arlab.dyn_or_Arlab
				dyn_or_Badam.dyn_or_Badam.dyn_or_Badam.dyn_or_Badam
				dyn_or_Badaputia.dyn_or_Badaputia.dyn_or_Badaputia.dyn_or_Badaputia
				dyn_or_Badatasia.dyn_or_Badatasia.dyn_or_Badatasia.dyn_or_Badatasia
				dyn_or_Badnayak.dyn_or_Badnayak.dyn_or_Badnayak.dyn_or_Badnayak
				dyn_or_Bag.dyn_or_Bag.dyn_or_Bag.dyn_or_Bag
				dyn_or_Bagderia.dyn_or_Bagderia.dyn_or_Bagderia.dyn_or_Bagderia
				dyn_or_Bagh.dyn_or_Bagh.dyn_or_Bagh.dyn_or_Bagh
				dyn_or_Bahinipati.dyn_or_Bahinipati.dyn_or_Bahinipati.dyn_or_Bahinipati
				dyn_or_Bajing.dyn_or_Bajing.dyn_or_Bajing.dyn_or_Bajing
				dyn_or_Balbantray.dyn_or_Balbantray.dyn_or_Balbantray.dyn_or_Balbantray
				dyn_or_Baliarsing.dyn_or_Baliarsing.dyn_or_Baliarsing.dyn_or_Baliarsing
				dyn_or_Baliputia.dyn_or_Baliputia.dyn_or_Baliputia.dyn_or_Baliputia
				dyn_or_Banda.dyn_or_Banda.dyn_or_Banda.dyn_or_Banda
				dyn_or_Basantaray.dyn_or_Basantaray.dyn_or_Basantaray.dyn_or_Basantaray
				dyn_or_Behera.dyn_or_Behera.dyn_or_Behera.dyn_or_Behera
				dyn_or_Besra.dyn_or_Besra.dyn_or_Besra.dyn_or_Besra
				dyn_or_Bhanja.dyn_or_Bhanja.dyn_or_Bhanja.dyn_or_Bhanja
				dyn_or_Bhanjadeo.dyn_or_Bhanjadeo.dyn_or_Bhanjadeo.dyn_or_Bhanjadeo
				dyn_or_Bhumia.dyn_or_Bhumia.dyn_or_Bhumia.dyn_or_Bhumia
				dyn_or_Bidika.dyn_or_Bidika.dyn_or_Bidika.dyn_or_Bidika
				dyn_or_Bisoi.dyn_or_Bisoi.dyn_or_Bisoi.dyn_or_Bisoi
				dyn_or_Biswal.dyn_or_Biswal.dyn_or_Biswal.dyn_or_Biswal
				dyn_or_Bitu.dyn_or_Bitu.dyn_or_Bitu.dyn_or_Bitu
				dyn_or_Challan.dyn_or_Challan.dyn_or_Challan.dyn_or_Challan
				dyn_or_Chandratre.dyn_or_Chandratre.dyn_or_Chandratre.dyn_or_Chandratre
				dyn_or_Chandratreya.dyn_or_Chandratreya.dyn_or_Chandratreya.dyn_or_Chandratreya
				dyn_or_Chapadi.dyn_or_Chapadi.dyn_or_Chapadi.dyn_or_Chapadi
				dyn_or_Chati.dyn_or_Chati.dyn_or_Chati.dyn_or_Chati
				dyn_or_Chhotray.dyn_or_Chhotray.dyn_or_Chhotray.dyn_or_Chhotray
				dyn_or_Choudhry.dyn_or_Choudhry.dyn_or_Choudhry.dyn_or_Choudhry
				dyn_or_Chowdhury.dyn_or_Chowdhury.dyn_or_Chowdhury.dyn_or_Chowdhury
				dyn_or_Dakshinakabata.dyn_or_Dakshinakabata.dyn_or_Dakshinakabata.dyn_or_Dakshinakabata
				dyn_or_Dakua.dyn_or_Dakua.dyn_or_Dakua.dyn_or_Dakua
				dyn_or_Dalai.dyn_or_Dalai.dyn_or_Dalai.dyn_or_Dalai
				dyn_or_Dalpati.dyn_or_Dalpati.dyn_or_Dalpati.dyn_or_Dalpati
				dyn_or_Dandpatt.dyn_or_Dandpatt.dyn_or_Dandpatt.dyn_or_Dandpatt
				dyn_or_Dangayat.dyn_or_Dangayat.dyn_or_Dangayat.dyn_or_Dangayat
				dyn_or_Das.dyn_or_Das.dyn_or_Das.dyn_or_Das
				dyn_or_Dash.dyn_or_Dash.dyn_or_Dash.dyn_or_Dash
				dyn_or_Dehuri.dyn_or_Dehuri.dyn_or_Dehuri.dyn_or_Dehuri
				dyn_or_Deo.dyn_or_Deo.dyn_or_Deo.dyn_or_Deo
				dyn_or_Dhangadamajhi.dyn_or_Dhangadamajhi.dyn_or_Dhangadamajhi.dyn_or_Dhangadamajhi
				dyn_or_Disari.dyn_or_Disari.dyn_or_Disari.dyn_or_Disari
				dyn_or_Dora.dyn_or_Dora.dyn_or_Dora.dyn_or_Dora
				dyn_or_Dutta.dyn_or_Dutta.dyn_or_Dutta.dyn_or_Dutta
				dyn_or_Ekka.dyn_or_Ekka.dyn_or_Ekka.dyn_or_Ekka
				dyn_or_Gadaba.dyn_or_Gadaba.dyn_or_Gadaba.dyn_or_Gadaba
				dyn_or_Ganda.dyn_or_Ganda.dyn_or_Ganda.dyn_or_Ganda
				dyn_or_Garahandiya.dyn_or_Garahandiya.dyn_or_Garahandiya.dyn_or_Garahandiya
				dyn_or_Garhnayak.dyn_or_Garhnayak.dyn_or_Garhnayak.dyn_or_Garhnayak
				dyn_or_Gatam.dyn_or_Gatam.dyn_or_Gatam.dyn_or_Gatam
				dyn_or_Gemel.dyn_or_Gemel.dyn_or_Gemel.dyn_or_Gemel
				dyn_or_Ghiuria.dyn_or_Ghiuria.dyn_or_Ghiuria.dyn_or_Ghiuria
				dyn_or_Ghosarlia.dyn_or_Ghosarlia.dyn_or_Ghosarlia.dyn_or_Ghosarlia
				dyn_or_Gochhayata.dyn_or_Gochhayata.dyn_or_Gochhayata.dyn_or_Gochhayata
				dyn_or_Golari.dyn_or_Golari.dyn_or_Golari.dyn_or_Golari
				dyn_or_Gouda.dyn_or_Gouda.dyn_or_Gouda.dyn_or_Gouda
				dyn_or_Guntha.dyn_or_Guntha.dyn_or_Guntha.dyn_or_Guntha
				dyn_or_Guru.dyn_or_Guru.dyn_or_Guru.dyn_or_Guru
				dyn_or_Halang.dyn_or_Halang.dyn_or_Halang.dyn_or_Halang
				dyn_or_Hantala.dyn_or_Hantala.dyn_or_Hantala.dyn_or_Hantala
				dyn_or_Harijan.dyn_or_Harijan.dyn_or_Harijan.dyn_or_Harijan
				dyn_or_Hati.dyn_or_Hati.dyn_or_Hati.dyn_or_Hati
				dyn_or_Hembram.dyn_or_Hembram.dyn_or_Hembram.dyn_or_Hembram
				dyn_or_Hikka.dyn_or_Hikka.dyn_or_Hikka.dyn_or_Hikka
				dyn_or_Injel.dyn_or_Injel.dyn_or_Injel.dyn_or_Injel
				dyn_or_Jagatray.dyn_or_Jagatray.dyn_or_Jagatray.dyn_or_Jagatray
				dyn_or_Jani.dyn_or_Jani.dyn_or_Jani.dyn_or_Jani
				dyn_or_Jena.dyn_or_Jena.dyn_or_Jena.dyn_or_Jena
				dyn_or_Kadamgudia.dyn_or_Kadamgudia.dyn_or_Kadamgudia.dyn_or_Kadamgudia
				dyn_or_Kadraka.dyn_or_Kadraka.dyn_or_Kadraka.dyn_or_Kadraka
				dyn_or_Kaibarta.dyn_or_Kaibarta.dyn_or_Kaibarta.dyn_or_Kaibarta
				dyn_or_Kandulphul.dyn_or_Kandulphul.dyn_or_Kandulphul.dyn_or_Kandulphul
				dyn_or_Kantabali.dyn_or_Kantabali.dyn_or_Kantabali.dyn_or_Kantabali
				dyn_or_Kar.dyn_or_Kar.dyn_or_Kar.dyn_or_Kar
				dyn_or_Karlia.dyn_or_Karlia.dyn_or_Karlia.dyn_or_Karlia
				dyn_or_Kendu.dyn_or_Kendu.dyn_or_Kendu.dyn_or_Kendu
				dyn_or_Kerketa.dyn_or_Kerketa.dyn_or_Kerketa.dyn_or_Kerketa
				dyn_or_Khalpadia.dyn_or_Khalpadia.dyn_or_Khalpadia.dyn_or_Khalpadia
				dyn_or_Khandayata.dyn_or_Khandayata.dyn_or_Khandayata.dyn_or_Khandayata
				dyn_or_Khemundu.dyn_or_Khemundu.dyn_or_Khemundu.dyn_or_Khemundu
				dyn_or_Khora.dyn_or_Khora.dyn_or_Khora.dyn_or_Khora
				dyn_or_Khosla.dyn_or_Khosla.dyn_or_Khosla.dyn_or_Khosla
				dyn_or_Kisani.dyn_or_Kisani.dyn_or_Kisani.dyn_or_Kisani
				dyn_or_Komra.dyn_or_Komra.dyn_or_Komra.dyn_or_Komra
				dyn_or_Kuldeep.dyn_or_Kuldeep.dyn_or_Kuldeep.dyn_or_Kuldeep
				dyn_or_Kulsika.dyn_or_Kulsika.dyn_or_Kulsika.dyn_or_Kulsika
				dyn_or_Kulu.dyn_or_Kulu.dyn_or_Kulu.dyn_or_Kulu
				dyn_or_Lakra.dyn_or_Lakra.dyn_or_Lakra.dyn_or_Lakra
				dyn_or_Mading.dyn_or_Mading.dyn_or_Mading.dyn_or_Mading
				dyn_or_Mahakuda.dyn_or_Mahakuda.dyn_or_Mahakuda.dyn_or_Mahakuda
				dyn_or_Mahanty.dyn_or_Mahanty.dyn_or_Mahanty.dyn_or_Mahanty
				dyn_or_Mahapatra.dyn_or_Mahapatra.dyn_or_Mahapatra.dyn_or_Mahapatra
				dyn_or_Mali.dyn_or_Mali.dyn_or_Mali.dyn_or_Mali
				dyn_or_Mallick.dyn_or_Mallick.dyn_or_Mallick.dyn_or_Mallick
				dyn_or_Mandinga.dyn_or_Mandinga.dyn_or_Mandinga.dyn_or_Mandinga
				dyn_or_Mangaria.dyn_or_Mangaria.dyn_or_Mangaria.dyn_or_Mangaria
				dyn_or_Mangraj.dyn_or_Mangraj.dyn_or_Mangraj.dyn_or_Mangraj
				dyn_or_Mari.dyn_or_Mari.dyn_or_Mari.dyn_or_Mari
				dyn_or_Mastiputia.dyn_or_Mastiputia.dyn_or_Mastiputia.dyn_or_Mastiputia
				dyn_or_Mattam.dyn_or_Mattam.dyn_or_Mattam.dyn_or_Mattam
				dyn_or_Melka.dyn_or_Melka.dyn_or_Melka.dyn_or_Melka
				dyn_or_Minyakka.dyn_or_Minyakka.dyn_or_Minyakka.dyn_or_Minyakka
				dyn_or_Mishra.dyn_or_Mishra.dyn_or_Mishra.dyn_or_Mishra
				dyn_or_Misra.dyn_or_Misra.dyn_or_Misra.dyn_or_Misra
				dyn_or_Mohanta.dyn_or_Mohanta.dyn_or_Mohanta.dyn_or_Mohanta
				dyn_or_Mohanty.dyn_or_Mohanty.dyn_or_Mohanty.dyn_or_Mohanty
				dyn_or_Moharana.dyn_or_Moharana.dyn_or_Moharana.dyn_or_Moharana
				dyn_or_Muduli.dyn_or_Muduli.dyn_or_Muduli.dyn_or_Muduli
				dyn_or_Murja.dyn_or_Murja.dyn_or_Murja.dyn_or_Murja
				dyn_or_Nag.dyn_or_Nag.dyn_or_Nag.dyn_or_Nag
				dyn_or_Naik.dyn_or_Naik.dyn_or_Naik.dyn_or_Naik
				dyn_or_Nanda.dyn_or_Nanda.dyn_or_Nanda.dyn_or_Nanda
				dyn_or_Nandibali.dyn_or_Nandibali.dyn_or_Nandibali.dyn_or_Nandibali
				dyn_or_Nayak.dyn_or_Nayak.dyn_or_Nayak.dyn_or_Nayak
				dyn_or_Nisikia.dyn_or_Nisikia.dyn_or_Nisikia.dyn_or_Nisikia
				dyn_or_Ojha.dyn_or_Ojha.dyn_or_Ojha.dyn_or_Ojha
				dyn_or_Oram.dyn_or_Oram.dyn_or_Oram.dyn_or_Oram
				dyn_or_Padam.dyn_or_Padam.dyn_or_Padam.dyn_or_Padam
				dyn_or_Padhi.dyn_or_Padhi.dyn_or_Padhi.dyn_or_Padhi
				dyn_or_Paikray.dyn_or_Paikray.dyn_or_Paikray.dyn_or_Paikray
				dyn_or_Palo.dyn_or_Palo.dyn_or_Palo.dyn_or_Palo
				dyn_or_Paltasing.dyn_or_Paltasing.dyn_or_Paltasing.dyn_or_Paltasing
				dyn_or_Panda.dyn_or_Panda.dyn_or_Panda.dyn_or_Panda
				dyn_or_Pangi.dyn_or_Pangi.dyn_or_Pangi.dyn_or_Pangi
				dyn_or_Pani.dyn_or_Pani.dyn_or_Pani.dyn_or_Pani
				dyn_or_Panigrahi.dyn_or_Panigrahi.dyn_or_Panigrahi.dyn_or_Panigrahi
				dyn_or_Parida.dyn_or_Parida.dyn_or_Parida.dyn_or_Parida
				dyn_or_Parija.dyn_or_Parija.dyn_or_Parija.dyn_or_Parija
				dyn_or_Paschimakabata.dyn_or_Paschimakabata.dyn_or_Paschimakabata.dyn_or_Paschimakabata
				dyn_or_Pati.dyn_or_Pati.dyn_or_Pati.dyn_or_Pati
				dyn_or_Patra.dyn_or_Patra.dyn_or_Patra.dyn_or_Patra
				dyn_or_Patro.dyn_or_Patro.dyn_or_Patro.dyn_or_Patro
				dyn_or_Pattnaik.dyn_or_Pattnaik.dyn_or_Pattnaik.dyn_or_Pattnaik
				dyn_or_Pentana.dyn_or_Pentana.dyn_or_Pentana.dyn_or_Pentana
				dyn_or_Penthia.dyn_or_Penthia.dyn_or_Penthia.dyn_or_Penthia
				dyn_or_Petia.dyn_or_Petia.dyn_or_Petia.dyn_or_Petia
				dyn_or_Pidika.dyn_or_Pidika.dyn_or_Pidika.dyn_or_Pidika
				dyn_or_Pradhan.dyn_or_Pradhan.dyn_or_Pradhan.dyn_or_Pradhan
				dyn_or_Pradhani.dyn_or_Pradhani.dyn_or_Pradhani.dyn_or_Pradhani
				dyn_or_Pujari.dyn_or_Pujari.dyn_or_Pujari.dyn_or_Pujari
				dyn_or_Pukia.dyn_or_Pukia.dyn_or_Pukia.dyn_or_Pukia
				dyn_or_Pusika.dyn_or_Pusika.dyn_or_Pusika.dyn_or_Pusika
				dyn_or_Raj.dyn_or_Raj.dyn_or_Raj.dyn_or_Raj
				dyn_or_Randhari.dyn_or_Randhari.dyn_or_Randhari.dyn_or_Randhari
				dyn_or_Rath.dyn_or_Rath.dyn_or_Rath.dyn_or_Rath
				dyn_or_Ray.dyn_or_Ray.dyn_or_Ray.dyn_or_Ray
				dyn_or_Rout.dyn_or_Rout.dyn_or_Rout.dyn_or_Rout
				dyn_or_Sabat.dyn_or_Sabat.dyn_or_Sabat.dyn_or_Sabat
				dyn_or_Sadangi.dyn_or_Sadangi.dyn_or_Sadangi.dyn_or_Sadangi
				dyn_or_Sahoo.dyn_or_Sahoo.dyn_or_Sahoo.dyn_or_Sahoo
				dyn_or_Sahu.dyn_or_Sahu.dyn_or_Sahu.dyn_or_Sahu
				dyn_or_Samal.dyn_or_Samal.dyn_or_Samal.dyn_or_Samal
				dyn_or_Samant.dyn_or_Samant.dyn_or_Samant.dyn_or_Samant
				dyn_or_Samantray.dyn_or_Samantray.dyn_or_Samantray.dyn_or_Samantray
				dyn_or_Samantsinghar.dyn_or_Samantsinghar.dyn_or_Samantsinghar.dyn_or_Samantsinghar
				dyn_or_Samarth.dyn_or_Samarth.dyn_or_Samarth.dyn_or_Samarth
				dyn_or_Sandha.dyn_or_Sandha.dyn_or_Sandha.dyn_or_Sandha
				dyn_or_Sarangi.dyn_or_Sarangi.dyn_or_Sarangi.dyn_or_Sarangi
				dyn_or_Sasmal.dyn_or_Sasmal.dyn_or_Sasmal.dyn_or_Sasmal
				dyn_or_Satpathy.dyn_or_Satpathy.dyn_or_Satpathy.dyn_or_Satpathy
				dyn_or_Saura.dyn_or_Saura.dyn_or_Saura.dyn_or_Saura
				dyn_or_Senapati.dyn_or_Senapati.dyn_or_Senapati.dyn_or_Senapati
				dyn_or_Sethi.dyn_or_Sethi.dyn_or_Sethi.dyn_or_Sethi
				dyn_or_Singh.dyn_or_Singh.dyn_or_Singh.dyn_or_Singh
				dyn_or_Singh-Deo.dyn_or_Singh-Deo.dyn_or_Singh-Deo.dyn_or_Singh-Deo
				dyn_or_Sirika.dyn_or_Sirika.dyn_or_Sirika.dyn_or_Sirika
				dyn_or_Sirkarlia.dyn_or_Sirkarlia.dyn_or_Sirkarlia.dyn_or_Sirkarlia
				dyn_or_Sisa.dyn_or_Sisa.dyn_or_Sisa.dyn_or_Sisa
				dyn_or_Siya.dyn_or_Siya.dyn_or_Siya.dyn_or_Siya
				dyn_or_Sorabu.dyn_or_Sorabu.dyn_or_Sorabu.dyn_or_Sorabu
				dyn_or_Subuddhi.dyn_or_Subuddhi.dyn_or_Subuddhi.dyn_or_Subuddhi
				dyn_or_Sundara.dyn_or_Sundara.dyn_or_Sundara.dyn_or_Sundara
				dyn_or_Swain.dyn_or_Swain.dyn_or_Swain.dyn_or_Swain
				dyn_or_Tading.dyn_or_Tading.dyn_or_Tading.dyn_or_Tading
				dyn_or_Tangali.dyn_or_Tangali.dyn_or_Tangali.dyn_or_Tangali
				dyn_or_Tripathy.dyn_or_Tripathy.dyn_or_Tripathy.dyn_or_Tripathy
				dyn_or_Tudu.dyn_or_Tudu.dyn_or_Tudu.dyn_or_Tudu
				dyn_or_Udalbadiya.dyn_or_Udalbadiya.dyn_or_Udalbadiya.dyn_or_Udalbadiya
				dyn_or_Uttarakabat.dyn_or_Uttarakabat.dyn_or_Uttarakabat.dyn_or_Uttarakabat
				dyn_or_Wadaka.dyn_or_Wadaka.dyn_or_Wadaka.dyn_or_Wadaka
			}
		}
		lankan = {
			male_names = {
				si_Abhaya si_Akila si_Aloka si_Amarasiri si_Anura si_Asanga si_Buddhika si_Chamara
				si_Chandrasena si_Chandrasiri si_Chathuranga si_Dharmadasa si_Dileesh
				si_Dilum si_Dinuk si_Edirisinghe si_Elanga si_Gamini si_Gehan si_Gemunu si_Hasaranga
				si_Heen si_Hemantha si_Himesh si_Imesh si_Indunil si_Iresh si_Jagath si_Janith
				si_Jayasekara si_Jayaweera si_Kalhara si_Kanishka si_Karunaratne si_Kasun si_Kavinda
				si_Kusal si_Lahiru si_Lakmal si_Lakshan si_Lalith si_Lasantha si_Maithripala si_Mangala
				si_Manjula si_Mohan si_Nalaka si_Nandasena si_Nandasiri si_Navod si_Nimal si_Niroshan
				si_Nishantha si_Nuwan si_Palitha si_Prasanna si_Priyantha si_Ranil si_Ranjith si_Rashan
				si_Raveen si_Ravindu si_Rohan si_Romesh si_Ruvin si_Ruwan si_Sachith si_Sajith
				si_Samantha si_Sanath si_Sanjeewa si_Shanaka si_Shantha si_Shehan si_Sujith
				si_Supun si_Tharindu si_Thilan si_Thiran si_Thushara si_Tissa si_Udayanga si_Udesh
				si_Upatissa si_Upul si_Vidura si_Vijitha si_Vimukthi si_Vishva si_Wasantha si_Wijeratne
				si_Wimal si_Yapa
			}
			female_names = {
				si_Achila si_Anusta si_Asheni si_Avanthi si_Ayomi si_Bebi si_Bhakthi si_Buddhika si_Ceylon
				si_Charuka si_Chaturi si_Chithkala si_Dayani si_Dulani si_Eromi si_Gayesha si_Harshani
				si_Hinni si_Isuri si_Kalathma si_Kiyoma si_Lakmini si_Lakshani si_Lakshitha si_Liyoni
				si_Lochani si_Mandari si_Minrada si_Nadeeka si_Nadesha si_Natharie si_Nayanadini
				si_Nayanathula si_Neja si_Nevindie si_Nevinka si_Nihinsa si_Nilmini si_Nilukshi
				si_Nimali si_Nimthaki si_Nipuni si_Nuveena si_Rangani si_Ranpalee si_Ravima
				si_SachithSanuthi si_Shehani si_Subaja si_Sukeena si_Suranga si_Susanthika si_Tourmaline
				si_Vidhusahani si_Vino si_Yuvani
			}
		}
		maharashtran = {
			male_names = {
				mr_Aakhya mr_Adhrgu mr_Alagumuthu mr_Dhaval mr_Ilesh mr_Namniya
				mr_Narvel mr_Navjat mr_Nidhra mr_Nishakant mr_Nivant mr_Nrupal mr_Osho
				mr_Prahas mr_Prahaval mr_Prajnan mr_Pramti mr_Pramukh mr_Pranal mr_Praruj
				mr_Prasan mr_Prasang mr_Prasat mr_Prashal mr_Prasiddhi mr_Prasvar mr_Prateem
				mr_Prathinav mr_Prathit mr_Prathmesh mr_Prathu mr_Pratibal mr_Pratibhanu
				mr_Pratibhavan mr_Pratiman mr_Pratinav mr_Pratipan mr_Pravasu mr_Pravek
				mr_Praver mr_Prayaag mr_Predesh mr_Premajit mr_Preman mr_Prinan mr_Prithujay
				mr_Prithutam mr_Prithvij mr_Priyak mr_Pruthviraj mr_Pujyakoti mr_Punag mr_Punan
				mr_Punyajit mr_Puranjan mr_Purendu mr_Puruvas mr_Pushpin mr_Pushpit mr_Pushpraj
				mr_Puttal mr_Pyarelal mr_Rewat mr_Rujul mr_Sirak
			}
			female_names = {
				mr_Aaruni mr_Akshayaa mr_Bhagyashi mr_Bhandishtha mr_Bhavanika mr_Bhavanjali
				mr_Bhaveeka mr_Bhavyani mr_Dharaa mr_Dharika mr_Dharmi mr_Dharuna
				mr_Kamda mr_Manadha mr_Manasika mr_Manayi mr_Mandra mr_Manitha mr_Manjori
				mr_Mannya mr_Manshvi mr_Manva mr_Mohi mr_Morya mr_Nakusha mr_Nakushi
				mr_Pradha mr_Prahi mr_Prashvi mr_Pratulya mr_Pravika mr_Praxi mr_Pujya mr_Pushpaja
				mr_Rajeswri mr_Rajitha mr_Rajrajeshwari mr_Reneeka mr_Reshika mr_Shemunshi
				mr_Shemushi mr_Shivagami mr_Shivankruti mr_Shivanta mr_Shivanti mr_Shivanya
				mr_Shivasundari mr_Shivaya mr_Shubhita mr_Shukarata mr_Shuki mr_Shulka
				mr_Shumi mr_Vedakshi mr_Vedangi mr_Vedanti mr_Vedashri mr_Vedasya mr_Vedica
				mr_Vedisha mr_Veditha mr_Vedvika
			}
			family = {
				dyn_mr_Aadekar.dyn_mr_Aadekar.dyn_mr_Aadekar.dyn_mr_Aadekar
				dyn_mr_Ahale.dyn_mr_Ahale.dyn_mr_Ahale.dyn_mr_Ahale
				dyn_mr_Ambedkar.dyn_mr_Ambedkar.dyn_mr_Ambedkar.dyn_mr_Ambedkar
				dyn_mr_Bapat.dyn_mr_Bapat.dyn_mr_Bapat.dyn_mr_Bapat
				dyn_mr_Bhede.dyn_mr_Bhede.dyn_mr_Bhede.dyn_mr_Bhede
				dyn_mr_Chandekar.dyn_mr_Chandekar.dyn_mr_Chandekar.dyn_mr_Chandekar
				dyn_mr_Chaatre.dyn_mr_Chaatre.dyn_mr_Chaatre.dyn_mr_Chaatre
				dyn_mr_Chitre.dyn_mr_Chitre.dyn_mr_Chitre.dyn_mr_Chitre
				dyn_mr_Deo.dyn_mr_Deo.dyn_mr_Deo.dyn_mr_Deo
				dyn_mr_Deshmukh.dyn_mr_Deshmukh.dyn_mr_Deshmukh.dyn_mr_Deshmukh
				dyn_mr_Deshpande.dyn_mr_Deshpande.dyn_mr_Deshpande.dyn_mr_Deshpande
				dyn_mr_Divekar.dyn_mr_Divekar.dyn_mr_Divekar.dyn_mr_Divekar
				dyn_mr_Gaitonde.dyn_mr_Gaitonde.dyn_mr_Gaitonde.dyn_mr_Gaitonde
				dyn_mr_Gaonkar.dyn_mr_Gaonkar.dyn_mr_Gaonkar.dyn_mr_Gaonkar
				dyn_mr_Gavaskar.dyn_mr_Gavaskar.dyn_mr_Gavaskar.dyn_mr_Gavaskar
				dyn_mr_Gawali.dyn_mr_Gawali.dyn_mr_Gawali.dyn_mr_Gawali
				dyn_mr_Holkar.dyn_mr_Holkar.dyn_mr_Holkar.dyn_mr_Holkar
				dyn_mr_Kamat.dyn_mr_Kamat.dyn_mr_Kamat.dyn_mr_Kamat
				dyn_mr_Kamble.dyn_mr_Kamble.dyn_mr_Kamble.dyn_mr_Kamble
				dyn_mr_Kapse.dyn_mr_Kapse.dyn_mr_Kapse.dyn_mr_Kapse
				dyn_mr_Kharche.dyn_mr_Kharche.dyn_mr_Kharche.dyn_mr_Kharche
				dyn_mr_Khare.dyn_mr_Khare.dyn_mr_Khare.dyn_mr_Khare
				dyn_mr_Kolhe.dyn_mr_Kolhe.dyn_mr_Kolhe.dyn_mr_Kolhe
				dyn_mr_Kulkarni.dyn_mr_Kulkarni.dyn_mr_Kulkarni.dyn_mr_Kulkarni
				dyn_mr_Landage.dyn_mr_Landage.dyn_mr_Landage.dyn_mr_Landage
				dyn_mr_Lokhande.dyn_mr_Lokhande.dyn_mr_Lokhande.dyn_mr_Lokhande
				dyn_mr_Maali.dyn_mr_Maali.dyn_mr_Maali.dyn_mr_Maali
				dyn_mr_Matkari.dyn_mr_Matkari.dyn_mr_Matkari.dyn_mr_Matkari
				dyn_mr_Manjrekar.dyn_mr_Manjrekar.dyn_mr_Manjrekar.dyn_mr_Manjrekar
				dyn_mr_Mangeshkar.dyn_mr_Mangeshkar.dyn_mr_Mangeshkar.dyn_mr_Mangeshkar
				dyn_mr_Mhalsalkar.dyn_mr_Mhalsalkar.dyn_mr_Mhalsalkar.dyn_mr_Mhalsalkar
				dyn_mr_Mukadam.dyn_mr_Mukadam.dyn_mr_Mukadam.dyn_mr_Mukadam
				dyn_mr_Naik.dyn_mr_Naik.dyn_mr_Naik.dyn_mr_Naik
				dyn_mr_Nene.dyn_mr_Nene.dyn_mr_Nene.dyn_mr_Nene
				dyn_mr_Patil.dyn_mr_Patil.dyn_mr_Patil.dyn_mr_Patil
				dyn_mr_Pokharkar.dyn_mr_Pokharkar.dyn_mr_Pokharkar.dyn_mr_Pokharkar
				dyn_mr_Pujari.dyn_mr_Pujari.dyn_mr_Pujari.dyn_mr_Pujari
				dyn_mr_Raaje.dyn_mr_Raaje.dyn_mr_Raaje.dyn_mr_Raaje
				dyn_mr_Ratnaparakhi.dyn_mr_Ratnaparakhi.dyn_mr_Ratnaparakhi.dyn_mr_Ratnaparakhi
				dyn_mr_Sahasrabuddhe.dyn_mr_Sahasrabuddhe.dyn_mr_Sahasrabuddhe.dyn_mr_Sahasrabuddhe
				dyn_mr_Shahane.dyn_mr_Shahane.dyn_mr_Shahane.dyn_mr_Shahane
				dyn_mr_Shirke.dyn_mr_Shirke.dyn_mr_Shirke.dyn_mr_Shirke
				dyn_mr_Shiwde.dyn_mr_Shiwde.dyn_mr_Shiwde.dyn_mr_Shiwde
				dyn_mr_Sonar.dyn_mr_Sonar.dyn_mr_Sonar.dyn_mr_Sonar
				dyn_mr_Tendulkar.dyn_mr_Tendulkar.dyn_mr_Tendulkar.dyn_mr_Tendulkar
				dyn_mr_Tipnis.dyn_mr_Tipnis.dyn_mr_Tipnis.dyn_mr_Tipnis
				dyn_mr_Vedpathak.dyn_mr_Vedpathak.dyn_mr_Vedpathak.dyn_mr_Vedpathak
				dyn_mr_Vichaare.dyn_mr_Vichaare.dyn_mr_Vichaare.dyn_mr_Vichaare
				dyn_mr_Veerkar.dyn_mr_Veerkar.dyn_mr_Veerkar.dyn_mr_Veerkar
				dyn_mr_Wagh.dyn_mr_Wagh.dyn_mr_Wagh.dyn_mr_Wagh
				dyn_mr_Waghdhare.dyn_mr_Waghdhare.dyn_mr_Waghdhare.dyn_mr_Waghdhare
				dyn_mr_Waghmare.dyn_mr_Waghmare.dyn_mr_Waghmare.dyn_mr_Waghmare
			}
		}
		magadhi = {
			male_names = {
				bn_Aadidev bn_Aaditya bn_Aadyot bn_Aarul bn_Aashirbaad bn_Aathmik bn_Aayuman
				bn_Abani bn_Abanimohon bn_Abanish bn_Abesh bn_Abhanja bn_Abhidhan
				bn_Abhidhyan bn_Abhijeet bn_Abhik bn_Abhoy bn_Abinaashjot bn_Achinta bn_Achintya
				bn_Adrisar bn_Ahibhusan bn_Ajatasmatru bn_Akantak bn_Akashadhar bn_Akhilbandhu
				bn_Amitava bn_Aniruddha bn_Ardhendu bn_Arnab bn_Arup bn_Balmiki bn_Banaful
				bn_Basav bn_Basudeb bn_Batuk bn_Benoy bn_Bhageerath bn_Bhashkar bn_Bhaskor
				bn_Bhojraj bn_Bhrihadbanu bn_Binoba bn_Bipin bn_Bishwajit bn_Borenya bn_Buburam
				bn_Chandrachur bn_Daiwik bn_Debashish bn_Debesh bn_Devesh bn_Dipankar
				bn_Fanikeshar bn_Felu bn_Fulbabu bn_Gangaraaju bn_Grihamani bn_Hironmoe
				bn_Hridyanshu bn_Hrishab bn_Jayaketan bn_Jayanand bn_Jayashish bn_Jaydeb
				bn_Jeetu bn_Jhareshwar bn_Jnanendra bn_Joeonto bn_Jotish bn_Kanakachur
				bn_Kaustubh bn_Koushik bn_Labanga bn_Lekhon bn_Mihir bn_Minati
				bn_Mithin bn_Modan bn_Modanatha bn_Monohar bn_Monojit bn_Mounish
				bn_Naba bn_Nabakumar bn_Nabhas bn_Nabin bn_Nabina bn_Nabinchandra
				bn_Nagalingesh bn_Narayanaswamy bn_Natabar bn_Nayaab bn_Nayanananda bn_Neelamegan
				bn_Neelotpal bn_Neeraj_nayan bn_Nemichand bn_Netratav bn_Nevaan bn_Nideesh
				bn_Nihith bn_Nikhalas bn_Nikhar bn_Nikhilchandra bn_Nilanjan bn_Niloy
				bn_Ningappa bn_Ninu bn_Niqiles bn_Nirantak bn_Niratap bn_Nirdhar bn_Nischitha
				bn_Nish bn_Nripan bn_Nripati bn_Ohit bn_Ohitlal bn_Omio bn_Ongkar bn_Onindro
				bn_Ornob bn_Palash bn_Paritosh bn_Parthiv bn_Partho bn_Pinakpani bn_Pingakshi
				bn_Pinkesh bn_Pitam bn_Pittesh bn_Poltu bn_Ponmudi bn_Prabhas bn_Prabir bn_Prabodh
				bn_Pradipt bn_Pradipta bn_Prahor bn_Prajaranjak bn_Prajaranjan bn_Pralay bn_Pralhalad
				bn_Pramathanath bn_Prambratra bn_Pramti bn_Pranab bn_Pranabendu bn_Pranasakha
				bn_Praneswar bn_Pranjal bn_Pranpratim bn_Pranshul bn_Prasoon bn_Pratapavat
				bn_Prathmesh bn_Pratiprava bn_Prattya bn_Pratul bn_Prayog bn_Preethesh bn_Prithyis
				bn_Pritwish bn_Priyambad bn_Probal bn_Probhakor bn_Prosenjit bn_Protik
				bn_Provakar bn_Pundarikakshya bn_Punyakoti bn_Purnananda bn_Purnava bn_Purnayu
				bn_Purvang bn_Pushpendu bn_Pushpmitra bn_Pyarelal bn_Raajeevalochan bn_Rup
				bn_Rupjit bn_Sahadar bn_Sahasranshu bn_Sanav bn_Sanjiban bn_Sashwat
				bn_Shaan bn_Shankhdhar bn_Shantanu bn_Shaswatik bn_Shishir bn_Shoma
				bn_Shubhang bn_Som bn_Subimal bn_Sudeepta bn_Sudhanidhi bn_Supratit bn_Suvabrata
				bn_Suvo bn_Swapnil bn_Tanay bn_Tapan bn_Tapas bn_Tarapati bn_Tiyash bn_Trinabh
			}
			female_names = {
				bn_Aadhila bn_Aahana bn_Aaloka bn_Aalta bn_Aamaal bn_Aamaya bn_Aangi bn_Aanshi
				bn_Aanya bn_Aaoka bn_Aapeksha bn_Aapti bn_Aarabhi bn_Aarani bn_Aarashi bn_Aaratrika
				bn_Aaravi bn_Aarchi bn_Aarin bn_Aarini bn_Aaritra bn_Aarohi bn_Aarthi bn_Aarti
				bn_Aaruna bn_Aaruni bn_Aarusha bn_Aarvi bn_Aarya bn_Aaryaa bn_Aashalata
				bn_Aashamana bn_Aashirya bn_Aashni bn_Aashritha bn_Aashtha bn_Aasthika
				bn_Aatmaja bn_Aatrayi bn_Aavihshka bn_Aayana bn_Aayaushi bn_Aazmin
				bn_Abanti bn_Abarna bn_Abhigjna bn_Akashleena bn_Aliveni bn_Ankolika
				bn_Aparajita bn_Arundhati bn_Ashapurna bn_Ballaki bn_Baltishna bn_Bandita
				bn_Bapti bn_Barnini bn_Baruni bn_Bashita bn_Bashumati bn_Bashundhara bn_Basudhara
				bn_Bhoomika bn_Bibhuti bn_Bidisha bn_Bipasha bn_Debjani bn_Deeptimoyee bn_Drishti
				bn_Durba bn_Fularenu bn_Fuleswari bn_Fultushi bn_Gajamati bn_Gajamukta
				bn_Gandhapuspa bn_Gangajal bn_Gangajamuna bn_Gangalahari bn_Gariyashi
				bn_Gaurita bn_Gehna bn_Golapi bn_Grahati bn_Haimanti bn_Indrani bn_Jemisha
				bn_Jhanvi bn_Jhumpa bn_Jiniya bn_Joti bn_Kajol bn_Kampilya bn_Kanakachapa
				bn_Kanakachompak bn_Kanakaprabha bn_Kanchangiri bn_Kanchanjangha bn_Kedarika
				bn_Khuki bn_Khukumani bn_Kinkari bn_Kshamya bn_Kunjari bn_Kusumkali
				bn_Kusumkalika bn_Kusumkomol bn_Labani bn_Madhabika bn_Madhabilata
				bn_Madhujamini bn_Madhurima bn_Mahalaya bn_Makshirani bn_Malabika
				bn_Manasha bn_Methini bn_Minuyara bn_Mishita bn_Mishti bn_Moukthika
				bn_Mouli bn_Moumita bn_Mouna bn_Mounika bn_Mounisha bn_Moushimi
				bn_Nabamallika bn_Nabami bn_Nabamita bn_Nabani bn_Nabanita bn_Nabanna
				bn_Naisha bn_Napti bn_Nayani bn_Nayanika bn_Neelam bn_Neelambika
				bn_Neelima bn_Neelprabbha bn_Neepabala bn_Neeru bn_Neerudhi bn_Neethika
				bn_Netraranjana bn_Nibha bn_Nilaprabha bn_Nilkamal bn_Nilkanta bn_Nilothpala
				bn_Nipabithi bn_Niratapa bn_Oikantika bn_Oindrila bn_Oishika bn_Oishimaya
				bn_Oishyariya bn_Ojeeta bn_Olikodi bn_Onalika bn_Onima bn_Pakhi
				bn_Piyali bn_Piyasi bn_Pootli bn_Porama bn_Porna bn_Pornolata bn_Preshti
				bn_Prisha bn_Prithibi bn_Priyamvada bn_Purabi bn_Pushpavathi bn_Puspadal
				bn_Puthi bn_Putput bn_Putrika bn_Puttika bn_Puttoli bn_Raaga bn_Ranjini
				bn_Rebati bn_Resha bn_Rimi bn_Rosnai bn_Rosni bn_Roudri bn_Ruli
				bn_Runu bn_Rupamadhuri bn_Rupamadhurjya bn_Rupeeya bn_Sadhi bn_Sagarika
				bn_Samudra bn_Sanaki bn_Sananda bn_Sanchari bn_Sanchayi bn_Sanchiti
				bn_Sanjibani bn_Shimantini bn_Somadha bn_Somapika bn_Somprikti bn_Somritdhi
				bn_Sovhona bn_Subarnalata bn_Subarnapratima bn_Subhashini bn_Subrata bn_Suhashini
				bn_Sulata bn_Suradhuni bn_Suravi bn_Suryatapa bn_Sushmita bn_Tabakee
				bn_Talash bn_Tamashi bn_Tamisra bn_Tamoha bn_Tanaya bn_Tanhi
				bn_Tanuruchi bn_Tanuta bn_Tanzima bn_Tarangi bn_Tarashi bn_Tarashini bn_Taraswati
				bn_Tarillata bn_Tasbi bn_Tasbir bn_Tatan bn_Tatha bn_Tatritri
				bn_Tavishi bn_Tejashi bn_Tejashini bn_Tejashita bn_Tikshya bn_Timsy
				bn_Tingiri bn_Tisya bn_Tisyha bn_Titirsha bn_Tiyasa bn_Torsha bn_Tribeni bn_Trijama
				bn_Trijoya bn_Trilaki bn_Triparna bn_Triparni bn_Tripathaga bn_Tripathagamini bn_Trishna
				bn_Tufani bn_Tuhina bn_Tusarika bn_Tusarkanika bn_Tushika bn_Tushitha bn_Tvisha
				bn_Tweety bn_Upasana bn_Vrishti bn_Yoshita
			}
			family = {
				dyn_bn_Acharjee.dyn_bn_Acharjee.dyn_bn_Acharjee.dyn_bn_Acharjee
				dyn_bn_Adhikari.dyn_bn_Adhikari.dyn_bn_Adhikari.dyn_bn_Adhikari
				dyn_bn_Bagchi.dyn_bn_Bagchi.dyn_bn_Bagchi.dyn_bn_Bagchi
				dyn_bn_Banerjee.dyn_bn_Banerjee.dyn_bn_Banerjee.dyn_bn_Banerjee
				dyn_bn_Bandyopadhyay.dyn_bn_Bandyopadhyay.dyn_bn_Bandyopadhyay.dyn_bn_Bandyopadhyay
				dyn_bn_Barman.dyn_bn_Barman.dyn_bn_Barman.dyn_bn_Barman
				dyn_bn_Basak.dyn_bn_Basak.dyn_bn_Basak.dyn_bn_Basak
				dyn_bn_Bhaduri.dyn_bn_Bhaduri.dyn_bn_Bhaduri.dyn_bn_Bhaduri
				dyn_bn_Bhattacharjee.dyn_bn_Bhattacharjee.dyn_bn_Bhattacharjee.dyn_bn_Bhattacharjee
				dyn_bn_Bhowmik.dyn_bn_Bhowmik.dyn_bn_Bhowmik.dyn_bn_Bhowmik
				dyn_bn_Biswas.dyn_bn_Biswas.dyn_bn_Biswas.dyn_bn_Biswas
				dyn_bn_Bose.dyn_bn_Bose.dyn_bn_Bose.dyn_bn_Bose
				dyn_bn_Chakraborty.dyn_bn_Chakraborty.dyn_bn_Chakraborty.dyn_bn_Chakraborty
				dyn_bn_Chandra.dyn_bn_Chandra.dyn_bn_Chandra.dyn_bn_Chandra
				dyn_bn_Chatterjee.dyn_bn_Chatterjee.dyn_bn_Chatterjee.dyn_bn_Chatterjee
				dyn_bn_Chattopadhyay.dyn_bn_Chattopadhyay.dyn_bn_Chattopadhyay.dyn_bn_Chattopadhyay
				dyn_bn_Das.dyn_bn_Das.dyn_bn_Das.dyn_bn_Das
				dyn_bn_Dasgupta.dyn_bn_Dasgupta.dyn_bn_Dasgupta.dyn_bn_Dasgupta
				dyn_bn_Datta.dyn_bn_Datta.dyn_bn_Datta.dyn_bn_Datta
				dyn_bn_De.dyn_bn_De.dyn_bn_De.dyn_bn_De
				dyn_bn_Debnath.dyn_bn_Debnath.dyn_bn_Debnath.dyn_bn_Debnath
				dyn_bn_Dhar.dyn_bn_Dhar.dyn_bn_Dhar.dyn_bn_Dhar
				dyn_bn_Ganguly.dyn_bn_Ganguly.dyn_bn_Ganguly.dyn_bn_Ganguly
				dyn_bn_Gangopadhyay.dyn_bn_Gangopadhyay.dyn_bn_Gangopadhyay.dyn_bn_Gangopadhyay
				dyn_bn_Ghatak.dyn_bn_Ghatak.dyn_bn_Ghatak.dyn_bn_Ghatak
				dyn_bn_Ghosh.dyn_bn_Ghosh.dyn_bn_Ghosh.dyn_bn_Ghosh
				dyn_bn_Ghoshal.dyn_bn_Ghoshal.dyn_bn_Ghoshal.dyn_bn_Ghoshal
				dyn_bn_Goswami.dyn_bn_Goswami.dyn_bn_Goswami.dyn_bn_Goswami
				dyn_bn_Guha.dyn_bn_Guha.dyn_bn_Guha.dyn_bn_Guha
				dyn_bn_Kar.dyn_bn_Kar.dyn_bn_Kar.dyn_bn_Kar
				dyn_bn_Karmakar.dyn_bn_Karmakar.dyn_bn_Karmakar.dyn_bn_Karmakar
				dyn_bn_Lahiri.dyn_bn_Lahiri.dyn_bn_Lahiri.dyn_bn_Lahiri
				dyn_bn_Majhi.dyn_bn_Majhi.dyn_bn_Majhi.dyn_bn_Majhi
				dyn_bn_Majumdar.dyn_bn_Majumdar.dyn_bn_Majumdar.dyn_bn_Majumdar
				dyn_bn_Malakar.dyn_bn_Malakar.dyn_bn_Malakar.dyn_bn_Malakar
				dyn_bn_Mallick.dyn_bn_Mallick.dyn_bn_Mallick.dyn_bn_Mallick
				dyn_bn_Mandal.dyn_bn_Mandal.dyn_bn_Mandal.dyn_bn_Mandal
				dyn_bn_Moitra.dyn_bn_Moitra.dyn_bn_Moitra.dyn_bn_Moitra
				dyn_bn_Mukherjee.dyn_bn_Mukherjee.dyn_bn_Mukherjee.dyn_bn_Mukherjee
				dyn_bn_Mukhopadhyay.dyn_bn_Mukhopadhyay.dyn_bn_Mukhopadhyay.dyn_bn_Mukhopadhyay
				dyn_bn_Nath.dyn_bn_Nath.dyn_bn_Nath.dyn_bn_Nath
				dyn_bn_Pal.dyn_bn_Pal.dyn_bn_Pal.dyn_bn_Pal
				dyn_bn_Pramanik.dyn_bn_Pramanik.dyn_bn_Pramanik.dyn_bn_Pramanik
				dyn_bn_Roy.dyn_bn_Roy.dyn_bn_Roy.dyn_bn_Roy
				dyn_bn_Chowdhury.dyn_bn_Chowdhury.dyn_bn_Chowdhury.dyn_bn_Chowdhury
				dyn_bn_Shaha.dyn_bn_Shaha.dyn_bn_Shaha.dyn_bn_Shaha
				dyn_bn_Sanyal.dyn_bn_Sanyal.dyn_bn_Sanyal.dyn_bn_Sanyal
				dyn_bn_Sarkar.dyn_bn_Sarkar.dyn_bn_Sarkar.dyn_bn_Sarkar
				dyn_bn_Seal.dyn_bn_Seal.dyn_bn_Seal.dyn_bn_Seal
				dyn_bn_Sen.dyn_bn_Sen.dyn_bn_Sen.dyn_bn_Sen
				dyn_bn_Sengupta.dyn_bn_Sengupta.dyn_bn_Sengupta.dyn_bn_Sengupta
				dyn_bn_Sikdar.dyn_bn_Sikdar.dyn_bn_Sikdar.dyn_bn_Sikdar
				dyn_bn_Sur.dyn_bn_Sur.dyn_bn_Sur.dyn_bn_Sur
				dyn_bn_Tagore.dyn_bn_Tagore.dyn_bn_Tagore.dyn_bn_Tagore
			}
		}
		gandhari = {
			male_names = {
				pa_Achint pa_Agamjot pa_Aneeldeep pa_Balnoor pa_Bhagatveer pa_Chetanjeet
				pa_Chiragdeep pa_Chirjot pa_Daler pa_Damanjeet pa_Dhanmeet pa_Dilsher
				pa_Ekam pa_Ekjot pa_Fatehbir pa_Fazilnoor pa_Gulshandeep pa_Guneet
				pa_Guntaj pa_Gurvaid pa_Harbaksh pa_Harbir pa_Ikbir pa_Inderveer pa_Jagvir
				pa_Jaikaar pa_Karanveer pa_Kuwarjeet pa_Lajpal pa_Lakbir pa_Lashkar
				pa_Lavanya pa_Manandeep pa_Manraj pa_Navtej pa_Nirmal pa_Ompreet pa_Opinder
				pa_Palvinder pa_Paramjot pa_Qudrat pa_Raftaar pa_Ranbir pa_Sachdeep
				pa_Santokh pa_Sarabjot pa_Tanvir pa_Taranjit pa_Tejpal pa_Theeran pa_Tribhavan
				pa_Udayvir pa_Upinder pa_Upkar pa_Vachan pa_Veerjot pa_Wasimjit pa_Wichar
				pa_Yadvir pa_Yuvraj pa_Akalbir pa_Arshbir pa_Baaz pa_Balbir pa_Bhavneet
				pa_Birjot pa_Chehzaad pa_Chetveer pa_Darshpreet pa_Devjot pa_Dharvanbir
				pa_Ekjeet pa_Eqbal pa_Fakeer pa_Fatehjit pa_Fojinder pa_Furman pa_Gianjot
				pa_Gunkar pa_Hardit pa_Hargun pa_Harneet pa_Ikroop pa_Ishit pa_Itbaar
				pa_Jaideep pa_Jap pa_Kanwar pa_Karam pa_Laajbir pa_Lokej pa_Mahtaab pa_Majeet
				pa_Manvir pa_Mukunda pa_Naambir pa_Navnoor pa_Ompal pa_Onkarpreet pa_Opraaj
				pa_Palbinder pa_Pavith pa_Paweet pa_Pooran pa_Pushpinder pa_Rachanbir pa_Rajandeep
				pa_Rajbir pa_Ranjit pa_Rasamrit pa_Ratandeep pa_Sabjeet pa_Sachpal pa_Saranbir
				pa_Tabhjot pa_Tajpreet pa_Tapanjot pa_Uchitpal pa_Udaiyan pa_Uditbir
			}
			female_names = {
				pa_Aab pa_Aad pa_Aagya pa_Aas pa_Akaljeet pa_Baleen pa_Bargitta pa_Bijul
				pa_Birva pa_Bisanpreet pa_Bishan pa_Bishanpreet pa_Chadda pa_Chainpreet pa_Charanpal
				pa_Charanpreet pa_Chayanpreet pa_Chitleen pa_Chuni pa_Dilreet pa_Dilreet
				pa_Divjyot pa_Ekkam pa_Gaganpreet pa_Grahini pa_Greetha pa_Griyashi pa_Gurkiran
				pa_Gurleen pa_Gurmeet pa_Gyanleen pa_Gyanpreet pa_Haab pa_Harleen pa_Harveen
				pa_Haryath pa_Haspira pa_Heydia pa_Hiromin pa_Hurriya pa_Husaina pa_Husnah
				pa_Ikampooj pa_Ikamroop pa_Jauna pa_Jheel pa_Juleen pa_Jumari pa_Junakhi pa_Junal
				pa_Juneeta pa_Katiya pa_Panaya pa_Rewa pa_Ruha pa_Shirina pa_Simrat pa_Smrita
				pa_Staleenjeet pa_Sukhdeep pa_Sukhjot pa_Sukhjyot pa_Sukhleen pa_Sukhminder
				pa_Tavleen pa_Teijinderjeet pa_Tejinderpreet pa_Adarshpreet pa_Agampreet pa_Ajooni
				pa_Akaal pa_Akaljeet pa_Amarjot pa_Arheer pa_Arjyot pa_Baani pa_Baisakhi
				pa_Balvinder pa_Bhagvanjyot pa_Bijul pa_Charanjeet pa_Chitranjan pa_Dilpreet pa_Disha
				pa_Ekam pa_Giani pa_Gunkeerat pa_Gurinder pa_Gurkirat pa_Gurvinder pa_Gyanpreet
				pa_Harsheeda pa_Hushaima pa_Ikantika pa_Ishaana pa_Jaafi pa_Jaanasi pa_Jaanisaa
				pa_Jaganmohini pa_Janava pa_Janee pa_Janeen pa_Janika pa_Janilee pa_Janiya
				pa_Junaraaj pa_Junina pa_Kaashika pa_Kajali pa_Kajalla pa_Kajari pa_Kalai
				pa_Kanina pa_Kathika pa_Katreesa pa_Katriana pa_Kaydee pa_Leshya pa_Maahi
				pa_Maanvi pa_Makali pa_Mayukhi pa_Nihaara pa_Prahla pa_Shirim pa_Simarleen
				pa_Sukhwinder pa_Sukrajanya pa_Surinder pa_Tajinderpreet pa_Tatleen pa_Tavleen
			}
			family = {
				dyn_pa_Singh.dyn_pa_Singh.dyn_pa_Singh.dyn_pa_Singh
				dyn_pa_Kaur.dyn_pa_Kaur.dyn_pa_Kaur.dyn_pa_Kaur
				dyn_pa_Kumar.dyn_pa_Kumar.dyn_pa_Kumar.dyn_pa_Kumar
				dyn_pa_Devi.dyn_pa_Devi.dyn_pa_Devi.dyn_pa_Devi
				dyn_pa_Ram.dyn_pa_Ram.dyn_pa_Ram.dyn_pa_Ram
				dyn_pa_Rani.dyn_pa_Rani.dyn_pa_Rani.dyn_pa_Rani
				dyn_pa_Lal.dyn_pa_Lal.dyn_pa_Lal.dyn_pa_Lal
				dyn_pa_Chand.dyn_pa_Chand.dyn_pa_Chand.dyn_pa_Chand
				dyn_pa_Bai.dyn_pa_Bai.dyn_pa_Bai.dyn_pa_Bai
				dyn_pa_Sharma.dyn_pa_Sharma.dyn_pa_Sharma.dyn_pa_Sharma
				dyn_pa_Masih.dyn_pa_Masih.dyn_pa_Masih.dyn_pa_Masih
				dyn_pa_Raj.dyn_pa_Raj.dyn_pa_Raj.dyn_pa_Raj
				dyn_pa_Pal.dyn_pa_Pal.dyn_pa_Pal.dyn_pa_Pal
				dyn_pa_Kumari.dyn_pa_Kumari.dyn_pa_Kumari.dyn_pa_Kumari
				dyn_pa_Khan.dyn_pa_Khan.dyn_pa_Khan.dyn_pa_Khan
				dyn_pa_Gupta.dyn_pa_Gupta.dyn_pa_Gupta.dyn_pa_Gupta
				dyn_pa_Arora.dyn_pa_Arora.dyn_pa_Arora.dyn_pa_Arora
				dyn_pa_Dass.dyn_pa_Dass.dyn_pa_Dass.dyn_pa_Dass
				dyn_pa_Garg.dyn_pa_Garg.dyn_pa_Garg.dyn_pa_Garg
				dyn_pa_Kour.dyn_pa_Kour.dyn_pa_Kour.dyn_pa_Kour
				dyn_pa_Goyal.dyn_pa_Goyal.dyn_pa_Goyal.dyn_pa_Goyal
				dyn_pa_Bibi.dyn_pa_Bibi.dyn_pa_Bibi.dyn_pa_Bibi
				dyn_pa_Parkash.dyn_pa_Parkash.dyn_pa_Parkash.dyn_pa_Parkash
				dyn_pa_Bansal.dyn_pa_Bansal.dyn_pa_Bansal.dyn_pa_Bansal
				dyn_pa_Das.dyn_pa_Das.dyn_pa_Das.dyn_pa_Das
				dyn_pa_Verma.dyn_pa_Verma.dyn_pa_Verma.dyn_pa_Verma
				dyn_pa_Singla.dyn_pa_Singla.dyn_pa_Singla.dyn_pa_Singla
				dyn_pa_Bala.dyn_pa_Bala.dyn_pa_Bala.dyn_pa_Bala
				dyn_pa_Mahajan.dyn_pa_Mahajan.dyn_pa_Mahajan.dyn_pa_Mahajan
				dyn_pa_Sandhu.dyn_pa_Sandhu.dyn_pa_Sandhu.dyn_pa_Sandhu
				dyn_pa_Jain.dyn_pa_Jain.dyn_pa_Jain.dyn_pa_Jain
				dyn_pa_Gill.dyn_pa_Gill.dyn_pa_Gill.dyn_pa_Gill
				dyn_pa_Nath.dyn_pa_Nath.dyn_pa_Nath.dyn_pa_Nath
				dyn_pa_Saini.dyn_pa_Saini.dyn_pa_Saini.dyn_pa_Saini
				dyn_pa_Sidhu.dyn_pa_Sidhu.dyn_pa_Sidhu.dyn_pa_Sidhu
				dyn_pa_Thakur.dyn_pa_Thakur.dyn_pa_Thakur.dyn_pa_Thakur
				dyn_pa_Aggarwal.dyn_pa_Aggarwal.dyn_pa_Aggarwal.dyn_pa_Aggarwal
				dyn_pa_Kapoor.dyn_pa_Kapoor.dyn_pa_Kapoor.dyn_pa_Kapoor
				dyn_pa_Rana.dyn_pa_Rana.dyn_pa_Rana.dyn_pa_Rana
				dyn_pa_Rai.dyn_pa_Rai.dyn_pa_Rai.dyn_pa_Rai
				dyn_pa_Jindal.dyn_pa_Jindal.dyn_pa_Jindal.dyn_pa_Jindal
				dyn_pa_Sood.dyn_pa_Sood.dyn_pa_Sood.dyn_pa_Sood
				dyn_pa_Begam.dyn_pa_Begam.dyn_pa_Begam.dyn_pa_Begam
				dyn_pa_Dhillon.dyn_pa_Dhillon.dyn_pa_Dhillon.dyn_pa_Dhillon
				dyn_pa_Brar.dyn_pa_Brar.dyn_pa_Brar.dyn_pa_Brar
				dyn_pa_Chander.dyn_pa_Chander.dyn_pa_Chander.dyn_pa_Chander
				dyn_pa_Mittal.dyn_pa_Mittal.dyn_pa_Mittal.dyn_pa_Mittal
				dyn_pa_Mehra.dyn_pa_Mehra.dyn_pa_Mehra.dyn_pa_Mehra
				dyn_pa_Khanna.dyn_pa_Khanna.dyn_pa_Khanna.dyn_pa_Khanna
				dyn_pa_Bhatia.dyn_pa_Bhatia.dyn_pa_Bhatia.dyn_pa_Bhatia
				dyn_pa_Dhiman.dyn_pa_Dhiman.dyn_pa_Dhiman.dyn_pa_Dhiman
				dyn_pa_Malhotra.dyn_pa_Malhotra.dyn_pa_Malhotra.dyn_pa_Malhotra
				dyn_pa_Chopra.dyn_pa_Chopra.dyn_pa_Chopra.dyn_pa_Chopra
				dyn_pa_Krishan.dyn_pa_Krishan.dyn_pa_Krishan.dyn_pa_Krishan
				dyn_pa_Bhardwaj.dyn_pa_Bhardwaj.dyn_pa_Bhardwaj.dyn_pa_Bhardwaj
				dyn_pa_Puri.dyn_pa_Puri.dyn_pa_Puri.dyn_pa_Puri
				dyn_pa_Kaushal.dyn_pa_Kaushal.dyn_pa_Kaushal.dyn_pa_Kaushal
				dyn_pa_Grewal.dyn_pa_Grewal.dyn_pa_Grewal.dyn_pa_Grewal
				dyn_pa_Chawla.dyn_pa_Chawla.dyn_pa_Chawla.dyn_pa_Chawla
				dyn_pa_Sethi.dyn_pa_Sethi.dyn_pa_Sethi.dyn_pa_Sethi
				dyn_pa_Walia.dyn_pa_Walia.dyn_pa_Walia.dyn_pa_Walia
				dyn_pa_Mehta.dyn_pa_Mehta.dyn_pa_Mehta.dyn_pa_Mehta
				dyn_pa_Dhaliwal.dyn_pa_Dhaliwal.dyn_pa_Dhaliwal.dyn_pa_Dhaliwal
				dyn_pa_Sachdeva.dyn_pa_Sachdeva.dyn_pa_Sachdeva.dyn_pa_Sachdeva
				dyn_pa_Deep.dyn_pa_Deep.dyn_pa_Deep.dyn_pa_Deep
				dyn_pa_Chauhan.dyn_pa_Chauhan.dyn_pa_Chauhan.dyn_pa_Chauhan
				dyn_pa_Grover.dyn_pa_Grover.dyn_pa_Grover.dyn_pa_Grover
				dyn_pa_Joshi.dyn_pa_Joshi.dyn_pa_Joshi.dyn_pa_Joshi
				dyn_pa_Ali.dyn_pa_Ali.dyn_pa_Ali.dyn_pa_Ali
				dyn_pa_Sehgal.dyn_pa_Sehgal.dyn_pa_Sehgal.dyn_pa_Sehgal
				dyn_pa_Bedi.dyn_pa_Bedi.dyn_pa_Bedi.dyn_pa_Bedi
				dyn_pa_Kishan.dyn_pa_Kishan.dyn_pa_Kishan.dyn_pa_Kishan
				dyn_pa_Randhawa.dyn_pa_Randhawa.dyn_pa_Randhawa.dyn_pa_Randhawa
				dyn_pa_Dev.dyn_pa_Dev.dyn_pa_Dev.dyn_pa_Dev
				dyn_pa_Goel.dyn_pa_Goel.dyn_pa_Goel.dyn_pa_Goel
				dyn_pa_Saroop.dyn_pa_Saroop.dyn_pa_Saroop.dyn_pa_Saroop
				dyn_pa_Chhabra.dyn_pa_Chhabra.dyn_pa_Chhabra.dyn_pa_Chhabra
				dyn_pa_Kalra.dyn_pa_Kalra.dyn_pa_Kalra.dyn_pa_Kalra
				dyn_pa_Ahuja.dyn_pa_Ahuja.dyn_pa_Ahuja.dyn_pa_Ahuja
				dyn_pa_Dhawan.dyn_pa_Dhawan.dyn_pa_Dhawan.dyn_pa_Dhawan
				dyn_pa_Bajaj.dyn_pa_Bajaj.dyn_pa_Bajaj.dyn_pa_Bajaj
				dyn_pa_Davi.dyn_pa_Davi.dyn_pa_Davi.dyn_pa_Davi
				dyn_pa_Kha.dyn_pa_Kha.dyn_pa_Kha.dyn_pa_Kha
				dyn_pa_Yadav.dyn_pa_Yadav.dyn_pa_Yadav.dyn_pa_Yadav
				dyn_pa_Bhalla.dyn_pa_Bhalla.dyn_pa_Bhalla.dyn_pa_Bhalla
				dyn_pa_Dogra.dyn_pa_Dogra.dyn_pa_Dogra.dyn_pa_Dogra
				dyn_pa_Anand.dyn_pa_Anand.dyn_pa_Anand.dyn_pa_Anand
				dyn_pa_Khurana.dyn_pa_Khurana.dyn_pa_Khurana.dyn_pa_Khurana
				dyn_pa_Soni.dyn_pa_Soni.dyn_pa_Soni.dyn_pa_Soni
				dyn_pa_Mann.dyn_pa_Mann.dyn_pa_Mann.dyn_pa_Mann
				dyn_pa_Kuar.dyn_pa_Kuar.dyn_pa_Kuar.dyn_pa_Kuar
				dyn_pa_Din.dyn_pa_Din.dyn_pa_Din.dyn_pa_Din
				dyn_pa_Kashyap.dyn_pa_Kashyap.dyn_pa_Kashyap.dyn_pa_Kashyap
				dyn_pa_Kalia.dyn_pa_Kalia.dyn_pa_Kalia.dyn_pa_Kalia
				dyn_pa_Bhullar.dyn_pa_Bhullar.dyn_pa_Bhullar.dyn_pa_Bhullar
				dyn_pa_Chaudhary.dyn_pa_Chaudhary.dyn_pa_Chaudhary.dyn_pa_Chaudhary
				dyn_pa_Chahal.dyn_pa_Chahal.dyn_pa_Chahal.dyn_pa_Chahal
				dyn_pa_Preet.dyn_pa_Preet.dyn_pa_Preet.dyn_pa_Preet
				dyn_pa_Pathania.dyn_pa_Pathania.dyn_pa_Pathania.dyn_pa_Pathania
				dyn_pa_Bawa.dyn_pa_Bawa.dyn_pa_Bawa.dyn_pa_Bawa
				dyn_pa_Dhingra.dyn_pa_Dhingra.dyn_pa_Dhingra.dyn_pa_Dhingra
				dyn_pa_Kohli.dyn_pa_Kohli.dyn_pa_Kohli.dyn_pa_Kohli
				dyn_pa_Nagpal.dyn_pa_Nagpal.dyn_pa_Nagpal.dyn_pa_Nagpal
				dyn_pa_Sodhi.dyn_pa_Sodhi.dyn_pa_Sodhi.dyn_pa_Sodhi
				dyn_pa_Mishra.dyn_pa_Mishra.dyn_pa_Mishra.dyn_pa_Mishra
				dyn_pa_Rajput.dyn_pa_Rajput.dyn_pa_Rajput.dyn_pa_Rajput
				dyn_pa_Batra.dyn_pa_Batra.dyn_pa_Batra.dyn_pa_Batra
				dyn_pa_Cheema.dyn_pa_Cheema.dyn_pa_Cheema.dyn_pa_Cheema
				dyn_pa_Narang.dyn_pa_Narang.dyn_pa_Narang.dyn_pa_Narang
				dyn_pa_Bhagat.dyn_pa_Bhagat.dyn_pa_Bhagat.dyn_pa_Bhagat
				dyn_pa_Choudhary.dyn_pa_Choudhary.dyn_pa_Choudhary.dyn_pa_Choudhary
				dyn_pa_Bajwa.dyn_pa_Bajwa.dyn_pa_Bajwa.dyn_pa_Bajwa
				dyn_pa_Bhandari.dyn_pa_Bhandari.dyn_pa_Bhandari.dyn_pa_Bhandari
				dyn_pa_Dhir.dyn_pa_Dhir.dyn_pa_Dhir.dyn_pa_Dhir
				dyn_pa_Sekhon.dyn_pa_Sekhon.dyn_pa_Sekhon.dyn_pa_Sekhon
				dyn_pa_Gautam.dyn_pa_Gautam.dyn_pa_Gautam.dyn_pa_Gautam
				dyn_pa_Kamboj.dyn_pa_Kamboj.dyn_pa_Kamboj.dyn_pa_Kamboj
				dyn_pa_Bhatti.dyn_pa_Bhatti.dyn_pa_Bhatti.dyn_pa_Bhatti
				dyn_pa_Uppal.dyn_pa_Uppal.dyn_pa_Uppal.dyn_pa_Uppal
				dyn_pa_Mohammed.dyn_pa_Mohammed.dyn_pa_Mohammed.dyn_pa_Mohammed
				dyn_pa_Lata.dyn_pa_Lata.dyn_pa_Lata.dyn_pa_Lata
				dyn_pa_Signh.dyn_pa_Signh.dyn_pa_Signh.dyn_pa_Signh
				dyn_pa_Handa.dyn_pa_Handa.dyn_pa_Handa.dyn_pa_Handa
				dyn_pa_Kansal.dyn_pa_Kansal.dyn_pa_Kansal.dyn_pa_Kansal
				dyn_pa_Mohan.dyn_pa_Mohan.dyn_pa_Mohan.dyn_pa_Mohan
				dyn_pa_Paul.dyn_pa_Paul.dyn_pa_Paul.dyn_pa_Paul
				dyn_pa_Pyari.dyn_pa_Pyari.dyn_pa_Pyari.dyn_pa_Pyari
				dyn_pa_Wadhwa.dyn_pa_Wadhwa.dyn_pa_Wadhwa.dyn_pa_Wadhwa
				dyn_pa_Kalsi.dyn_pa_Kalsi.dyn_pa_Kalsi.dyn_pa_Kalsi
				dyn_pa_Seth.dyn_pa_Seth.dyn_pa_Seth.dyn_pa_Seth
				dyn_pa_Piyari.dyn_pa_Piyari.dyn_pa_Piyari.dyn_pa_Piyari
				dyn_pa_Kakkar.dyn_pa_Kakkar.dyn_pa_Kakkar.dyn_pa_Kakkar
				dyn_pa_Chadha.dyn_pa_Chadha.dyn_pa_Chadha.dyn_pa_Chadha
				dyn_pa_Tiwari.dyn_pa_Tiwari.dyn_pa_Tiwari.dyn_pa_Tiwari
				dyn_pa_Dutt.dyn_pa_Dutt.dyn_pa_Dutt.dyn_pa_Dutt
				dyn_pa_Maan.dyn_pa_Maan.dyn_pa_Maan.dyn_pa_Maan
				dyn_pa_Mohamad.dyn_pa_Mohamad.dyn_pa_Mohamad.dyn_pa_Mohamad
				dyn_pa_Shah.dyn_pa_Shah.dyn_pa_Shah.dyn_pa_Shah
				dyn_pa_Madaan.dyn_pa_Madaan.dyn_pa_Madaan.dyn_pa_Madaan
				dyn_pa_Nayyar.dyn_pa_Nayyar.dyn_pa_Nayyar.dyn_pa_Nayyar
				dyn_pa_Makkar.dyn_pa_Makkar.dyn_pa_Makkar.dyn_pa_Makkar
				dyn_pa_Virk.dyn_pa_Virk.dyn_pa_Virk.dyn_pa_Virk
				dyn_pa_Gulati.dyn_pa_Gulati.dyn_pa_Gulati.dyn_pa_Gulati
				dyn_pa_Kataria.dyn_pa_Kataria.dyn_pa_Kataria.dyn_pa_Kataria
				dyn_pa_Mohammad.dyn_pa_Mohammad.dyn_pa_Mohammad.dyn_pa_Mohammad
				dyn_pa_Talwar.dyn_pa_Talwar.dyn_pa_Talwar.dyn_pa_Talwar
				dyn_pa_Malik.dyn_pa_Malik.dyn_pa_Malik.dyn_pa_Malik
				dyn_pa_Duggal.dyn_pa_Duggal.dyn_pa_Duggal.dyn_pa_Duggal
				dyn_pa_Monga.dyn_pa_Monga.dyn_pa_Monga.dyn_pa_Monga
				dyn_pa_Koar.dyn_pa_Koar.dyn_pa_Koar.dyn_pa_Koar
				dyn_pa_Nanda.dyn_pa_Nanda.dyn_pa_Nanda.dyn_pa_Nanda
				dyn_pa_Sohal.dyn_pa_Sohal.dyn_pa_Sohal.dyn_pa_Sohal
				dyn_pa_Narula.dyn_pa_Narula.dyn_pa_Narula.dyn_pa_Narula
				dyn_pa_Pandey.dyn_pa_Pandey.dyn_pa_Pandey.dyn_pa_Pandey
				dyn_pa_Deen.dyn_pa_Deen.dyn_pa_Deen.dyn_pa_Deen
				dyn_pa_Marwaha.dyn_pa_Marwaha.dyn_pa_Marwaha.dyn_pa_Marwaha
				dyn_pa_Rattan.dyn_pa_Rattan.dyn_pa_Rattan.dyn_pa_Rattan
				dyn_pa_Bains.dyn_pa_Bains.dyn_pa_Bains.dyn_pa_Bains
				dyn_pa_Jaswal.dyn_pa_Jaswal.dyn_pa_Jaswal.dyn_pa_Jaswal
				dyn_pa_Partap.dyn_pa_Partap.dyn_pa_Partap.dyn_pa_Partap
				dyn_pa_Sing.dyn_pa_Sing.dyn_pa_Sing.dyn_pa_Sing
				dyn_pa_Sngh.dyn_pa_Sngh.dyn_pa_Sngh.dyn_pa_Sngh
				dyn_pa_Ghai.dyn_pa_Ghai.dyn_pa_Ghai.dyn_pa_Ghai
				dyn_pa_Bharti.dyn_pa_Bharti.dyn_pa_Bharti.dyn_pa_Bharti
				dyn_pa_Juneja.dyn_pa_Juneja.dyn_pa_Juneja.dyn_pa_Juneja
				dyn_pa_Sahni.dyn_pa_Sahni.dyn_pa_Sahni.dyn_pa_Sahni
				dyn_pa_Khosla.dyn_pa_Khosla.dyn_pa_Khosla.dyn_pa_Khosla
				dyn_pa_Pathak.dyn_pa_Pathak.dyn_pa_Pathak.dyn_pa_Pathak
				dyn_pa_Sahota.dyn_pa_Sahota.dyn_pa_Sahota.dyn_pa_Sahota
				dyn_pa_Gandhi.dyn_pa_Gandhi.dyn_pa_Gandhi.dyn_pa_Gandhi
				dyn_pa_Sareen.dyn_pa_Sareen.dyn_pa_Sareen.dyn_pa_Sareen
				dyn_pa_Sigh.dyn_pa_Sigh.dyn_pa_Sigh.dyn_pa_Sigh
				dyn_pa_Bhai.dyn_pa_Bhai.dyn_pa_Bhai.dyn_pa_Bhai
				dyn_pa_Gir.dyn_pa_Gir.dyn_pa_Gir.dyn_pa_Gir
				dyn_pa_Asra.dyn_pa_Asra.dyn_pa_Asra.dyn_pa_Asra
				dyn_pa_Parmar.dyn_pa_Parmar.dyn_pa_Parmar.dyn_pa_Parmar
				dyn_pa_Dutta.dyn_pa_Dutta.dyn_pa_Dutta.dyn_pa_Dutta
				dyn_pa_Dua.dyn_pa_Dua.dyn_pa_Dua.dyn_pa_Dua
				dyn_pa_Akur.dyn_pa_Akur.dyn_pa_Akur.dyn_pa_Akur
				dyn_pa_Ji.dyn_pa_Ji.dyn_pa_Ji.dyn_pa_Ji
				dyn_pa_Tandon.dyn_pa_Tandon.dyn_pa_Tandon.dyn_pa_Tandon
				dyn_pa_Aulakh.dyn_pa_Aulakh.dyn_pa_Aulakh.dyn_pa_Aulakh
			}
		}
		shauraseni = {
			male_names = {
				hi_Aadarsh hi_Aadavan hi_Aadhish hi_Aadi hi_Aarav hi_Advik hi_Ahaan hi_Akarsh
				hi_Akshay hi_Arnav hi_Ayush hi_Bahul hi_Baladhi hi_Balan hi_Balbir hi_Banshi
				hi_Bhavan hi_Bhavik hi_Bhavin hi_Bhavish hi_Chahan hi_Chaital hi_Chaitan hi_Chakor
				hi_Chakshu hi_Chandan hi_Charit hi_Chinmay hi_Chirag hi_Daanish hi_Dabeet hi_Dahak
				hi_Daivat hi_Daksh hi_Danavarsh hi_Darahaas hi_Deepak hi_Dev hi_Dhairya hi_Dhruv
				hi_Divit hi_Divyansh hi_Ekadanta hi_Ekaksh hi_Ekalavya hi_Ekant hi_Eshan
				hi_Faiyaz hi_Falgun hi_Fanish hi_Fravash hi_Hansh hi_Hari hi_Harikiran hi_Hemang
				hi_Hemanshu hi_Herish hi_Hetav hi_Himesh hi_Himmat hi_Hrithik hi_Indrajit hi_Jagesh
				hi_Jai hi_Jayesh hi_Kalash hi_Kalpit hi_Kiaan hi_Lakshay hi_Lakshit hi_Lehan
				hi_Likhit hi_Lohith hi_Lokesh hi_Maahir hi_Maanav hi_Mitul hi_Mohit hi_Neerav
				hi_Nishith hi_Ohas hi_Ojas hi_Omarjeet hi_Onish hi_Paarth hi_Padman hi_Palash
				hi_Palvit hi_Panav hi_Panshul hi_Paras hi_Parav hi_Piyush hi_Pranay hi_Priyansh
				hi_Rachit hi_Ranbir hi_Reyansh hi_Rohak hi_Rohan hi_Rohit hi_Rudra
				hi_Saaket hi_Sahil hi_Samar hi_Shlok hi_Shray hi_Taarush hi_Taha hi_Taimur
				hi_Tanay hi_Tushar hi_Uchit hi_Udarsh hi_Uday hi_Uthkarsh hi_Vaasu hi_Vaayu
				hi_Vachan hi_Vagesh hi_Vaibhav hi_Vihaan hi_Vivaan hi_Yakshit hi_Zeehan
			}
			female_names = {
				hi_Aahaana hi_Aaloka hi_Aamani hi_Aanchal hi_Aaravi hi_Aashi hi_Aayushi
				hi_Adriti hi_Advika hi_Aisha hi_Asin hi_Aysha hi_Bani hi_Bhakti hi_Bhaumi hi_Chaitali
				hi_Chanakshi hi_Charul hi_Cherika hi_Chetal hi_Daivi hi_Darshini hi_Dhara hi_Dhruvi
				hi_Dhwani hi_Dijul hi_Edha hi_Ekta hi_Elika hi_Enakshi hi_Eniya hi_Esha hi_Eswaria
				hi_Falguni hi_Freya hi_Gamini hi_Gargi hi_Garima hi_Geshna hi_Gitali hi_Griva
				hi_Harshika hi_Harshini hi_Hashree hi_Hemali hi_Henna hi_Hir hi_Hruti hi_Idaya
				hi_Idika hi_Ihita hi_Ira hi_Iyla hi_Janki hi_Jasmeet hi_Jasoda hi_Jasweer hi_Jemisha
				hi_Jhanvi hi_Juhi hi_Jyestha hi_Kajal hi_Kalini hi_Karishma hi_Kashika hi_Kavya
				hi_Kshama hi_Laranya hi_Lata hi_Latika hi_Leena hi_Mahi hi_Mahika hi_Mayra
				hi_Mayukhi hi_Menaha hi_Mira hi_Mishka hi_Navya hi_Neha hi_Nimisha hi_Nisha
				hi_Nitya hi_Niva hi_Oja hi_Ojasvi hi_Omaja hi_Omkareshwari hi_Omysha  hi_Paakhi
				hi_Pari hi_Pavati hi_Pooja hi_Priya hi_Ranhita hi_Ria hi_Rishima hi_Roop
				hi_Ryka hi_Saanvi hi_Saanya hi_Sadhika hi_Taani hi_Tanuja hi_Tashu hi_Tejal
				hi_Tejasvi hi_Tiya hi_Trayi hi_Trisha hi_Tuhi hi_Udaya hi_Udisha hi_Uditi hi_Umangi
				hi_Unnathi hi_Vaani hi_Vaishnavi hi_Vakula hi_Wamika hi_Yamini hi_Yashi hi_Zaara
				hi_Zankhan hi_Zoya
			}
			family = {
				dyn_hi_Adama.dyn_hi_Adama.dyn_hi_Adama.dyn_hi_Adama
				dyn_hi_Adarsh.dyn_hi_Adarsh.dyn_hi_Adarsh.dyn_hi_Adarsh
				dyn_hi_Agnihotri.dyn_hi_Agnihotri.dyn_hi_Agnihotri.dyn_hi_Agnihotri
				dyn_hi_Agrawal.dyn_hi_Agrawal.dyn_hi_Agrawal.dyn_hi_Agrawal
				dyn_hi_Ahuja.dyn_hi_Ahuja.dyn_hi_Ahuja.dyn_hi_Ahuja
				dyn_hi_Aithal.dyn_hi_Aithal.dyn_hi_Aithal.dyn_hi_Aithal
				dyn_hi_Babbar.dyn_hi_Babbar.dyn_hi_Babbar.dyn_hi_Babbar
				dyn_hi_Bahl.dyn_hi_Bahl.dyn_hi_Bahl.dyn_hi_Bahl
				dyn_hi_Bahri.dyn_hi_Bahri.dyn_hi_Bahri.dyn_hi_Bahri
				dyn_hi_Bahuguna.dyn_hi_Bahuguna.dyn_hi_Bahuguna.dyn_hi_Bahuguna
				dyn_hi_Bajaj.dyn_hi_Bajaj.dyn_hi_Bajaj.dyn_hi_Bajaj
				dyn_hi_Bakshi.dyn_hi_Bakshi.dyn_hi_Bakshi.dyn_hi_Bakshi
				dyn_hi_Balsara.dyn_hi_Balsara.dyn_hi_Balsara.dyn_hi_Balsara
				dyn_hi_Bamraulia.dyn_hi_Bamraulia.dyn_hi_Bamraulia.dyn_hi_Bamraulia
				dyn_hi_Banerjee.dyn_hi_Banerjee.dyn_hi_Banerjee.dyn_hi_Banerjee
				dyn_hi_Barthwal.dyn_hi_Barthwal.dyn_hi_Barthwal.dyn_hi_Barthwal
				dyn_hi_Baruwal.dyn_hi_Baruwal.dyn_hi_Baruwal.dyn_hi_Baruwal
				dyn_hi_Batra.dyn_hi_Batra.dyn_hi_Batra.dyn_hi_Batra
				dyn_hi_Bedi.dyn_hi_Bedi.dyn_hi_Bedi.dyn_hi_Bedi
				dyn_hi_Bhamba.dyn_hi_Bhamba.dyn_hi_Bhamba.dyn_hi_Bhamba
				dyn_hi_Bhambri.dyn_hi_Bhambri.dyn_hi_Bhambri.dyn_hi_Bhambri
				dyn_hi_Bhardwaj.dyn_hi_Bhardwaj.dyn_hi_Bhardwaj.dyn_hi_Bhardwaj
				dyn_hi_Bhasin.dyn_hi_Bhasin.dyn_hi_Bhasin.dyn_hi_Bhasin
				dyn_hi_Bindra.dyn_hi_Bindra.dyn_hi_Bindra.dyn_hi_Bindra
				dyn_hi_Bulsara.dyn_hi_Bulsara.dyn_hi_Bulsara.dyn_hi_Bulsara
				dyn_hi_Chadha.dyn_hi_Chadha.dyn_hi_Chadha.dyn_hi_Chadha
				dyn_hi_Chakladar.dyn_hi_Chakladar.dyn_hi_Chakladar.dyn_hi_Chakladar
				dyn_hi_Chakraborty.dyn_hi_Chakraborty.dyn_hi_Chakraborty.dyn_hi_Chakraborty
				dyn_hi_Chandola.dyn_hi_Chandola.dyn_hi_Chandola.dyn_hi_Chandola
				dyn_hi_Chatterjee.dyn_hi_Chatterjee.dyn_hi_Chatterjee.dyn_hi_Chatterjee
				dyn_hi_Chawla.dyn_hi_Chawla.dyn_hi_Chawla.dyn_hi_Chawla
				dyn_hi_Chheda.dyn_hi_Chheda.dyn_hi_Chheda.dyn_hi_Chheda
				dyn_hi_Chopra.dyn_hi_Chopra.dyn_hi_Chopra.dyn_hi_Chopra
				dyn_hi_Chugh.dyn_hi_Chugh.dyn_hi_Chugh.dyn_hi_Chugh
				dyn_hi_Cukkemane.dyn_hi_Cukkemane.dyn_hi_Cukkemane.dyn_hi_Cukkemane
				dyn_hi_Dabral.dyn_hi_Dabral.dyn_hi_Dabral.dyn_hi_Dabral
				dyn_hi_Dang.dyn_hi_Dang.dyn_hi_Dang.dyn_hi_Dang
				dyn_hi_Desai.dyn_hi_Desai.dyn_hi_Desai.dyn_hi_Desai
				dyn_hi_Desikan.dyn_hi_Desikan.dyn_hi_Desikan.dyn_hi_Desikan
				dyn_hi_Devarajah.dyn_hi_Devarajah.dyn_hi_Devarajah.dyn_hi_Devarajah
				dyn_hi_Dhand.dyn_hi_Dhand.dyn_hi_Dhand.dyn_hi_Dhand
				dyn_hi_Dhawan.dyn_hi_Dhawan.dyn_hi_Dhawan.dyn_hi_Dhawan
				dyn_hi_Dhingra.dyn_hi_Dhingra.dyn_hi_Dhingra.dyn_hi_Dhingra
				dyn_hi_Doshi.dyn_hi_Doshi.dyn_hi_Doshi.dyn_hi_Doshi
				dyn_hi_Duggal.dyn_hi_Duggal.dyn_hi_Duggal.dyn_hi_Duggal
				dyn_hi_Gairola.dyn_hi_Gairola.dyn_hi_Gairola.dyn_hi_Gairola
				dyn_hi_Gambhir.dyn_hi_Gambhir.dyn_hi_Gambhir.dyn_hi_Gambhir
				dyn_hi_Ganguly.dyn_hi_Ganguly.dyn_hi_Ganguly.dyn_hi_Ganguly
				dyn_hi_Gautam.dyn_hi_Gautam.dyn_hi_Gautam.dyn_hi_Gautam
				dyn_hi_Gera.dyn_hi_Gera.dyn_hi_Gera.dyn_hi_Gera
				dyn_hi_Ghai.dyn_hi_Ghai.dyn_hi_Ghai.dyn_hi_Ghai
				dyn_hi_Ghatak.dyn_hi_Ghatak.dyn_hi_Ghatak.dyn_hi_Ghatak
				dyn_hi_Gujral.dyn_hi_Gujral.dyn_hi_Gujral.dyn_hi_Gujral
				dyn_hi_Hatwal.dyn_hi_Hatwal.dyn_hi_Hatwal.dyn_hi_Hatwal
				dyn_hi_Iyengar.dyn_hi_Iyengar.dyn_hi_Iyengar.dyn_hi_Iyengar
				dyn_hi_Iyer.dyn_hi_Iyer.dyn_hi_Iyer.dyn_hi_Iyer
				dyn_hi_Jaiswal.dyn_hi_Jaiswal.dyn_hi_Jaiswal.dyn_hi_Jaiswal
				dyn_hi_Jaitly.dyn_hi_Jaitly.dyn_hi_Jaitly.dyn_hi_Jaitly
				dyn_hi_Jakhar.dyn_hi_Jakhar.dyn_hi_Jakhar.dyn_hi_Jakhar
				dyn_hi_Jayashankar.dyn_hi_Jayashankar.dyn_hi_Jayashankar.dyn_hi_Jayashankar
				dyn_hi_Jhunjhunwala.dyn_hi_Jhunjhunwala.dyn_hi_Jhunjhunwala.dyn_hi_Jhunjhunwala
				dyn_hi_Kakkar.dyn_hi_Kakkar.dyn_hi_Kakkar.dyn_hi_Kakkar
				dyn_hi_Kalra.dyn_hi_Kalra.dyn_hi_Kalra.dyn_hi_Kalra
				dyn_hi_Kamra.dyn_hi_Kamra.dyn_hi_Kamra.dyn_hi_Kamra
				dyn_hi_Kandhari.dyn_hi_Kandhari.dyn_hi_Kandhari.dyn_hi_Kandhari
				dyn_hi_Kapoor.dyn_hi_Kapoor.dyn_hi_Kapoor.dyn_hi_Kapoor
				dyn_hi_Karan_Kayastha.dyn_hi_Karan_Kayastha.dyn_hi_Karan_Kayastha.dyn_hi_Karan_Kayastha
				dyn_hi_Katyal.dyn_hi_Katyal.dyn_hi_Katyal.dyn_hi_Katyal
				dyn_hi_Kawle.dyn_hi_Kawle.dyn_hi_Kawle.dyn_hi_Kawle
				dyn_hi_Khandelwal.dyn_hi_Khandelwal.dyn_hi_Khandelwal.dyn_hi_Khandelwal
				dyn_hi_Khanna.dyn_hi_Khanna.dyn_hi_Khanna.dyn_hi_Khanna
				dyn_hi_Khattar.dyn_hi_Khattar.dyn_hi_Khattar.dyn_hi_Khattar
				dyn_hi_Khera.dyn_hi_Khera.dyn_hi_Khera.dyn_hi_Khera
				dyn_hi_Khosla.dyn_hi_Khosla.dyn_hi_Khosla.dyn_hi_Khosla
				dyn_hi_Khurana.dyn_hi_Khurana.dyn_hi_Khurana.dyn_hi_Khurana
				dyn_hi_Kochhar.dyn_hi_Kochhar.dyn_hi_Kochhar.dyn_hi_Kochhar
				dyn_hi_Kohli.dyn_hi_Kohli.dyn_hi_Kohli.dyn_hi_Kohli
				dyn_hi_Lamba.dyn_hi_Lamba.dyn_hi_Lamba.dyn_hi_Lamba
				dyn_hi_Lugun.dyn_hi_Lugun.dyn_hi_Lugun.dyn_hi_Lugun
				dyn_hi_Luthra.dyn_hi_Luthra.dyn_hi_Luthra.dyn_hi_Luthra
				dyn_hi_Madan.dyn_hi_Madan.dyn_hi_Madan.dyn_hi_Madan
				dyn_hi_Madhok.dyn_hi_Madhok.dyn_hi_Madhok.dyn_hi_Madhok
				dyn_hi_Mahendru.dyn_hi_Mahendru.dyn_hi_Mahendru.dyn_hi_Mahendru
				dyn_hi_Mahto.dyn_hi_Mahto.dyn_hi_Mahto.dyn_hi_Mahto
				dyn_hi_Maji.dyn_hi_Maji.dyn_hi_Maji.dyn_hi_Maji
				dyn_hi_Makan.dyn_hi_Makan.dyn_hi_Makan.dyn_hi_Makan
				dyn_hi_Makkar.dyn_hi_Makkar.dyn_hi_Makkar.dyn_hi_Makkar
				dyn_hi_Mal.dyn_hi_Mal.dyn_hi_Mal.dyn_hi_Mal
				dyn_hi_Malakar.dyn_hi_Malakar.dyn_hi_Malakar.dyn_hi_Malakar
				dyn_hi_Malhotra.dyn_hi_Malhotra.dyn_hi_Malhotra.dyn_hi_Malhotra
				dyn_hi_Malik.dyn_hi_Malik.dyn_hi_Malik.dyn_hi_Malik
				dyn_hi_Manaktala.dyn_hi_Manaktala.dyn_hi_Manaktala.dyn_hi_Manaktala
				dyn_hi_Meghani.dyn_hi_Meghani.dyn_hi_Meghani.dyn_hi_Meghani
				dyn_hi_Mehra.dyn_hi_Mehra.dyn_hi_Mehra.dyn_hi_Mehra
				dyn_hi_Mehrotra.dyn_hi_Mehrotra.dyn_hi_Mehrotra.dyn_hi_Mehrotra
				dyn_hi_Menariya.dyn_hi_Menariya.dyn_hi_Menariya.dyn_hi_Menariya
				dyn_hi_Mohanty.dyn_hi_Mohanty.dyn_hi_Mohanty.dyn_hi_Mohanty
				dyn_hi_Mongia.dyn_hi_Mongia.dyn_hi_Mongia.dyn_hi_Mongia
				dyn_hi_Mukherjee.dyn_hi_Mukherjee.dyn_hi_Mukherjee.dyn_hi_Mukherjee
				dyn_hi_Munjal.dyn_hi_Munjal.dyn_hi_Munjal.dyn_hi_Munjal
				dyn_hi_Nagpal.dyn_hi_Nagpal.dyn_hi_Nagpal.dyn_hi_Nagpal
				dyn_hi_Nanda.dyn_hi_Nanda.dyn_hi_Nanda.dyn_hi_Nanda
				dyn_hi_Narula.dyn_hi_Narula.dyn_hi_Narula.dyn_hi_Narula
				dyn_hi_Naudiyal.dyn_hi_Naudiyal.dyn_hi_Naudiyal.dyn_hi_Naudiyal
				dyn_hi_Nautiyal.dyn_hi_Nautiyal.dyn_hi_Nautiyal.dyn_hi_Nautiyal
				dyn_hi_Nayar.dyn_hi_Nayar.dyn_hi_Nayar.dyn_hi_Nayar
				dyn_hi_Oberoi.dyn_hi_Oberoi.dyn_hi_Oberoi.dyn_hi_Oberoi
				dyn_hi_Paliwal.dyn_hi_Paliwal.dyn_hi_Paliwal.dyn_hi_Paliwal
				dyn_hi_Passi.dyn_hi_Passi.dyn_hi_Passi.dyn_hi_Passi
				dyn_hi_Piramal.dyn_hi_Piramal.dyn_hi_Piramal.dyn_hi_Piramal
				dyn_hi_Prabhune.dyn_hi_Prabhune.dyn_hi_Prabhune.dyn_hi_Prabhune
				dyn_hi_Purandare.dyn_hi_Purandare.dyn_hi_Purandare.dyn_hi_Purandare
				dyn_hi_Puri.dyn_hi_Puri.dyn_hi_Puri.dyn_hi_Puri
				dyn_hi_Pyne.dyn_hi_Pyne.dyn_hi_Pyne.dyn_hi_Pyne
				dyn_hi_Rath.dyn_hi_Rath.dyn_hi_Rath.dyn_hi_Rath
				dyn_hi_Sabharwal.dyn_hi_Sabharwal.dyn_hi_Sabharwal.dyn_hi_Sabharwal
				dyn_hi_Sachdev.dyn_hi_Sachdev.dyn_hi_Sachdev.dyn_hi_Sachdev
				dyn_hi_Sadangi.dyn_hi_Sadangi.dyn_hi_Sadangi.dyn_hi_Sadangi
				dyn_hi_Sagar.dyn_hi_Sagar.dyn_hi_Sagar.dyn_hi_Sagar
				dyn_hi_Sahni.dyn_hi_Sahni.dyn_hi_Sahni.dyn_hi_Sahni
				dyn_hi_Sakarwar.dyn_hi_Sakarwar.dyn_hi_Sakarwar.dyn_hi_Sakarwar
				dyn_hi_Saluja.dyn_hi_Saluja.dyn_hi_Saluja.dyn_hi_Saluja
				dyn_hi_Santokhi.dyn_hi_Santokhi.dyn_hi_Santokhi.dyn_hi_Santokhi
				dyn_hi_Sardana.dyn_hi_Sardana.dyn_hi_Sardana.dyn_hi_Sardana
				dyn_hi_Sarna.dyn_hi_Sarna.dyn_hi_Sarna.dyn_hi_Sarna
				dyn_hi_Sastry.dyn_hi_Sastry.dyn_hi_Sastry.dyn_hi_Sastry
				dyn_hi_Satapathy.dyn_hi_Satapathy.dyn_hi_Satapathy.dyn_hi_Satapathy
				dyn_hi_Sehgal.dyn_hi_Sehgal.dyn_hi_Sehgal.dyn_hi_Sehgal
				dyn_hi_Semwal.dyn_hi_Semwal.dyn_hi_Semwal.dyn_hi_Semwal
				dyn_hi_Sengupta.dyn_hi_Sengupta.dyn_hi_Sengupta.dyn_hi_Sengupta
				dyn_hi_Seth.dyn_hi_Seth.dyn_hi_Seth.dyn_hi_Seth
				dyn_hi_Sethi.dyn_hi_Sethi.dyn_hi_Sethi.dyn_hi_Sethi
				dyn_hi_Sharma.dyn_hi_Sharma.dyn_hi_Sharma.dyn_hi_Sharma
				dyn_hi_Sibal.dyn_hi_Sibal.dyn_hi_Sibal.dyn_hi_Sibal
				dyn_hi_Sikka.dyn_hi_Sikka.dyn_hi_Sikka.dyn_hi_Sikka
				dyn_hi_Sobti.dyn_hi_Sobti.dyn_hi_Sobti.dyn_hi_Sobti
				dyn_hi_Sodhi.dyn_hi_Sodhi.dyn_hi_Sodhi.dyn_hi_Sodhi
				dyn_hi_Sood.dyn_hi_Sood.dyn_hi_Sood.dyn_hi_Sood
				dyn_hi_Talwar.dyn_hi_Talwar.dyn_hi_Talwar.dyn_hi_Talwar
				dyn_hi_Tandon.dyn_hi_Tandon.dyn_hi_Tandon.dyn_hi_Tandon
				dyn_hi_Taneja.dyn_hi_Taneja.dyn_hi_Taneja.dyn_hi_Taneja
				dyn_hi_Thapar.dyn_hi_Thapar.dyn_hi_Thapar.dyn_hi_Thapar
				dyn_hi_Thukral.dyn_hi_Thukral.dyn_hi_Thukral.dyn_hi_Thukral
				dyn_hi_Tibrewal.dyn_hi_Tibrewal.dyn_hi_Tibrewal.dyn_hi_Tibrewal
				dyn_hi_Trehan.dyn_hi_Trehan.dyn_hi_Trehan.dyn_hi_Trehan
				dyn_hi_Tuli.dyn_hi_Tuli.dyn_hi_Tuli.dyn_hi_Tuli
				dyn_hi_Uniyal.dyn_hi_Uniyal.dyn_hi_Uniyal.dyn_hi_Uniyal
				dyn_hi_Upreti.dyn_hi_Upreti.dyn_hi_Upreti.dyn_hi_Upreti
				dyn_hi_Vadera.dyn_hi_Vadera.dyn_hi_Vadera.dyn_hi_Vadera
				dyn_hi_Vadra.dyn_hi_Vadra.dyn_hi_Vadra.dyn_hi_Vadra
				dyn_hi_Vij.dyn_hi_Vij.dyn_hi_Vij.dyn_hi_Vij
				dyn_hi_Virmani.dyn_hi_Virmani.dyn_hi_Virmani.dyn_hi_Virmani
				dyn_hi_Vohra.dyn_hi_Vohra.dyn_hi_Vohra.dyn_hi_Vohra
				dyn_hi_Wadhawan.dyn_hi_Wadhawan.dyn_hi_Wadhawan.dyn_hi_Wadhawan
				dyn_hi_Wadhwa.dyn_hi_Wadhwa.dyn_hi_Wadhwa.dyn_hi_Wadhwa
				dyn_hi_Wadhwani.dyn_hi_Wadhwani.dyn_hi_Wadhwani.dyn_hi_Wadhwani
				dyn_hi_Walia.dyn_hi_Walia.dyn_hi_Walia.dyn_hi_Walia
				dyn_hi_Wassan.dyn_hi_Wassan.dyn_hi_Wassan.dyn_hi_Wassan
			}
		}
		avanti = {
			male_names = {
				hi_Aadarsh hi_Aadavan hi_Aadhish hi_Aadi hi_Aarav hi_Advik hi_Ahaan hi_Akarsh
				hi_Akshay hi_Arnav hi_Ayush hi_Bahul hi_Baladhi hi_Balan hi_Balbir hi_Banshi
				hi_Bhavan hi_Bhavik hi_Bhavin hi_Bhavish hi_Chahan hi_Chaital hi_Chaitan hi_Chakor
				hi_Chakshu hi_Chandan hi_Charit hi_Chinmay hi_Chirag hi_Daanish hi_Dabeet hi_Dahak
				hi_Daivat hi_Daksh hi_Danavarsh hi_Darahaas hi_Deepak hi_Dev hi_Dhairya hi_Dhruv
				hi_Divit hi_Divyansh hi_Ekadanta hi_Ekaksh hi_Ekalavya hi_Ekant hi_Eshan
				hi_Faiyaz hi_Falgun hi_Fanish hi_Fravash hi_Hansh hi_Hari hi_Harikiran hi_Hemang
				hi_Hemanshu hi_Herish hi_Hetav hi_Himesh hi_Himmat hi_Hrithik hi_Indrajit hi_Jagesh
				hi_Jai hi_Jayesh hi_Kalash hi_Kalpit hi_Kiaan hi_Lakshay hi_Lakshit hi_Lehan
				hi_Likhit hi_Lohith hi_Lokesh hi_Maahir hi_Maanav hi_Mitul hi_Mohit hi_Neerav
				hi_Nishith hi_Ohas hi_Ojas hi_Omarjeet hi_Onish hi_Paarth hi_Padman hi_Palash
				hi_Palvit hi_Panav hi_Panshul hi_Paras hi_Parav hi_Piyush hi_Pranay hi_Priyansh
				hi_Rachit hi_Ranbir hi_Reyansh hi_Rohak hi_Rohan hi_Rohit hi_Rudra
				hi_Saaket hi_Sahil hi_Samar hi_Shlok hi_Shray hi_Taarush hi_Taha hi_Taimur
				hi_Tanay hi_Tushar hi_Uchit hi_Udarsh hi_Uday hi_Uthkarsh hi_Vaasu hi_Vaayu
				hi_Vachan hi_Vagesh hi_Vaibhav hi_Vihaan hi_Vivaan hi_Yakshit hi_Zeehan
			}
			female_names = {
				hi_Aahaana hi_Aaloka hi_Aamani hi_Aanchal hi_Aaravi hi_Aashi hi_Aayushi
				hi_Adriti hi_Advika hi_Aisha hi_Asin hi_Aysha hi_Bani hi_Bhakti hi_Bhaumi hi_Chaitali
				hi_Chanakshi hi_Charul hi_Cherika hi_Chetal hi_Daivi hi_Darshini hi_Dhara hi_Dhruvi
				hi_Dhwani hi_Dijul hi_Edha hi_Ekta hi_Elika hi_Enakshi hi_Eniya hi_Esha hi_Eswaria
				hi_Falguni hi_Freya hi_Gamini hi_Gargi hi_Garima hi_Geshna hi_Gitali hi_Griva
				hi_Harshika hi_Harshini hi_Hashree hi_Hemali hi_Henna hi_Hir hi_Hruti hi_Idaya
				hi_Idika hi_Ihita hi_Ira hi_Iyla hi_Janki hi_Jasmeet hi_Jasoda hi_Jasweer hi_Jemisha
				hi_Jhanvi hi_Juhi hi_Jyestha hi_Kajal hi_Kalini hi_Karishma hi_Kashika hi_Kavya
				hi_Kshama hi_Laranya hi_Lata hi_Latika hi_Leena hi_Mahi hi_Mahika hi_Mayra
				hi_Mayukhi hi_Menaha hi_Mira hi_Mishka hi_Navya hi_Neha hi_Nimisha hi_Nisha
				hi_Nitya hi_Niva hi_Oja hi_Ojasvi hi_Omaja hi_Omkareshwari hi_Omysha  hi_Paakhi
				hi_Pari hi_Pavati hi_Pooja hi_Priya hi_Ranhita hi_Ria hi_Rishima hi_Roop
				hi_Ryka hi_Saanvi hi_Saanya hi_Sadhika hi_Taani hi_Tanuja hi_Tashu hi_Tejal
				hi_Tejasvi hi_Tiya hi_Trayi hi_Trisha hi_Tuhi hi_Udaya hi_Udisha hi_Uditi hi_Umangi
				hi_Unnathi hi_Vaani hi_Vaishnavi hi_Vakula hi_Wamika hi_Yamini hi_Yashi hi_Zaara
				hi_Zankhan hi_Zoya
			}
			family = {
				dyn_hi_Adama.dyn_hi_Adama.dyn_hi_Adama.dyn_hi_Adama
				dyn_hi_Adarsh.dyn_hi_Adarsh.dyn_hi_Adarsh.dyn_hi_Adarsh
				dyn_hi_Agnihotri.dyn_hi_Agnihotri.dyn_hi_Agnihotri.dyn_hi_Agnihotri
				dyn_hi_Agrawal.dyn_hi_Agrawal.dyn_hi_Agrawal.dyn_hi_Agrawal
				dyn_hi_Ahuja.dyn_hi_Ahuja.dyn_hi_Ahuja.dyn_hi_Ahuja
				dyn_hi_Aithal.dyn_hi_Aithal.dyn_hi_Aithal.dyn_hi_Aithal
				dyn_hi_Babbar.dyn_hi_Babbar.dyn_hi_Babbar.dyn_hi_Babbar
				dyn_hi_Bahl.dyn_hi_Bahl.dyn_hi_Bahl.dyn_hi_Bahl
				dyn_hi_Bahri.dyn_hi_Bahri.dyn_hi_Bahri.dyn_hi_Bahri
				dyn_hi_Bahuguna.dyn_hi_Bahuguna.dyn_hi_Bahuguna.dyn_hi_Bahuguna
				dyn_hi_Bajaj.dyn_hi_Bajaj.dyn_hi_Bajaj.dyn_hi_Bajaj
				dyn_hi_Bakshi.dyn_hi_Bakshi.dyn_hi_Bakshi.dyn_hi_Bakshi
				dyn_hi_Balsara.dyn_hi_Balsara.dyn_hi_Balsara.dyn_hi_Balsara
				dyn_hi_Bamraulia.dyn_hi_Bamraulia.dyn_hi_Bamraulia.dyn_hi_Bamraulia
				dyn_hi_Banerjee.dyn_hi_Banerjee.dyn_hi_Banerjee.dyn_hi_Banerjee
				dyn_hi_Barthwal.dyn_hi_Barthwal.dyn_hi_Barthwal.dyn_hi_Barthwal
				dyn_hi_Baruwal.dyn_hi_Baruwal.dyn_hi_Baruwal.dyn_hi_Baruwal
				dyn_hi_Batra.dyn_hi_Batra.dyn_hi_Batra.dyn_hi_Batra
				dyn_hi_Bedi.dyn_hi_Bedi.dyn_hi_Bedi.dyn_hi_Bedi
				dyn_hi_Bhamba.dyn_hi_Bhamba.dyn_hi_Bhamba.dyn_hi_Bhamba
				dyn_hi_Bhambri.dyn_hi_Bhambri.dyn_hi_Bhambri.dyn_hi_Bhambri
				dyn_hi_Bhardwaj.dyn_hi_Bhardwaj.dyn_hi_Bhardwaj.dyn_hi_Bhardwaj
				dyn_hi_Bhasin.dyn_hi_Bhasin.dyn_hi_Bhasin.dyn_hi_Bhasin
				dyn_hi_Bindra.dyn_hi_Bindra.dyn_hi_Bindra.dyn_hi_Bindra
				dyn_hi_Bulsara.dyn_hi_Bulsara.dyn_hi_Bulsara.dyn_hi_Bulsara
				dyn_hi_Chadha.dyn_hi_Chadha.dyn_hi_Chadha.dyn_hi_Chadha
				dyn_hi_Chakladar.dyn_hi_Chakladar.dyn_hi_Chakladar.dyn_hi_Chakladar
				dyn_hi_Chakraborty.dyn_hi_Chakraborty.dyn_hi_Chakraborty.dyn_hi_Chakraborty
				dyn_hi_Chandola.dyn_hi_Chandola.dyn_hi_Chandola.dyn_hi_Chandola
				dyn_hi_Chatterjee.dyn_hi_Chatterjee.dyn_hi_Chatterjee.dyn_hi_Chatterjee
				dyn_hi_Chawla.dyn_hi_Chawla.dyn_hi_Chawla.dyn_hi_Chawla
				dyn_hi_Chheda.dyn_hi_Chheda.dyn_hi_Chheda.dyn_hi_Chheda
				dyn_hi_Chopra.dyn_hi_Chopra.dyn_hi_Chopra.dyn_hi_Chopra
				dyn_hi_Chugh.dyn_hi_Chugh.dyn_hi_Chugh.dyn_hi_Chugh
				dyn_hi_Cukkemane.dyn_hi_Cukkemane.dyn_hi_Cukkemane.dyn_hi_Cukkemane
				dyn_hi_Dabral.dyn_hi_Dabral.dyn_hi_Dabral.dyn_hi_Dabral
				dyn_hi_Dang.dyn_hi_Dang.dyn_hi_Dang.dyn_hi_Dang
				dyn_hi_Desai.dyn_hi_Desai.dyn_hi_Desai.dyn_hi_Desai
				dyn_hi_Desikan.dyn_hi_Desikan.dyn_hi_Desikan.dyn_hi_Desikan
				dyn_hi_Devarajah.dyn_hi_Devarajah.dyn_hi_Devarajah.dyn_hi_Devarajah
				dyn_hi_Dhand.dyn_hi_Dhand.dyn_hi_Dhand.dyn_hi_Dhand
				dyn_hi_Dhawan.dyn_hi_Dhawan.dyn_hi_Dhawan.dyn_hi_Dhawan
				dyn_hi_Dhingra.dyn_hi_Dhingra.dyn_hi_Dhingra.dyn_hi_Dhingra
				dyn_hi_Doshi.dyn_hi_Doshi.dyn_hi_Doshi.dyn_hi_Doshi
				dyn_hi_Duggal.dyn_hi_Duggal.dyn_hi_Duggal.dyn_hi_Duggal
				dyn_hi_Gairola.dyn_hi_Gairola.dyn_hi_Gairola.dyn_hi_Gairola
				dyn_hi_Gambhir.dyn_hi_Gambhir.dyn_hi_Gambhir.dyn_hi_Gambhir
				dyn_hi_Ganguly.dyn_hi_Ganguly.dyn_hi_Ganguly.dyn_hi_Ganguly
				dyn_hi_Gautam.dyn_hi_Gautam.dyn_hi_Gautam.dyn_hi_Gautam
				dyn_hi_Gera.dyn_hi_Gera.dyn_hi_Gera.dyn_hi_Gera
				dyn_hi_Ghai.dyn_hi_Ghai.dyn_hi_Ghai.dyn_hi_Ghai
				dyn_hi_Ghatak.dyn_hi_Ghatak.dyn_hi_Ghatak.dyn_hi_Ghatak
				dyn_hi_Gujral.dyn_hi_Gujral.dyn_hi_Gujral.dyn_hi_Gujral
				dyn_hi_Hatwal.dyn_hi_Hatwal.dyn_hi_Hatwal.dyn_hi_Hatwal
				dyn_hi_Iyengar.dyn_hi_Iyengar.dyn_hi_Iyengar.dyn_hi_Iyengar
				dyn_hi_Iyer.dyn_hi_Iyer.dyn_hi_Iyer.dyn_hi_Iyer
				dyn_hi_Jaiswal.dyn_hi_Jaiswal.dyn_hi_Jaiswal.dyn_hi_Jaiswal
				dyn_hi_Jaitly.dyn_hi_Jaitly.dyn_hi_Jaitly.dyn_hi_Jaitly
				dyn_hi_Jakhar.dyn_hi_Jakhar.dyn_hi_Jakhar.dyn_hi_Jakhar
				dyn_hi_Jayashankar.dyn_hi_Jayashankar.dyn_hi_Jayashankar.dyn_hi_Jayashankar
				dyn_hi_Jhunjhunwala.dyn_hi_Jhunjhunwala.dyn_hi_Jhunjhunwala.dyn_hi_Jhunjhunwala
				dyn_hi_Kakkar.dyn_hi_Kakkar.dyn_hi_Kakkar.dyn_hi_Kakkar
				dyn_hi_Kalra.dyn_hi_Kalra.dyn_hi_Kalra.dyn_hi_Kalra
				dyn_hi_Kamra.dyn_hi_Kamra.dyn_hi_Kamra.dyn_hi_Kamra
				dyn_hi_Kandhari.dyn_hi_Kandhari.dyn_hi_Kandhari.dyn_hi_Kandhari
				dyn_hi_Kapoor.dyn_hi_Kapoor.dyn_hi_Kapoor.dyn_hi_Kapoor
				dyn_hi_Karan_Kayastha.dyn_hi_Karan_Kayastha.dyn_hi_Karan_Kayastha.dyn_hi_Karan_Kayastha
				dyn_hi_Katyal.dyn_hi_Katyal.dyn_hi_Katyal.dyn_hi_Katyal
				dyn_hi_Kawle.dyn_hi_Kawle.dyn_hi_Kawle.dyn_hi_Kawle
				dyn_hi_Khandelwal.dyn_hi_Khandelwal.dyn_hi_Khandelwal.dyn_hi_Khandelwal
				dyn_hi_Khanna.dyn_hi_Khanna.dyn_hi_Khanna.dyn_hi_Khanna
				dyn_hi_Khattar.dyn_hi_Khattar.dyn_hi_Khattar.dyn_hi_Khattar
				dyn_hi_Khera.dyn_hi_Khera.dyn_hi_Khera.dyn_hi_Khera
				dyn_hi_Khosla.dyn_hi_Khosla.dyn_hi_Khosla.dyn_hi_Khosla
				dyn_hi_Khurana.dyn_hi_Khurana.dyn_hi_Khurana.dyn_hi_Khurana
				dyn_hi_Kochhar.dyn_hi_Kochhar.dyn_hi_Kochhar.dyn_hi_Kochhar
				dyn_hi_Kohli.dyn_hi_Kohli.dyn_hi_Kohli.dyn_hi_Kohli
				dyn_hi_Lamba.dyn_hi_Lamba.dyn_hi_Lamba.dyn_hi_Lamba
				dyn_hi_Lugun.dyn_hi_Lugun.dyn_hi_Lugun.dyn_hi_Lugun
				dyn_hi_Luthra.dyn_hi_Luthra.dyn_hi_Luthra.dyn_hi_Luthra
				dyn_hi_Madan.dyn_hi_Madan.dyn_hi_Madan.dyn_hi_Madan
				dyn_hi_Madhok.dyn_hi_Madhok.dyn_hi_Madhok.dyn_hi_Madhok
				dyn_hi_Mahendru.dyn_hi_Mahendru.dyn_hi_Mahendru.dyn_hi_Mahendru
				dyn_hi_Mahto.dyn_hi_Mahto.dyn_hi_Mahto.dyn_hi_Mahto
				dyn_hi_Maji.dyn_hi_Maji.dyn_hi_Maji.dyn_hi_Maji
				dyn_hi_Makan.dyn_hi_Makan.dyn_hi_Makan.dyn_hi_Makan
				dyn_hi_Makkar.dyn_hi_Makkar.dyn_hi_Makkar.dyn_hi_Makkar
				dyn_hi_Mal.dyn_hi_Mal.dyn_hi_Mal.dyn_hi_Mal
				dyn_hi_Malakar.dyn_hi_Malakar.dyn_hi_Malakar.dyn_hi_Malakar
				dyn_hi_Malhotra.dyn_hi_Malhotra.dyn_hi_Malhotra.dyn_hi_Malhotra
				dyn_hi_Malik.dyn_hi_Malik.dyn_hi_Malik.dyn_hi_Malik
				dyn_hi_Manaktala.dyn_hi_Manaktala.dyn_hi_Manaktala.dyn_hi_Manaktala
				dyn_hi_Meghani.dyn_hi_Meghani.dyn_hi_Meghani.dyn_hi_Meghani
				dyn_hi_Mehra.dyn_hi_Mehra.dyn_hi_Mehra.dyn_hi_Mehra
				dyn_hi_Mehrotra.dyn_hi_Mehrotra.dyn_hi_Mehrotra.dyn_hi_Mehrotra
				dyn_hi_Menariya.dyn_hi_Menariya.dyn_hi_Menariya.dyn_hi_Menariya
				dyn_hi_Mohanty.dyn_hi_Mohanty.dyn_hi_Mohanty.dyn_hi_Mohanty
				dyn_hi_Mongia.dyn_hi_Mongia.dyn_hi_Mongia.dyn_hi_Mongia
				dyn_hi_Mukherjee.dyn_hi_Mukherjee.dyn_hi_Mukherjee.dyn_hi_Mukherjee
				dyn_hi_Munjal.dyn_hi_Munjal.dyn_hi_Munjal.dyn_hi_Munjal
				dyn_hi_Nagpal.dyn_hi_Nagpal.dyn_hi_Nagpal.dyn_hi_Nagpal
				dyn_hi_Nanda.dyn_hi_Nanda.dyn_hi_Nanda.dyn_hi_Nanda
				dyn_hi_Narula.dyn_hi_Narula.dyn_hi_Narula.dyn_hi_Narula
				dyn_hi_Naudiyal.dyn_hi_Naudiyal.dyn_hi_Naudiyal.dyn_hi_Naudiyal
				dyn_hi_Nautiyal.dyn_hi_Nautiyal.dyn_hi_Nautiyal.dyn_hi_Nautiyal
				dyn_hi_Nayar.dyn_hi_Nayar.dyn_hi_Nayar.dyn_hi_Nayar
				dyn_hi_Oberoi.dyn_hi_Oberoi.dyn_hi_Oberoi.dyn_hi_Oberoi
				dyn_hi_Paliwal.dyn_hi_Paliwal.dyn_hi_Paliwal.dyn_hi_Paliwal
				dyn_hi_Passi.dyn_hi_Passi.dyn_hi_Passi.dyn_hi_Passi
				dyn_hi_Piramal.dyn_hi_Piramal.dyn_hi_Piramal.dyn_hi_Piramal
				dyn_hi_Prabhune.dyn_hi_Prabhune.dyn_hi_Prabhune.dyn_hi_Prabhune
				dyn_hi_Purandare.dyn_hi_Purandare.dyn_hi_Purandare.dyn_hi_Purandare
				dyn_hi_Puri.dyn_hi_Puri.dyn_hi_Puri.dyn_hi_Puri
				dyn_hi_Pyne.dyn_hi_Pyne.dyn_hi_Pyne.dyn_hi_Pyne
				dyn_hi_Rath.dyn_hi_Rath.dyn_hi_Rath.dyn_hi_Rath
				dyn_hi_Sabharwal.dyn_hi_Sabharwal.dyn_hi_Sabharwal.dyn_hi_Sabharwal
				dyn_hi_Sachdev.dyn_hi_Sachdev.dyn_hi_Sachdev.dyn_hi_Sachdev
				dyn_hi_Sadangi.dyn_hi_Sadangi.dyn_hi_Sadangi.dyn_hi_Sadangi
				dyn_hi_Sagar.dyn_hi_Sagar.dyn_hi_Sagar.dyn_hi_Sagar
				dyn_hi_Sahni.dyn_hi_Sahni.dyn_hi_Sahni.dyn_hi_Sahni
				dyn_hi_Sakarwar.dyn_hi_Sakarwar.dyn_hi_Sakarwar.dyn_hi_Sakarwar
				dyn_hi_Saluja.dyn_hi_Saluja.dyn_hi_Saluja.dyn_hi_Saluja
				dyn_hi_Santokhi.dyn_hi_Santokhi.dyn_hi_Santokhi.dyn_hi_Santokhi
				dyn_hi_Sardana.dyn_hi_Sardana.dyn_hi_Sardana.dyn_hi_Sardana
				dyn_hi_Sarna.dyn_hi_Sarna.dyn_hi_Sarna.dyn_hi_Sarna
				dyn_hi_Sastry.dyn_hi_Sastry.dyn_hi_Sastry.dyn_hi_Sastry
				dyn_hi_Satapathy.dyn_hi_Satapathy.dyn_hi_Satapathy.dyn_hi_Satapathy
				dyn_hi_Sehgal.dyn_hi_Sehgal.dyn_hi_Sehgal.dyn_hi_Sehgal
				dyn_hi_Semwal.dyn_hi_Semwal.dyn_hi_Semwal.dyn_hi_Semwal
				dyn_hi_Sengupta.dyn_hi_Sengupta.dyn_hi_Sengupta.dyn_hi_Sengupta
				dyn_hi_Seth.dyn_hi_Seth.dyn_hi_Seth.dyn_hi_Seth
				dyn_hi_Sethi.dyn_hi_Sethi.dyn_hi_Sethi.dyn_hi_Sethi
				dyn_hi_Sharma.dyn_hi_Sharma.dyn_hi_Sharma.dyn_hi_Sharma
				dyn_hi_Sibal.dyn_hi_Sibal.dyn_hi_Sibal.dyn_hi_Sibal
				dyn_hi_Sikka.dyn_hi_Sikka.dyn_hi_Sikka.dyn_hi_Sikka
				dyn_hi_Sobti.dyn_hi_Sobti.dyn_hi_Sobti.dyn_hi_Sobti
				dyn_hi_Sodhi.dyn_hi_Sodhi.dyn_hi_Sodhi.dyn_hi_Sodhi
				dyn_hi_Sood.dyn_hi_Sood.dyn_hi_Sood.dyn_hi_Sood
				dyn_hi_Talwar.dyn_hi_Talwar.dyn_hi_Talwar.dyn_hi_Talwar
				dyn_hi_Tandon.dyn_hi_Tandon.dyn_hi_Tandon.dyn_hi_Tandon
				dyn_hi_Taneja.dyn_hi_Taneja.dyn_hi_Taneja.dyn_hi_Taneja
				dyn_hi_Thapar.dyn_hi_Thapar.dyn_hi_Thapar.dyn_hi_Thapar
				dyn_hi_Thukral.dyn_hi_Thukral.dyn_hi_Thukral.dyn_hi_Thukral
				dyn_hi_Tibrewal.dyn_hi_Tibrewal.dyn_hi_Tibrewal.dyn_hi_Tibrewal
				dyn_hi_Trehan.dyn_hi_Trehan.dyn_hi_Trehan.dyn_hi_Trehan
				dyn_hi_Tuli.dyn_hi_Tuli.dyn_hi_Tuli.dyn_hi_Tuli
				dyn_hi_Uniyal.dyn_hi_Uniyal.dyn_hi_Uniyal.dyn_hi_Uniyal
				dyn_hi_Upreti.dyn_hi_Upreti.dyn_hi_Upreti.dyn_hi_Upreti
				dyn_hi_Vadera.dyn_hi_Vadera.dyn_hi_Vadera.dyn_hi_Vadera
				dyn_hi_Vadra.dyn_hi_Vadra.dyn_hi_Vadra.dyn_hi_Vadra
				dyn_hi_Vij.dyn_hi_Vij.dyn_hi_Vij.dyn_hi_Vij
				dyn_hi_Virmani.dyn_hi_Virmani.dyn_hi_Virmani.dyn_hi_Virmani
				dyn_hi_Vohra.dyn_hi_Vohra.dyn_hi_Vohra.dyn_hi_Vohra
				dyn_hi_Wadhawan.dyn_hi_Wadhawan.dyn_hi_Wadhawan.dyn_hi_Wadhawan
				dyn_hi_Wadhwa.dyn_hi_Wadhwa.dyn_hi_Wadhwa.dyn_hi_Wadhwa
				dyn_hi_Wadhwani.dyn_hi_Wadhwani.dyn_hi_Wadhwani.dyn_hi_Wadhwani
				dyn_hi_Walia.dyn_hi_Walia.dyn_hi_Walia.dyn_hi_Walia
				dyn_hi_Wassan.dyn_hi_Wassan.dyn_hi_Wassan.dyn_hi_Wassan
			}
		}
		kamarupi = {
			male_names = {
				as_Birinchi as_Chakradhwaj as_Harideb as_Him as_Himabhas as_Jahnu as_Jeebyam
				as_Moidul as_Nabadip as_Nabajit as_Nabanil as_Neerab as_Nibir as_Nilmitra
				as_Nisan as_Niyor as_Poumit as_Pradyut as_Pramathesh as_Pranab as_Priyom
				as_Promode as_Pronoi as_Puhor as_Rihon as_Ripun as_Rockybule as_Rubrat
				as_Rupnath as_Rutushar as_Rutuvarna as_Sanjib as_Sarbananda as_Sattvik
				as_Shomnath as_Shwar as_Sontosh as_Sudem as_Sushanta as_Suvansu as_Swapnadeep
				as_Swrang as_Tanan as_Tanka as_Tanmoijyoti as_Tanmoy as_Trishanu as_Ujjal
				as_Umesh as_Upangshu as_Upendra as_Upendranath as_Utpal as_Vaibhav as_Vargabh
				as_Xhiva as_Yugantar
			}
			female_names = {
				as_Aaditri as_Aasin as_Balvinder as_Himanta as_Jahniya as_Salmi as_Santati
				as_Satha as_Tamarai as_Tapani as_Thooya as_Udbala as_Udipti as_Umika
				as_Ushmi as_Usri as_Utsaah as_Vamil as_Varij as_Varnu as_Varya as_Vedha as_Viha
				as_Vijul as_Wubitu as_Xoti as_Yaalisai as_Yadavi as_Yagavi as_Yakootah as_Yamha
				as_Yangkyi as_Yanti as_Yashashree as_Yashica as_Yashodhara as_Yasti as_Yoshita
				as_Yumn as_Yuti as_Yuvaraani as_Zatinga as_Zeena
			}
			family = {
				dyn_as_Barua.dyn_as_Barua.dyn_as_Barua.dyn_as_Barua
				dyn_as_Bharali.dyn_as_Bharali.dyn_as_Bharali.dyn_as_Bharali
				dyn_as_Bhattacharya.dyn_as_Bhattacharya.dyn_as_Bhattacharya.dyn_as_Bhattacharya
				dyn_as_Bora.dyn_as_Bora.dyn_as_Bora.dyn_as_Bora
				dyn_as_Borbarua.dyn_as_Borbarua.dyn_as_Borbarua.dyn_as_Borbarua
				dyn_as_Bordoloi.dyn_as_Bordoloi.dyn_as_Bordoloi.dyn_as_Bordoloi
				dyn_as_Borgohain.dyn_as_Borgohain.dyn_as_Borgohain.dyn_as_Borgohain
				dyn_as_Borpatrogohain.dyn_as_Borpatrogohain.dyn_as_Borpatrogohain.dyn_as_Borpatrogohain
				dyn_as_Borphukan.dyn_as_Borphukan.dyn_as_Borphukan.dyn_as_Borphukan
				dyn_as_Borthakur.dyn_as_Borthakur.dyn_as_Borthakur.dyn_as_Borthakur
				dyn_as_Burhagohain.dyn_as_Burhagohain.dyn_as_Burhagohain.dyn_as_Burhagohain
				dyn_as_Chakraborty.dyn_as_Chakraborty.dyn_as_Chakraborty.dyn_as_Chakraborty
				dyn_as_Das.dyn_as_Das.dyn_as_Das.dyn_as_Das
				dyn_as_Dutta.dyn_as_Dutta.dyn_as_Dutta.dyn_as_Dutta
				dyn_as_Gogoi.dyn_as_Gogoi.dyn_as_Gogoi.dyn_as_Gogoi
				dyn_as_Goswami.dyn_as_Goswami.dyn_as_Goswami.dyn_as_Goswami
				dyn_as_Hazarika.dyn_as_Hazarika.dyn_as_Hazarika.dyn_as_Hazarika
				dyn_as_Kalita.dyn_as_Kalita.dyn_as_Kalita.dyn_as_Kalita
				dyn_as_Neog.dyn_as_Neog.dyn_as_Neog.dyn_as_Neog
				dyn_as_Phukan.dyn_as_Phukan.dyn_as_Phukan.dyn_as_Phukan
				dyn_as_Saikia.dyn_as_Saikia.dyn_as_Saikia.dyn_as_Saikia
				dyn_as_Sharma.dyn_as_Sharma.dyn_as_Sharma.dyn_as_Sharma
			}
		}
		bangli = {
			male_names = {
				bn_Aadidev bn_Aaditya bn_Aadyot bn_Aarul bn_Aashirbaad bn_Aathmik bn_Aayuman
				bn_Abani bn_Abanimohon bn_Abanish bn_Abesh bn_Abhanja bn_Abhidhan
				bn_Abhidhyan bn_Abhijeet bn_Abhik bn_Abhoy bn_Abinaashjot bn_Achinta bn_Achintya
				bn_Adrisar bn_Ahibhusan bn_Ajatasmatru bn_Akantak bn_Akashadhar bn_Akhilbandhu
				bn_Amitava bn_Aniruddha bn_Ardhendu bn_Arnab bn_Arup bn_Balmiki bn_Banaful
				bn_Basav bn_Basudeb bn_Batuk bn_Benoy bn_Bhageerath bn_Bhashkar bn_Bhaskor
				bn_Bhojraj bn_Bhrihadbanu bn_Binoba bn_Bipin bn_Bishwajit bn_Borenya bn_Buburam
				bn_Chandrachur bn_Daiwik bn_Debashish bn_Debesh bn_Devesh bn_Dipankar
				bn_Fanikeshar bn_Felu bn_Fulbabu bn_Gangaraaju bn_Grihamani bn_Hironmoe
				bn_Hridyanshu bn_Hrishab bn_Jayaketan bn_Jayanand bn_Jayashish bn_Jaydeb
				bn_Jeetu bn_Jhareshwar bn_Jnanendra bn_Joeonto bn_Jotish bn_Kanakachur
				bn_Kaustubh bn_Koushik bn_Labanga bn_Lekhon bn_Mihir bn_Minati
				bn_Mithin bn_Modan bn_Modanatha bn_Monohar bn_Monojit bn_Mounish
				bn_Naba bn_Nabakumar bn_Nabhas bn_Nabin bn_Nabina bn_Nabinchandra
				bn_Nagalingesh bn_Narayanaswamy bn_Natabar bn_Nayaab bn_Nayanananda bn_Neelamegan
				bn_Neelotpal bn_Neeraj_nayan bn_Nemichand bn_Netratav bn_Nevaan bn_Nideesh
				bn_Nihith bn_Nikhalas bn_Nikhar bn_Nikhilchandra bn_Nilanjan bn_Niloy
				bn_Ningappa bn_Ninu bn_Niqiles bn_Nirantak bn_Niratap bn_Nirdhar bn_Nischitha
				bn_Nish bn_Nripan bn_Nripati bn_Ohit bn_Ohitlal bn_Omio bn_Ongkar bn_Onindro
				bn_Ornob bn_Palash bn_Paritosh bn_Parthiv bn_Partho bn_Pinakpani bn_Pingakshi
				bn_Pinkesh bn_Pitam bn_Pittesh bn_Poltu bn_Ponmudi bn_Prabhas bn_Prabir bn_Prabodh
				bn_Pradipt bn_Pradipta bn_Prahor bn_Prajaranjak bn_Prajaranjan bn_Pralay bn_Pralhalad
				bn_Pramathanath bn_Prambratra bn_Pramti bn_Pranab bn_Pranabendu bn_Pranasakha
				bn_Praneswar bn_Pranjal bn_Pranpratim bn_Pranshul bn_Prasoon bn_Pratapavat
				bn_Prathmesh bn_Pratiprava bn_Prattya bn_Pratul bn_Prayog bn_Preethesh bn_Prithyis
				bn_Pritwish bn_Priyambad bn_Probal bn_Probhakor bn_Prosenjit bn_Protik
				bn_Provakar bn_Pundarikakshya bn_Punyakoti bn_Purnananda bn_Purnava bn_Purnayu
				bn_Purvang bn_Pushpendu bn_Pushpmitra bn_Pyarelal bn_Raajeevalochan bn_Rup
				bn_Rupjit bn_Sahadar bn_Sahasranshu bn_Sanav bn_Sanjiban bn_Sashwat
				bn_Shaan bn_Shankhdhar bn_Shantanu bn_Shaswatik bn_Shishir bn_Shoma
				bn_Shubhang bn_Som bn_Subimal bn_Sudeepta bn_Sudhanidhi bn_Supratit bn_Suvabrata
				bn_Suvo bn_Swapnil bn_Tanay bn_Tapan bn_Tapas bn_Tarapati bn_Tiyash bn_Trinabh
			}
			female_names = {
				bn_Aadhila bn_Aahana bn_Aaloka bn_Aalta bn_Aamaal bn_Aamaya bn_Aangi bn_Aanshi
				bn_Aanya bn_Aaoka bn_Aapeksha bn_Aapti bn_Aarabhi bn_Aarani bn_Aarashi bn_Aaratrika
				bn_Aaravi bn_Aarchi bn_Aarin bn_Aarini bn_Aaritra bn_Aarohi bn_Aarthi bn_Aarti
				bn_Aaruna bn_Aaruni bn_Aarusha bn_Aarvi bn_Aarya bn_Aaryaa bn_Aashalata
				bn_Aashamana bn_Aashirya bn_Aashni bn_Aashritha bn_Aashtha bn_Aasthika
				bn_Aatmaja bn_Aatrayi bn_Aavihshka bn_Aayana bn_Aayaushi bn_Aazmin
				bn_Abanti bn_Abarna bn_Abhigjna bn_Akashleena bn_Aliveni bn_Ankolika
				bn_Aparajita bn_Arundhati bn_Ashapurna bn_Ballaki bn_Baltishna bn_Bandita
				bn_Bapti bn_Barnini bn_Baruni bn_Bashita bn_Bashumati bn_Bashundhara bn_Basudhara
				bn_Bhoomika bn_Bibhuti bn_Bidisha bn_Bipasha bn_Debjani bn_Deeptimoyee bn_Drishti
				bn_Durba bn_Fularenu bn_Fuleswari bn_Fultushi bn_Gajamati bn_Gajamukta
				bn_Gandhapuspa bn_Gangajal bn_Gangajamuna bn_Gangalahari bn_Gariyashi
				bn_Gaurita bn_Gehna bn_Golapi bn_Grahati bn_Haimanti bn_Indrani bn_Jemisha
				bn_Jhanvi bn_Jhumpa bn_Jiniya bn_Joti bn_Kajol bn_Kampilya bn_Kanakachapa
				bn_Kanakachompak bn_Kanakaprabha bn_Kanchangiri bn_Kanchanjangha bn_Kedarika
				bn_Khuki bn_Khukumani bn_Kinkari bn_Kshamya bn_Kunjari bn_Kusumkali
				bn_Kusumkalika bn_Kusumkomol bn_Labani bn_Madhabika bn_Madhabilata
				bn_Madhujamini bn_Madhurima bn_Mahalaya bn_Makshirani bn_Malabika
				bn_Manasha bn_Methini bn_Minuyara bn_Mishita bn_Mishti bn_Moukthika
				bn_Mouli bn_Moumita bn_Mouna bn_Mounika bn_Mounisha bn_Moushimi
				bn_Nabamallika bn_Nabami bn_Nabamita bn_Nabani bn_Nabanita bn_Nabanna
				bn_Naisha bn_Napti bn_Nayani bn_Nayanika bn_Neelam bn_Neelambika
				bn_Neelima bn_Neelprabbha bn_Neepabala bn_Neeru bn_Neerudhi bn_Neethika
				bn_Netraranjana bn_Nibha bn_Nilaprabha bn_Nilkamal bn_Nilkanta bn_Nilothpala
				bn_Nipabithi bn_Niratapa bn_Oikantika bn_Oindrila bn_Oishika bn_Oishimaya
				bn_Oishyariya bn_Ojeeta bn_Olikodi bn_Onalika bn_Onima bn_Pakhi
				bn_Piyali bn_Piyasi bn_Pootli bn_Porama bn_Porna bn_Pornolata bn_Preshti
				bn_Prisha bn_Prithibi bn_Priyamvada bn_Purabi bn_Pushpavathi bn_Puspadal
				bn_Puthi bn_Putput bn_Putrika bn_Puttika bn_Puttoli bn_Raaga bn_Ranjini
				bn_Rebati bn_Resha bn_Rimi bn_Rosnai bn_Rosni bn_Roudri bn_Ruli
				bn_Runu bn_Rupamadhuri bn_Rupamadhurjya bn_Rupeeya bn_Sadhi bn_Sagarika
				bn_Samudra bn_Sanaki bn_Sananda bn_Sanchari bn_Sanchayi bn_Sanchiti
				bn_Sanjibani bn_Shimantini bn_Somadha bn_Somapika bn_Somprikti bn_Somritdhi
				bn_Sovhona bn_Subarnalata bn_Subarnapratima bn_Subhashini bn_Subrata bn_Suhashini
				bn_Sulata bn_Suradhuni bn_Suravi bn_Suryatapa bn_Sushmita bn_Tabakee
				bn_Talash bn_Tamashi bn_Tamisra bn_Tamoha bn_Tanaya bn_Tanhi
				bn_Tanuruchi bn_Tanuta bn_Tanzima bn_Tarangi bn_Tarashi bn_Tarashini bn_Taraswati
				bn_Tarillata bn_Tasbi bn_Tasbir bn_Tatan bn_Tatha bn_Tatritri
				bn_Tavishi bn_Tejashi bn_Tejashini bn_Tejashita bn_Tikshya bn_Timsy
				bn_Tingiri bn_Tisya bn_Tisyha bn_Titirsha bn_Tiyasa bn_Torsha bn_Tribeni bn_Trijama
				bn_Trijoya bn_Trilaki bn_Triparna bn_Triparni bn_Tripathaga bn_Tripathagamini bn_Trishna
				bn_Tufani bn_Tuhina bn_Tusarika bn_Tusarkanika bn_Tushika bn_Tushitha bn_Tvisha
				bn_Tweety bn_Upasana bn_Vrishti bn_Yoshita
			}
			family = {
				dyn_bn_Acharjee.dyn_bn_Acharjee.dyn_bn_Acharjee.dyn_bn_Acharjee
				dyn_bn_Adhikari.dyn_bn_Adhikari.dyn_bn_Adhikari.dyn_bn_Adhikari
				dyn_bn_Bagchi.dyn_bn_Bagchi.dyn_bn_Bagchi.dyn_bn_Bagchi
				dyn_bn_Banerjee.dyn_bn_Banerjee.dyn_bn_Banerjee.dyn_bn_Banerjee
				dyn_bn_Bandyopadhyay.dyn_bn_Bandyopadhyay.dyn_bn_Bandyopadhyay.dyn_bn_Bandyopadhyay
				dyn_bn_Barman.dyn_bn_Barman.dyn_bn_Barman.dyn_bn_Barman
				dyn_bn_Basak.dyn_bn_Basak.dyn_bn_Basak.dyn_bn_Basak
				dyn_bn_Bhaduri.dyn_bn_Bhaduri.dyn_bn_Bhaduri.dyn_bn_Bhaduri
				dyn_bn_Bhattacharjee.dyn_bn_Bhattacharjee.dyn_bn_Bhattacharjee.dyn_bn_Bhattacharjee
				dyn_bn_Bhowmik.dyn_bn_Bhowmik.dyn_bn_Bhowmik.dyn_bn_Bhowmik
				dyn_bn_Biswas.dyn_bn_Biswas.dyn_bn_Biswas.dyn_bn_Biswas
				dyn_bn_Bose.dyn_bn_Bose.dyn_bn_Bose.dyn_bn_Bose
				dyn_bn_Chakraborty.dyn_bn_Chakraborty.dyn_bn_Chakraborty.dyn_bn_Chakraborty
				dyn_bn_Chandra.dyn_bn_Chandra.dyn_bn_Chandra.dyn_bn_Chandra
				dyn_bn_Chatterjee.dyn_bn_Chatterjee.dyn_bn_Chatterjee.dyn_bn_Chatterjee
				dyn_bn_Chattopadhyay.dyn_bn_Chattopadhyay.dyn_bn_Chattopadhyay.dyn_bn_Chattopadhyay
				dyn_bn_Das.dyn_bn_Das.dyn_bn_Das.dyn_bn_Das
				dyn_bn_Dasgupta.dyn_bn_Dasgupta.dyn_bn_Dasgupta.dyn_bn_Dasgupta
				dyn_bn_Datta.dyn_bn_Datta.dyn_bn_Datta.dyn_bn_Datta
				dyn_bn_De.dyn_bn_De.dyn_bn_De.dyn_bn_De
				dyn_bn_Debnath.dyn_bn_Debnath.dyn_bn_Debnath.dyn_bn_Debnath
				dyn_bn_Dhar.dyn_bn_Dhar.dyn_bn_Dhar.dyn_bn_Dhar
				dyn_bn_Ganguly.dyn_bn_Ganguly.dyn_bn_Ganguly.dyn_bn_Ganguly
				dyn_bn_Gangopadhyay.dyn_bn_Gangopadhyay.dyn_bn_Gangopadhyay.dyn_bn_Gangopadhyay
				dyn_bn_Ghatak.dyn_bn_Ghatak.dyn_bn_Ghatak.dyn_bn_Ghatak
				dyn_bn_Ghosh.dyn_bn_Ghosh.dyn_bn_Ghosh.dyn_bn_Ghosh
				dyn_bn_Ghoshal.dyn_bn_Ghoshal.dyn_bn_Ghoshal.dyn_bn_Ghoshal
				dyn_bn_Goswami.dyn_bn_Goswami.dyn_bn_Goswami.dyn_bn_Goswami
				dyn_bn_Guha.dyn_bn_Guha.dyn_bn_Guha.dyn_bn_Guha
				dyn_bn_Kar.dyn_bn_Kar.dyn_bn_Kar.dyn_bn_Kar
				dyn_bn_Karmakar.dyn_bn_Karmakar.dyn_bn_Karmakar.dyn_bn_Karmakar
				dyn_bn_Lahiri.dyn_bn_Lahiri.dyn_bn_Lahiri.dyn_bn_Lahiri
				dyn_bn_Majhi.dyn_bn_Majhi.dyn_bn_Majhi.dyn_bn_Majhi
				dyn_bn_Majumdar.dyn_bn_Majumdar.dyn_bn_Majumdar.dyn_bn_Majumdar
				dyn_bn_Malakar.dyn_bn_Malakar.dyn_bn_Malakar.dyn_bn_Malakar
				dyn_bn_Mallick.dyn_bn_Mallick.dyn_bn_Mallick.dyn_bn_Mallick
				dyn_bn_Mandal.dyn_bn_Mandal.dyn_bn_Mandal.dyn_bn_Mandal
				dyn_bn_Moitra.dyn_bn_Moitra.dyn_bn_Moitra.dyn_bn_Moitra
				dyn_bn_Mukherjee.dyn_bn_Mukherjee.dyn_bn_Mukherjee.dyn_bn_Mukherjee
				dyn_bn_Mukhopadhyay.dyn_bn_Mukhopadhyay.dyn_bn_Mukhopadhyay.dyn_bn_Mukhopadhyay
				dyn_bn_Nath.dyn_bn_Nath.dyn_bn_Nath.dyn_bn_Nath
				dyn_bn_Pal.dyn_bn_Pal.dyn_bn_Pal.dyn_bn_Pal
				dyn_bn_Pramanik.dyn_bn_Pramanik.dyn_bn_Pramanik.dyn_bn_Pramanik
				dyn_bn_Roy.dyn_bn_Roy.dyn_bn_Roy.dyn_bn_Roy
				dyn_bn_Chowdhury.dyn_bn_Chowdhury.dyn_bn_Chowdhury.dyn_bn_Chowdhury
				dyn_bn_Shaha.dyn_bn_Shaha.dyn_bn_Shaha.dyn_bn_Shaha
				dyn_bn_Sanyal.dyn_bn_Sanyal.dyn_bn_Sanyal.dyn_bn_Sanyal
				dyn_bn_Sarkar.dyn_bn_Sarkar.dyn_bn_Sarkar.dyn_bn_Sarkar
				dyn_bn_Seal.dyn_bn_Seal.dyn_bn_Seal.dyn_bn_Seal
				dyn_bn_Sen.dyn_bn_Sen.dyn_bn_Sen.dyn_bn_Sen
				dyn_bn_Sengupta.dyn_bn_Sengupta.dyn_bn_Sengupta.dyn_bn_Sengupta
				dyn_bn_Sikdar.dyn_bn_Sikdar.dyn_bn_Sikdar.dyn_bn_Sikdar
				dyn_bn_Sur.dyn_bn_Sur.dyn_bn_Sur.dyn_bn_Sur
				dyn_bn_Tagore.dyn_bn_Tagore.dyn_bn_Tagore.dyn_bn_Tagore
			}
		}
	}
	
	barbarian_names = { 
		SALOBRIASAI ASANGAI BOLINGAI DIMOUROI VARETATAI HORATAI GALLIATALOUTAI RARAOUNGAI ORATOURAI CHARMAI SETAI KAISOI MEGALLAI OUBERAI ABALOI 
	}
	
	graphical_culture = middle_east_1815_gfx
	ethnicities = {
		10 = mauryan
	}
}

