central_aryan = {
	color = hsv { 0.7  0.7  0.42 }

    levy_template = levy_conscripts

    primary = conscripts
    secondary = conscripts
    flank = conscripts

    primary_navy = tetrere
    secondary_navy = octere
    flank_navy = liburnian
	male_names = {
		hi_Aadarsh hi_Aadavan hi_Aadhish hi_Aadi hi_Aarav hi_Advik hi_Ahaan hi_Akarsh
		hi_Akshay hi_Arnav hi_Ayush hi_Bahul hi_Baladhi hi_Balan hi_Balbir hi_Banshi
		hi_Bhavan hi_Bhavik hi_Bhavin hi_Bhavish hi_Chahan hi_Chaital hi_Chaitan hi_Chakor
		hi_Chakshu hi_Chandan hi_Charit hi_Chinmay hi_Chirag hi_Daanish hi_Dabeet hi_Dahak
		hi_Daivat hi_Daksh hi_Danavarsh hi_Darahaas hi_Deepak hi_Dev hi_Dhairya hi_Dhruv
		hi_Divit hi_Divyansh hi_Ekadanta hi_Ekaksh hi_Ekalavya hi_Ekant hi_Eshan
		hi_Faiyaz hi_Falgun hi_Fanish hi_Fravash hi_Hansh hi_Hari hi_Harikiran hi_Hemang
		hi_Hemanshu hi_Herish hi_Hetav hi_Himesh hi_Himmat hi_Hrithik hi_Indrajit hi_Jagesh
		hi_Jai hi_Jayesh hi_Kalash hi_Kalpit hi_Kiaan hi_Lakshay hi_Lakshit hi_Lehan
		hi_Likhit hi_Lohith hi_Lokesh hi_Maahir hi_Maanav hi_Mitul hi_Mohit hi_Neerav
		hi_Nishith hi_Ohas hi_Ojas hi_Omarjeet hi_Onish hi_Paarth hi_Padman hi_Palash
		hi_Palvit hi_Panav hi_Panshul hi_Paras hi_Parav hi_Piyush hi_Pranay hi_Priyansh
		hi_Rachit hi_Ranbir hi_Reyansh hi_Rohak hi_Rohan hi_Rohit hi_Rudra
		hi_Saaket hi_Sahil hi_Samar hi_Shlok hi_Shray hi_Taarush hi_Taha hi_Taimur
		hi_Tanay hi_Tushar hi_Uchit hi_Udarsh hi_Uday hi_Uthkarsh hi_Vaasu hi_Vaayu
		hi_Vachan hi_Vagesh hi_Vaibhav hi_Vihaan hi_Vivaan hi_Yakshit hi_Zeehan
	}
	female_names = {
		hi_Aahaana hi_Aaloka hi_Aamani hi_Aanchal hi_Aaravi hi_Aashi hi_Aayushi
		hi_Adriti hi_Advika hi_Aisha hi_Asin hi_Aysha hi_Bani hi_Bhakti hi_Bhaumi hi_Chaitali
		hi_Chanakshi hi_Charul hi_Cherika hi_Chetal hi_Daivi hi_Darshini hi_Dhara hi_Dhruvi
		hi_Dhwani hi_Dijul hi_Edha hi_Ekta hi_Elika hi_Enakshi hi_Eniya hi_Esha hi_Eswaria
		hi_Falguni hi_Freya hi_Gamini hi_Gargi hi_Garima hi_Geshna hi_Gitali hi_Griva
		hi_Harshika hi_Harshini hi_Hashree hi_Hemali hi_Henna hi_Hir hi_Hruti hi_Idaya
		hi_Idika hi_Ihita hi_Ira hi_Iyla hi_Janki hi_Jasmeet hi_Jasoda hi_Jasweer hi_Jemisha
		hi_Jhanvi hi_Juhi hi_Jyestha hi_Kajal hi_Kalini hi_Karishma hi_Kashika hi_Kavya
		hi_Kshama hi_Laranya hi_Lata hi_Latika hi_Leena hi_Mahi hi_Mahika hi_Mayra
		hi_Mayukhi hi_Menaha hi_Mira hi_Mishka hi_Navya hi_Neha hi_Nimisha hi_Nisha
		hi_Nitya hi_Niva hi_Oja hi_Ojasvi hi_Omaja hi_Omkareshwari hi_Omysha  hi_Paakhi
		hi_Pari hi_Pavati hi_Pooja hi_Priya hi_Ranhita hi_Ria hi_Rishima hi_Roop
		hi_Ryka hi_Saanvi hi_Saanya hi_Sadhika hi_Taani hi_Tanuja hi_Tashu hi_Tejal
		hi_Tejasvi hi_Tiya hi_Trayi hi_Trisha hi_Tuhi hi_Udaya hi_Udisha hi_Uditi hi_Umangi
		hi_Unnathi hi_Vaani hi_Vaishnavi hi_Vakula hi_Wamika hi_Yamini hi_Yashi hi_Zaara
		hi_Zankhan hi_Zoya
	}
	family = {
		dyn_hi_Adama.dyn_hi_Adama.dyn_hi_Adama.dyn_hi_Adama
		dyn_hi_Adarsh.dyn_hi_Adarsh.dyn_hi_Adarsh.dyn_hi_Adarsh
		dyn_hi_Agnihotri.dyn_hi_Agnihotri.dyn_hi_Agnihotri.dyn_hi_Agnihotri
		dyn_hi_Agrawal.dyn_hi_Agrawal.dyn_hi_Agrawal.dyn_hi_Agrawal
		dyn_hi_Ahuja.dyn_hi_Ahuja.dyn_hi_Ahuja.dyn_hi_Ahuja
		dyn_hi_Aithal.dyn_hi_Aithal.dyn_hi_Aithal.dyn_hi_Aithal
		dyn_hi_Babbar.dyn_hi_Babbar.dyn_hi_Babbar.dyn_hi_Babbar
		dyn_hi_Bahl.dyn_hi_Bahl.dyn_hi_Bahl.dyn_hi_Bahl
		dyn_hi_Bahri.dyn_hi_Bahri.dyn_hi_Bahri.dyn_hi_Bahri
		dyn_hi_Bahuguna.dyn_hi_Bahuguna.dyn_hi_Bahuguna.dyn_hi_Bahuguna
		dyn_hi_Bajaj.dyn_hi_Bajaj.dyn_hi_Bajaj.dyn_hi_Bajaj
		dyn_hi_Bakshi.dyn_hi_Bakshi.dyn_hi_Bakshi.dyn_hi_Bakshi
		dyn_hi_Balsara.dyn_hi_Balsara.dyn_hi_Balsara.dyn_hi_Balsara
		dyn_hi_Bamraulia.dyn_hi_Bamraulia.dyn_hi_Bamraulia.dyn_hi_Bamraulia
		dyn_hi_Banerjee.dyn_hi_Banerjee.dyn_hi_Banerjee.dyn_hi_Banerjee
		dyn_hi_Barthwal.dyn_hi_Barthwal.dyn_hi_Barthwal.dyn_hi_Barthwal
		dyn_hi_Baruwal.dyn_hi_Baruwal.dyn_hi_Baruwal.dyn_hi_Baruwal
		dyn_hi_Batra.dyn_hi_Batra.dyn_hi_Batra.dyn_hi_Batra
		dyn_hi_Bedi.dyn_hi_Bedi.dyn_hi_Bedi.dyn_hi_Bedi
		dyn_hi_Bhamba.dyn_hi_Bhamba.dyn_hi_Bhamba.dyn_hi_Bhamba
		dyn_hi_Bhambri.dyn_hi_Bhambri.dyn_hi_Bhambri.dyn_hi_Bhambri
		dyn_hi_Bhardwaj.dyn_hi_Bhardwaj.dyn_hi_Bhardwaj.dyn_hi_Bhardwaj
		dyn_hi_Bhasin.dyn_hi_Bhasin.dyn_hi_Bhasin.dyn_hi_Bhasin
		dyn_hi_Bindra.dyn_hi_Bindra.dyn_hi_Bindra.dyn_hi_Bindra
		dyn_hi_Bulsara.dyn_hi_Bulsara.dyn_hi_Bulsara.dyn_hi_Bulsara
		dyn_hi_Chadha.dyn_hi_Chadha.dyn_hi_Chadha.dyn_hi_Chadha
		dyn_hi_Chakladar.dyn_hi_Chakladar.dyn_hi_Chakladar.dyn_hi_Chakladar
		dyn_hi_Chakraborty.dyn_hi_Chakraborty.dyn_hi_Chakraborty.dyn_hi_Chakraborty
		dyn_hi_Chandola.dyn_hi_Chandola.dyn_hi_Chandola.dyn_hi_Chandola
		dyn_hi_Chatterjee.dyn_hi_Chatterjee.dyn_hi_Chatterjee.dyn_hi_Chatterjee
		dyn_hi_Chawla.dyn_hi_Chawla.dyn_hi_Chawla.dyn_hi_Chawla
		dyn_hi_Chheda.dyn_hi_Chheda.dyn_hi_Chheda.dyn_hi_Chheda
		dyn_hi_Chopra.dyn_hi_Chopra.dyn_hi_Chopra.dyn_hi_Chopra
		dyn_hi_Chugh.dyn_hi_Chugh.dyn_hi_Chugh.dyn_hi_Chugh
		dyn_hi_Cukkemane.dyn_hi_Cukkemane.dyn_hi_Cukkemane.dyn_hi_Cukkemane
		dyn_hi_Dabral.dyn_hi_Dabral.dyn_hi_Dabral.dyn_hi_Dabral
		dyn_hi_Dang.dyn_hi_Dang.dyn_hi_Dang.dyn_hi_Dang
		dyn_hi_Desai.dyn_hi_Desai.dyn_hi_Desai.dyn_hi_Desai
		dyn_hi_Desikan.dyn_hi_Desikan.dyn_hi_Desikan.dyn_hi_Desikan
		dyn_hi_Devarajah.dyn_hi_Devarajah.dyn_hi_Devarajah.dyn_hi_Devarajah
		dyn_hi_Dhand.dyn_hi_Dhand.dyn_hi_Dhand.dyn_hi_Dhand
		dyn_hi_Dhawan.dyn_hi_Dhawan.dyn_hi_Dhawan.dyn_hi_Dhawan
		dyn_hi_Dhingra.dyn_hi_Dhingra.dyn_hi_Dhingra.dyn_hi_Dhingra
		dyn_hi_Doshi.dyn_hi_Doshi.dyn_hi_Doshi.dyn_hi_Doshi
		dyn_hi_Duggal.dyn_hi_Duggal.dyn_hi_Duggal.dyn_hi_Duggal
		dyn_hi_Gairola.dyn_hi_Gairola.dyn_hi_Gairola.dyn_hi_Gairola
		dyn_hi_Gambhir.dyn_hi_Gambhir.dyn_hi_Gambhir.dyn_hi_Gambhir
		dyn_hi_Ganguly.dyn_hi_Ganguly.dyn_hi_Ganguly.dyn_hi_Ganguly
		dyn_hi_Gautam.dyn_hi_Gautam.dyn_hi_Gautam.dyn_hi_Gautam
		dyn_hi_Gera.dyn_hi_Gera.dyn_hi_Gera.dyn_hi_Gera
		dyn_hi_Ghai.dyn_hi_Ghai.dyn_hi_Ghai.dyn_hi_Ghai
		dyn_hi_Ghatak.dyn_hi_Ghatak.dyn_hi_Ghatak.dyn_hi_Ghatak
		dyn_hi_Gujral.dyn_hi_Gujral.dyn_hi_Gujral.dyn_hi_Gujral
		dyn_hi_Hatwal.dyn_hi_Hatwal.dyn_hi_Hatwal.dyn_hi_Hatwal
		dyn_hi_Iyengar.dyn_hi_Iyengar.dyn_hi_Iyengar.dyn_hi_Iyengar
		dyn_hi_Iyer.dyn_hi_Iyer.dyn_hi_Iyer.dyn_hi_Iyer
		dyn_hi_Jaiswal.dyn_hi_Jaiswal.dyn_hi_Jaiswal.dyn_hi_Jaiswal
		dyn_hi_Jaitly.dyn_hi_Jaitly.dyn_hi_Jaitly.dyn_hi_Jaitly
		dyn_hi_Jakhar.dyn_hi_Jakhar.dyn_hi_Jakhar.dyn_hi_Jakhar
		dyn_hi_Jayashankar.dyn_hi_Jayashankar.dyn_hi_Jayashankar.dyn_hi_Jayashankar
		dyn_hi_Jhunjhunwala.dyn_hi_Jhunjhunwala.dyn_hi_Jhunjhunwala.dyn_hi_Jhunjhunwala
		dyn_hi_Kakkar.dyn_hi_Kakkar.dyn_hi_Kakkar.dyn_hi_Kakkar
		dyn_hi_Kalra.dyn_hi_Kalra.dyn_hi_Kalra.dyn_hi_Kalra
		dyn_hi_Kamra.dyn_hi_Kamra.dyn_hi_Kamra.dyn_hi_Kamra
		dyn_hi_Kandhari.dyn_hi_Kandhari.dyn_hi_Kandhari.dyn_hi_Kandhari
		dyn_hi_Kapoor.dyn_hi_Kapoor.dyn_hi_Kapoor.dyn_hi_Kapoor
		dyn_hi_Karan_Kayastha.dyn_hi_Karan_Kayastha.dyn_hi_Karan_Kayastha.dyn_hi_Karan_Kayastha
		dyn_hi_Katyal.dyn_hi_Katyal.dyn_hi_Katyal.dyn_hi_Katyal
		dyn_hi_Kawle.dyn_hi_Kawle.dyn_hi_Kawle.dyn_hi_Kawle
		dyn_hi_Khandelwal.dyn_hi_Khandelwal.dyn_hi_Khandelwal.dyn_hi_Khandelwal
		dyn_hi_Khanna.dyn_hi_Khanna.dyn_hi_Khanna.dyn_hi_Khanna
		dyn_hi_Khattar.dyn_hi_Khattar.dyn_hi_Khattar.dyn_hi_Khattar
		dyn_hi_Khera.dyn_hi_Khera.dyn_hi_Khera.dyn_hi_Khera
		dyn_hi_Khosla.dyn_hi_Khosla.dyn_hi_Khosla.dyn_hi_Khosla
		dyn_hi_Khurana.dyn_hi_Khurana.dyn_hi_Khurana.dyn_hi_Khurana
		dyn_hi_Kochhar.dyn_hi_Kochhar.dyn_hi_Kochhar.dyn_hi_Kochhar
		dyn_hi_Kohli.dyn_hi_Kohli.dyn_hi_Kohli.dyn_hi_Kohli
		dyn_hi_Lamba.dyn_hi_Lamba.dyn_hi_Lamba.dyn_hi_Lamba
		dyn_hi_Lugun.dyn_hi_Lugun.dyn_hi_Lugun.dyn_hi_Lugun
		dyn_hi_Luthra.dyn_hi_Luthra.dyn_hi_Luthra.dyn_hi_Luthra
		dyn_hi_Madan.dyn_hi_Madan.dyn_hi_Madan.dyn_hi_Madan
		dyn_hi_Madhok.dyn_hi_Madhok.dyn_hi_Madhok.dyn_hi_Madhok
		dyn_hi_Mahendru.dyn_hi_Mahendru.dyn_hi_Mahendru.dyn_hi_Mahendru
		dyn_hi_Mahto.dyn_hi_Mahto.dyn_hi_Mahto.dyn_hi_Mahto
		dyn_hi_Maji.dyn_hi_Maji.dyn_hi_Maji.dyn_hi_Maji
		dyn_hi_Makan.dyn_hi_Makan.dyn_hi_Makan.dyn_hi_Makan
		dyn_hi_Makkar.dyn_hi_Makkar.dyn_hi_Makkar.dyn_hi_Makkar
		dyn_hi_Mal.dyn_hi_Mal.dyn_hi_Mal.dyn_hi_Mal
		dyn_hi_Malakar.dyn_hi_Malakar.dyn_hi_Malakar.dyn_hi_Malakar
		dyn_hi_Malhotra.dyn_hi_Malhotra.dyn_hi_Malhotra.dyn_hi_Malhotra
		dyn_hi_Malik.dyn_hi_Malik.dyn_hi_Malik.dyn_hi_Malik
		dyn_hi_Manaktala.dyn_hi_Manaktala.dyn_hi_Manaktala.dyn_hi_Manaktala
		dyn_hi_Meghani.dyn_hi_Meghani.dyn_hi_Meghani.dyn_hi_Meghani
		dyn_hi_Mehra.dyn_hi_Mehra.dyn_hi_Mehra.dyn_hi_Mehra
		dyn_hi_Mehrotra.dyn_hi_Mehrotra.dyn_hi_Mehrotra.dyn_hi_Mehrotra
		dyn_hi_Menariya.dyn_hi_Menariya.dyn_hi_Menariya.dyn_hi_Menariya
		dyn_hi_Mohanty.dyn_hi_Mohanty.dyn_hi_Mohanty.dyn_hi_Mohanty
		dyn_hi_Mongia.dyn_hi_Mongia.dyn_hi_Mongia.dyn_hi_Mongia
		dyn_hi_Mukherjee.dyn_hi_Mukherjee.dyn_hi_Mukherjee.dyn_hi_Mukherjee
		dyn_hi_Munjal.dyn_hi_Munjal.dyn_hi_Munjal.dyn_hi_Munjal
		dyn_hi_Nagpal.dyn_hi_Nagpal.dyn_hi_Nagpal.dyn_hi_Nagpal
		dyn_hi_Nanda.dyn_hi_Nanda.dyn_hi_Nanda.dyn_hi_Nanda
		dyn_hi_Narula.dyn_hi_Narula.dyn_hi_Narula.dyn_hi_Narula
		dyn_hi_Naudiyal.dyn_hi_Naudiyal.dyn_hi_Naudiyal.dyn_hi_Naudiyal
		dyn_hi_Nautiyal.dyn_hi_Nautiyal.dyn_hi_Nautiyal.dyn_hi_Nautiyal
		dyn_hi_Nayar.dyn_hi_Nayar.dyn_hi_Nayar.dyn_hi_Nayar
		dyn_hi_Oberoi.dyn_hi_Oberoi.dyn_hi_Oberoi.dyn_hi_Oberoi
		dyn_hi_Paliwal.dyn_hi_Paliwal.dyn_hi_Paliwal.dyn_hi_Paliwal
		dyn_hi_Passi.dyn_hi_Passi.dyn_hi_Passi.dyn_hi_Passi
		dyn_hi_Piramal.dyn_hi_Piramal.dyn_hi_Piramal.dyn_hi_Piramal
		dyn_hi_Prabhune.dyn_hi_Prabhune.dyn_hi_Prabhune.dyn_hi_Prabhune
		dyn_hi_Purandare.dyn_hi_Purandare.dyn_hi_Purandare.dyn_hi_Purandare
		dyn_hi_Puri.dyn_hi_Puri.dyn_hi_Puri.dyn_hi_Puri
		dyn_hi_Pyne.dyn_hi_Pyne.dyn_hi_Pyne.dyn_hi_Pyne
		dyn_hi_Rath.dyn_hi_Rath.dyn_hi_Rath.dyn_hi_Rath
		dyn_hi_Sabharwal.dyn_hi_Sabharwal.dyn_hi_Sabharwal.dyn_hi_Sabharwal
		dyn_hi_Sachdev.dyn_hi_Sachdev.dyn_hi_Sachdev.dyn_hi_Sachdev
		dyn_hi_Sadangi.dyn_hi_Sadangi.dyn_hi_Sadangi.dyn_hi_Sadangi
		dyn_hi_Sagar.dyn_hi_Sagar.dyn_hi_Sagar.dyn_hi_Sagar
		dyn_hi_Sahni.dyn_hi_Sahni.dyn_hi_Sahni.dyn_hi_Sahni
		dyn_hi_Sakarwar.dyn_hi_Sakarwar.dyn_hi_Sakarwar.dyn_hi_Sakarwar
		dyn_hi_Saluja.dyn_hi_Saluja.dyn_hi_Saluja.dyn_hi_Saluja
		dyn_hi_Santokhi.dyn_hi_Santokhi.dyn_hi_Santokhi.dyn_hi_Santokhi
		dyn_hi_Sardana.dyn_hi_Sardana.dyn_hi_Sardana.dyn_hi_Sardana
		dyn_hi_Sarna.dyn_hi_Sarna.dyn_hi_Sarna.dyn_hi_Sarna
		dyn_hi_Sastry.dyn_hi_Sastry.dyn_hi_Sastry.dyn_hi_Sastry
		dyn_hi_Satapathy.dyn_hi_Satapathy.dyn_hi_Satapathy.dyn_hi_Satapathy
		dyn_hi_Sehgal.dyn_hi_Sehgal.dyn_hi_Sehgal.dyn_hi_Sehgal
		dyn_hi_Semwal.dyn_hi_Semwal.dyn_hi_Semwal.dyn_hi_Semwal
		dyn_hi_Sengupta.dyn_hi_Sengupta.dyn_hi_Sengupta.dyn_hi_Sengupta
		dyn_hi_Seth.dyn_hi_Seth.dyn_hi_Seth.dyn_hi_Seth
		dyn_hi_Sethi.dyn_hi_Sethi.dyn_hi_Sethi.dyn_hi_Sethi
		dyn_hi_Sharma.dyn_hi_Sharma.dyn_hi_Sharma.dyn_hi_Sharma
		dyn_hi_Sibal.dyn_hi_Sibal.dyn_hi_Sibal.dyn_hi_Sibal
		dyn_hi_Sikka.dyn_hi_Sikka.dyn_hi_Sikka.dyn_hi_Sikka
		dyn_hi_Sobti.dyn_hi_Sobti.dyn_hi_Sobti.dyn_hi_Sobti
		dyn_hi_Sodhi.dyn_hi_Sodhi.dyn_hi_Sodhi.dyn_hi_Sodhi
		dyn_hi_Sood.dyn_hi_Sood.dyn_hi_Sood.dyn_hi_Sood
		dyn_hi_Talwar.dyn_hi_Talwar.dyn_hi_Talwar.dyn_hi_Talwar
		dyn_hi_Tandon.dyn_hi_Tandon.dyn_hi_Tandon.dyn_hi_Tandon
		dyn_hi_Taneja.dyn_hi_Taneja.dyn_hi_Taneja.dyn_hi_Taneja
		dyn_hi_Thapar.dyn_hi_Thapar.dyn_hi_Thapar.dyn_hi_Thapar
		dyn_hi_Thukral.dyn_hi_Thukral.dyn_hi_Thukral.dyn_hi_Thukral
		dyn_hi_Tibrewal.dyn_hi_Tibrewal.dyn_hi_Tibrewal.dyn_hi_Tibrewal
		dyn_hi_Trehan.dyn_hi_Trehan.dyn_hi_Trehan.dyn_hi_Trehan
		dyn_hi_Tuli.dyn_hi_Tuli.dyn_hi_Tuli.dyn_hi_Tuli
		dyn_hi_Uniyal.dyn_hi_Uniyal.dyn_hi_Uniyal.dyn_hi_Uniyal
		dyn_hi_Upreti.dyn_hi_Upreti.dyn_hi_Upreti.dyn_hi_Upreti
		dyn_hi_Vadera.dyn_hi_Vadera.dyn_hi_Vadera.dyn_hi_Vadera
		dyn_hi_Vadra.dyn_hi_Vadra.dyn_hi_Vadra.dyn_hi_Vadra
		dyn_hi_Vij.dyn_hi_Vij.dyn_hi_Vij.dyn_hi_Vij
		dyn_hi_Virmani.dyn_hi_Virmani.dyn_hi_Virmani.dyn_hi_Virmani
		dyn_hi_Vohra.dyn_hi_Vohra.dyn_hi_Vohra.dyn_hi_Vohra
		dyn_hi_Wadhawan.dyn_hi_Wadhawan.dyn_hi_Wadhawan.dyn_hi_Wadhawan
		dyn_hi_Wadhwa.dyn_hi_Wadhwa.dyn_hi_Wadhwa.dyn_hi_Wadhwa
		dyn_hi_Wadhwani.dyn_hi_Wadhwani.dyn_hi_Wadhwani.dyn_hi_Wadhwani
		dyn_hi_Walia.dyn_hi_Walia.dyn_hi_Walia.dyn_hi_Walia
		dyn_hi_Wassan.dyn_hi_Wassan.dyn_hi_Wassan.dyn_hi_Wassan
	}

	culture = {
		hindi = {}
		rajasthani = {}
		gujarati = {
			male_names = {
				gu_Abhishek gu_Ajay gu_Akshay gu_Anand gu_Anil gu_Ankit gu_Arjun
				gu_Arun gu_Ashish gu_Ashok gu_Brijesh gu_Chetan gu_Darshan gu_Deep
				gu_Deepak gu_Dhaval gu_Dilip gu_Dinesh gu_Dip gu_Dipak gu_Harish gu_Harsh
				gu_Harshal gu_Hira gu_Jagdish gu_Jay gu_Jayesh gu_Jitendra gu_Kamal gu_Karan
				gu_Kiran gu_Kishan gu_Krishna gu_Kumar gu_Kunal gu_Mahendra gu_Mahesh gu_Manoj
				gu_Mayur gu_Mitul gu_Mukesh gu_Narendra gu_Neeraj gu_Nikhil gu_Niraj gu_Nirav
				gu_Nishant gu_Nitin gu_Pankaj gu_Parth gu_Prakash gu_Pranav gu_Prateek
				gu_Pratik gu_Praveen gu_Pravin gu_Rahul gu_Raj gu_Rajendra gu_Rajesh
				gu_Rakesh gu_Ramesh gu_Ravi gu_Rohit gu_Sachin gu_Samir gu_Sandip gu_Sanjay
				gu_Sanjeev gu_Shekhar gu_Siddharth gu_Subhash gu_Sumil gu_Suraj gu_Tushar
				gu_Vasant gu_Vikram gu_Vipul gu_Viraj gu_Vishal gu_Vivek	gu_Yash
			}
			female_names = {
				gu_Ankita gu_Avani gu_Hira gu_Kiran gu_Neha gu_Nisha gu_Pooja gu_Prachi gu_Preeti
				gu_Priti gu_Puja gu_Rachana gu_Radhika gu_Shreya gu_Shweta gu_Sonal gu_Tejal
				gu_Urvi gu_Varsha
			}
			family = {
				dyn_gu_Acharya.dyn_gu_Acharya.dyn_gu_Acharya.dyn_gu_Acharya
				dyn_gu_Adhvaryu.dyn_gu_Adhvaryu.dyn_gu_Adhvaryu.dyn_gu_Adhvaryu
				dyn_gu_Ambani.dyn_gu_Ambani.dyn_gu_Ambani.dyn_gu_Ambani
				dyn_gu_Amin.dyn_gu_Amin.dyn_gu_Amin.dyn_gu_Amin
				dyn_gu_Amroliwala.dyn_gu_Amroliwala.dyn_gu_Amroliwala.dyn_gu_Amroliwala
				dyn_gu_Barot.dyn_gu_Barot.dyn_gu_Barot.dyn_gu_Barot
				dyn_gu_Choksi.dyn_gu_Choksi.dyn_gu_Choksi.dyn_gu_Choksi
				dyn_gu_Chowdhury.dyn_gu_Chowdhury.dyn_gu_Chowdhury.dyn_gu_Chowdhury
				dyn_gu_Dalal.dyn_gu_Dalal.dyn_gu_Dalal.dyn_gu_Dalal
				dyn_gu_Daruwala.dyn_gu_Daruwala.dyn_gu_Daruwala.dyn_gu_Daruwala
				dyn_gu_Dave.dyn_gu_Dave.dyn_gu_Dave.dyn_gu_Dave
				dyn_gu_Desai.dyn_gu_Desai.dyn_gu_Desai.dyn_gu_Desai
				dyn_gu_Dholakia.dyn_gu_Dholakia.dyn_gu_Dholakia.dyn_gu_Dholakia
				dyn_gu_Doshi.dyn_gu_Doshi.dyn_gu_Doshi.dyn_gu_Doshi
				dyn_gu_Gandhi.dyn_gu_Gandhi.dyn_gu_Gandhi.dyn_gu_Gandhi
				dyn_gu_Gajjar.dyn_gu_Gajjar.dyn_gu_Gajjar.dyn_gu_Gajjar
				dyn_gu_Ganjawala.dyn_gu_Ganjawala.dyn_gu_Ganjawala.dyn_gu_Ganjawala
				dyn_gu_Gupta.dyn_gu_Gupta.dyn_gu_Gupta.dyn_gu_Gupta
				dyn_gu_Hathiwala.dyn_gu_Hathiwala.dyn_gu_Hathiwala.dyn_gu_Hathiwala
				dyn_gu_Jain.dyn_gu_Jain.dyn_gu_Jain.dyn_gu_Jain
				dyn_gu_Jariwala.dyn_gu_Jariwala.dyn_gu_Jariwala.dyn_gu_Jariwala
				dyn_gu_Joshi.dyn_gu_Joshi.dyn_gu_Joshi.dyn_gu_Joshi
				dyn_gu_Kapadia.dyn_gu_Kapadia.dyn_gu_Kapadia.dyn_gu_Kapadia
				dyn_gu_Kothari.dyn_gu_Kothari.dyn_gu_Kothari.dyn_gu_Kothari
				dyn_gu_Kotadiya.dyn_gu_Kotadiya.dyn_gu_Kotadiya.dyn_gu_Kotadiya
				dyn_gu_Kotecha.dyn_gu_Kotecha.dyn_gu_Kotecha.dyn_gu_Kotecha
				dyn_gu_Lakhani.dyn_gu_Lakhani.dyn_gu_Lakhani.dyn_gu_Lakhani
				dyn_gu_Metha.dyn_gu_Metha.dyn_gu_Metha.dyn_gu_Metha
				dyn_gu_Mistry.dyn_gu_Mistry.dyn_gu_Mistry.dyn_gu_Mistry
				dyn_gu_Modi.dyn_gu_Modi.dyn_gu_Modi.dyn_gu_Modi
				dyn_gu_Munim.dyn_gu_Munim.dyn_gu_Munim.dyn_gu_Munim
				dyn_gu_Ojha.dyn_gu_Ojha.dyn_gu_Ojha.dyn_gu_Ojha
				dyn_gu_Panchal.dyn_gu_Panchal.dyn_gu_Panchal.dyn_gu_Panchal
				dyn_gu_Pandya.dyn_gu_Pandya.dyn_gu_Pandya.dyn_gu_Pandya
				dyn_gu_Parekh.dyn_gu_Parekh.dyn_gu_Parekh.dyn_gu_Parekh
				dyn_gu_Patel.dyn_gu_Patel.dyn_gu_Patel.dyn_gu_Patel
				dyn_gu_Popat.dyn_gu_Popat.dyn_gu_Popat.dyn_gu_Popat
				dyn_gu_Purohit.dyn_gu_Purohit.dyn_gu_Purohit.dyn_gu_Purohit
				dyn_gu_Raval.dyn_gu_Raval.dyn_gu_Raval.dyn_gu_Raval
				dyn_gu_Rubberwala.dyn_gu_Rubberwala.dyn_gu_Rubberwala.dyn_gu_Rubberwala
				dyn_gu_Sarabhai.dyn_gu_Sarabhai.dyn_gu_Sarabhai.dyn_gu_Sarabhai
				dyn_gu_Sanghavi.dyn_gu_Sanghavi.dyn_gu_Sanghavi.dyn_gu_Sanghavi
				dyn_gu_Screwvala.dyn_gu_Screwvala.dyn_gu_Screwvala.dyn_gu_Screwvala
				dyn_gu_Shah.dyn_gu_Shah.dyn_gu_Shah.dyn_gu_Shah
				dyn_gu_Sheth.dyn_gu_Sheth.dyn_gu_Sheth.dyn_gu_Sheth
				dyn_gu_Shroff.dyn_gu_Shroff.dyn_gu_Shroff.dyn_gu_Shroff
				dyn_gu_Thakkar.dyn_gu_Thakkar.dyn_gu_Thakkar.dyn_gu_Thakkar
				dyn_gu_Tripathi.dyn_gu_Tripathi.dyn_gu_Tripathi.dyn_gu_Tripathi
				dyn_gu_Virani.dyn_gu_Virani.dyn_gu_Virani.dyn_gu_Virani
				dyn_gu_Vyas.dyn_gu_Vyas.dyn_gu_Vyas.dyn_gu_Vyas
			}
		}
	}
	
	barbarian_names = { EAST_ARYAN }
	
	graphical_culture = north_indian_1815_gfx 
	
	ethnicities = {
		10 = indian
	}	
}