english_group = {    
    levy_template = english_group_levy_template
    
    primary = english_group_conscript_infantry
    secondary = english_group_conscript_infantry
    flank = english_group_conscript_infantry
    
    primary_navy = tetrere
    secondary_navy = octere
    flank_navy = liburnian
    color = rgb { 255 50 50 }

    levy_template = levy_conscripts

    primary = conscripts
    secondary = conscripts
    flank = conscripts

    primary_navy = tetrere
    secondary_navy = octere
    flank_navy = liburnian
    male_names = {
		Algernon Kevin David Johnathan William Anthony Stephen Ian Thomas Robin Henry Adam Cuthbert Philip Horatio Horace Andrew James Wilbur Oswald Victor Jack Stuart Eric George Charles Frank Joseph Robert Edward Harold Walter Arthur Frederick Samuel Clarence Louis Richard Ernest Roy Oscar Daniel Benjamin Alfred Peter Howard Ralph Herbert Paul Jacob Claude Edwin Edgar Lawrence Hugo Theodore Leonard Bernard Julius Alexander Rufus Percival Nathan Matthew Stanley Maurice Gilbert Mark Virgil Christopher Oliver Edmund Geoffrey Marvin Vernon Hubert Mortimer Kenneth Winston Arnold Nicholas Norman Otis Elijah Sylvester Cecil Noah Noel Aaron Ryan Brian Douglas "Matthew James" "Matthew Thomas" "Johnathan Ronald" "William Ewart" "Herbert Henry" "David Lloyd" Neville
	}
	female_names = {
		Laura Felicity Janet Jane Victoria Elizabeth Henrietta Philippa Annie Anne Winnie Jean Hariett Mary Emma Margaret Clara Alice Florence Grace Ethel Sarah Eleanor Ella Martha Mabel Helen Lillian Gertrude Jennifer Myrtle Louise Samantha Josephine Clare Georgia Georgina Isabelle Fanny Gail Susan Cornelia Sally Bernice Lucille Hilda Gladys Barbara Dorothy Theresa Eliza Esther Nancy Ruth Daisy Nora Jemima Permilia Tabitha Cordelia Lydia Violet Mildred Eunice Cecilia Dahlia Caroline Carol Frances Priscilla Wilma Amanda Irene Mandy Cynthia Selene Amelia Bethany Abigail Rose Ellen
	}
	family = {
		Gladstone.Gladstone.Gladstone.Gladstone
		Gascoyne-Cecil.Gascoyne-Cecil.Gascoyne-Cecil.Gascoyne-Cecil
		Primrose.Primrose.Primrose.Primrose
		Disraeli.Disraeli.Disraeli.Disraeli
		Balfour.Balfour.Balfour.Balfour
		Campbell-Bannerman.Campbell-Bannerman.Campbell-Bannerman.Campbell-Bannerman
		Asquith.Asquith.Asquith.Asquith
		Austin.Austin.Austin.Austin
		Valentine.Valentine.Valentine.Valentine
		Vanderson.Vanderson.Vanderson.Vanderson
		Abbott.Abbott.Abbott.Abbott
		Smith.Smith.Smith.Smith
		Walker.Walker.Walker.Walker
		Johnson.Johnson.Johnson.Johnson
		Williams.Williams.Williams.Williams
		Jones.Jones.Jones.Jones
		Brown.Brown.Brown.Brown
		Davis.Davis.Davis.Davis
		Miller.Miller.Miller.Miller
		Livingstone.Livingstone.Livingstone.Livingstone
		Moore.Moore.Moore.Moore
		Taylor.Taylor.Taylor.Taylor
		Anderson.Anderson.Anderson.Anderson
		White.White.White.White
		Robinson.Robinson.Robinson.Robinson
		King.King.King.King
		Hall.Hall.Hall.Hall
		Wright.Wright.Wright.Wright
		Curtis.Curtis.Curtis.Curtis
		Turner.Turner.Turner.Turner
		Abram.Abram.Abram.Abram
		Cotton.Cotton.Cotton.Cotton
		Dalton.Dalton.Dalton.Dalton
		Keynes.Keynes.Keynes.Keynes
		Enfield.Enfield.Enfield.Enfield
		Barclay.Barclay.Barclay.Barclay
		Blythe.Blythe.Blythe.Blythe
		Hale.Hale.Hale.Hale
		Seeley.Seeley.Seeley.Seeley
		Middleton.Middleton.Middleton.Middleton
		Byron.Byron.Byron.Byron
		Churchill.Churchill.Churchill.Churchill
		Manley.Manley.Manley.Manley
		Northcott.Northcott.Northcott.Northcott
		Lynn.Lynn.Lynn.Lynn
		Harrington.Harrington.Harrington.Harrington
		Finch.Finch.Finch.Finch
		Rees.Rees.Rees.Rees
		Carruthers.Carruthers.Carruthers.Carruthers
		Lyndon.Lyndon.Lyndon.Lyndon
		Woodcock.Woodcock.Woodcock.Woodcock
		Chadwick.Chadwick.Chadwick.Chadwick
		Norton.Norton.Norton.Norton
		Scott.Scott.Scott.Scott
		Cooper.Cooper.Cooper.Cooper
		Mosley.Mosley.Mosley.Mosley
		Bishop.Bishop.Bishop.Bishop
		Lee.Lee.Lee.Lee
		Evans.Evans.Evans.Evans
		Colwill.Colwill.Colwill.Colwill
		Loveland.Loveland.Loveland.Loveland
		George.George.George.George
		Attlee.Attlee.Attlee.Attlee
		Chamberlain.Chamberlain.Chamberlain.Chamberlain
		Pittwood.Pittwood.Pittwood.Pittwood
	}

	culture = {
		english = {}
		lowland_scots = {
			male_names = {
				Algernon Kevin David Johnathan William Anthony Stephen Ian Thomas Robin Henry Adam Cuthbert Philip Horatio Horace Andrew James Wilbur Oswald Victor Jack Stuart Eric George Charles Frank Joseph Robert Edward Harold Walter Arthur Frederick Samuel Clarence Louis Richard Ernest Roy Oscar Daniel Benjamin Alfred Peter Howard Ralph Herbert Paul Jacob Claude Edwin Edgar Lawrence Hugo Theodore Leonard Bernard Julius Alexander Rufus Percival Nathan Matthew Stanley Maurice Gilbert Mark Virgil Christopher Oliver Edmund Geoffrey Marvin Vernon Hubert Mortimer Kenneth Winston Arnold Nicholas Norman Roderick Elijah Sylvester Cecil Noah Noel Aaron Constantine Angus Brian Douglas
			}
			female_names = {
				Laura Felicity Janet Jane Victoria Elizabeth Henrietta Philippa Annie Anne Winnie Jean Hariett Mary Emma Margaret Clara Alice Florence Grace Ethel Sarah Eleanor Ella Martha Mabel Helen Lillian Gertrude Jennifer Myrtle Louise Samantha Josephine Clare Georgia Georgina Isabelle Fanny Gail Susan Cornelia Sally Bernice Lucille Hilda Gladys Barbara Dorothy Theresa Eliza Esther Nancy Ruth Daisy Nora Jemima Permilia Tabitha Cordelia Lydia Violet Mildred Eunice Cecilia Dahlia Caroline Carol Frances Priscilla Wilma Amanda Irene Mandy Cynthia Selene Amelia Bethany Abigail Rose Ellen Constance
			}
			family = {
				Donoghue.Donoghue.Donoghue.Donoghue
				McAllister.McAllister.McAllister.McAllister
				Buchannan.Buchannan.Buchannan.Buchannan
				McDonald.McDonald.McDonald.McDonald
				Abercrombie.Abercrombie.Abercrombie.Abercrombie
				Barrie.Barrie.Barrie.Barrie
				Argyle.Argyle.Argyle.Argyle
				Currie.Currie.Currie.Currie
				Salmond.Salmond.Salmond.Salmond
				Cunningham.Cunningham.Cunningham.Cunningham
				Craighead.Craighead.Craighead.Craighead
				Crosbie.Crosbie.Crosbie.Crosbie
				Gillmore.Gillmore.Gillmore.Gillmore
				Lyle.Lyle.Lyle.Lyle
				MacAffee.MacAffee.MacAffee.MacAffee
				MacBain.MacBain.MacBain.MacBain
			}
		}
		anglo_canadian = {}
		anglo_antipodean = {}
		anglo_african = {}
	}
	
	barbarian_names = { ENGLISH }
	
	graphical_culture = western_1815_gfx
	
	ethnicities = {
		10 = northern
	}	
}