french_group = {
	color = hsv { 0.4  0.6  0.6 }

    levy_template = levy_conscripts

    primary = conscripts
    secondary = conscripts
    flank = conscripts

    primary_navy = tetrere
    secondary_navy = octere
    flank_navy = liburnian
    male_names = {
		Algernon Napoléon Armand Jules Lucas Léo Gabriel Arthur Louis Hugo Thomas Nicolas Julien Quentin Maxime Alexandre Antoine Kevin Clement Romain Pierre Florian Guillaume Valentin Jérémy Alexis Anthony Theo Paul Mathieu Richard Benjamin Adrien Vincent Corentin Thibault Jordan Sebastien Simon Aurélien Victor Loïc Rémi Arnaud Davide Jonathan Damien Bastien Martin Raphael François Tristan Mathis Samuel Charles Benoit Fabien Florent Maxence Cédric Marc Jérôme Gaëtan Jean Cyril Jules Olivier Laurent Christopher Sylvain Ludovic Stephane Xavier Mael Morgan Adam Franck Grégory Cristophe Alain Antonin Philippe Elmo Michel Henri Gabin Leonard Noel Marcel Armand-Emmanuel Emmanuel JeanPhilippe CharlesMaurice Victor Erasme Étienne Hector
	}
	female_names = {
		Ana Marie Camille Léa Manon Chloé Laura Julie Julienne Sarah Pauline Mathilde Marine Emma Marion Lucie Anaïs Justine Morgane Clara Charlotte Juliette Emilie Lisa Mélanie Elodie Claire Inès Margaux Alice Amandine Audrey Luise Noémie Clémence Maéva Melissa Eva Caroline Céline Célia Fanny Elise Sophie Margot Elisa Aurélie Estelle Romane Jeanne Ophélie Laurine Alexandra Valentine Solène Iola Coralie Alexia Laëtitia Aurore Cécile Alicia Zoé Agathe Julia Anna Emeline Léna Laurie Lou Nina Coline Jessica Maëlle Elsa Lucile Laure Salomé Axelle Andréa Charlène Gaelle Helene Clementine Victoria Myriam Éloïse Heloise Marina Cassandra Sara Carla Ambre Ludivine Anaelle Sabrina Angélique Sandra Michelle
	}
	family = {
		Merat.Merat.Merat.Merat
		Chevrolet.Chevrolet.Chevrolet.Chevrolet
		Marchand.Marchand.Marchand.Marchand
		Beaulieu.Beaulieu.Beaulieu.Beaulieu
		Beaumont.Beaumont.Beaumont.Beaumont
		Travers.Travers.Travers.Travers
		Legrand.Legrand.Legrand.Legrand
		Leblanc.Leblanc.Leblanc.Leblanc
		Moreau.Moreau.Moreau.Moreau
		Bernard.Bernard.Bernard.Bernard
		Martin.Martin.Martin.Martin
		Thomas.Thomas.Thomas.Thomas
		Chartres.Chartres.Chartres.Chartres
		Durand.Durand.Durand.Durand
		Dubois.Dubois.Dubois.Dubois
		Dupont.Dupont.Dupont.Dupont
		Chastain.Chastain.Chastain.Chastain
		Fournier.Fournier.Fournier.Fournier
		Comtois.Comtois.Comtois.Comtois
		Fabron.Fabron.Fabron.Fabron
		Couture.Couture.Couture.Couture
		Caron.Caron.Caron.Caron
		Dupuis.Dupuis.Dupuis.Dupuis
		Deschamps.Deschamps.Deschamps.Deschamps
		Leroy.Leroy.Leroy.Leroy
		Rousseau.Rousseau.Rousseau.Rousseau
		Berger.Berger.Berger.Berger
		Bisset.Bisset.Bisset.Bisset
		Boucher.Boucher.Boucher.Boucher
		Charpentier.Charpentier.Charpentier.Charpentier
		Pelletier.Pelletier.Pelletier.Pelletier
		Segal.Segal.Segal.Segal
		Mercier.Mercier.Mercier.Mercier
		Brun.Brun.Brun.Brun
		Petit.Petit.Petit.Petit
		Alméras.Alméras.Alméras.Alméras
		Berengar.Berengar.Berengar.Berengar
		Berjeau.Berjeau.Berjeau.Berjeau
		Baffier.Baffier.Baffier.Baffier
		Bonhomme.Bonhomme.Bonhomme.Bonhomme
		Beaubois.Beaubois.Beaubois.Beaubois
		Beauchamp.Beauchamp.Beauchamp.Beauchamp
		Marchal.Marchal.Marchal.Marchal
		Pinchon.Pinchon.Pinchon.Pinchon
		Peyronnet.Peyronnet.Peyronnet.Peyronnet
		Raoult.Raoult.Raoult.Raoult
		Regnault.Regnault.Regnault.Regnault
		Rochefort.Rochefort.Rochefort.Rochefort
		Paquet.Paquet.Paquet.Paquet
		Nicollier.Nicollier.Nicollier.Nicollier
		Nadon.Nadon.Nadon.Nadon
		Ripert.Ripert.Ripert.Ripert
		Moulin.Moulin.Moulin.Moulin
		Vasseur.Vasseur.Vasseur.Vasseur
		Vizard.Vizard.Vizard.Vizard
		Gachet.Gachet.Gachet.Gachet
		Jeannet.Jeannet.Jeannet.Jeannet
		Jacquemin.Jacquemin.Jacquemin.Jacquemin
		Lacroix.Lacroix.Lacroix.Lacroix
		Goff.Goff.Goff.Goff
		Godeau.Godeau.Godeau.Godeau
		Hernu.Hernu.Hernu.Hernu
		Lenoir.Lenoir.Lenoir.Lenoir
		Lefebvre.Lefebvre.Lefebvre.Lefebvre
		Leclercq.Leclercq.Leclercq.Leclercq
		Leclair.Leclair.Leclair.Leclair
		Lavalette.Lavalette.Lavalette.Lavalette
		Lagrange.Lagrange.Lagrange.Lagrange

	}

	culture = {
		french = {}
		occitan = {}
		breton = {
				male_names = {
					Algernon Armand Jules Lucas Léo Gabriel Arthur Hugo Thomas Nicolas Julien Quentin Maxime Alexandre Antoine Kevin Clement Romain Pierre Florian Guillaume Valentin Jérémy Alexis Anthony Theo Paul Mathieu Richard Benjamin Adrien Vincent Corentin Thibault Jordan Sebastien Simon Aurélien Victor Loïc Rémi Arnaud Davide Jonathan Damien Bastien Martin Raphael François Tristan Mathis Samuel Charles Benoit Fabien Florent Maxence Cédric Marc Jérôme Gaëtan Jean Cyril Jules Olivier Laurent Christopher Sylvain Ludovic Stephane Xavier Mael Morgan Adam Grégory Cristophe Alan Antonin Philippe Elmo Michel Henri Gabin Leonard Noel Marcel Armand-Emmanuel Emmanuel JeanPhilippe CharlesMaurice Victor Erasme Étienne Argant Armel Bleiz Briac Corentin Gael Loic Malo
				}
				female_names = {
					Ana Marie Camille Léa Manon Chloé Laura Julie Julienne Sarah Pauline Mathilde Marine Emma Marion Lucie Anaïs Justine Morgane Clara Charlotte Juliette Emilie Lisa Mélanie Elodie Claire Inès Margaux Alice Amandine Audrey Luise Noémie Clémence Maéva Melissa Eva Caroline Céline Célia Fanny Elise Sophie Margot Elisa Aurélie Estelle Romane Jeanne Ophélie Laurine Alexandra Valentine Solène Iola Coralie Alexia Laëtitia Aurore Cécile Alicia Zoé Agathe Julia Anna Emeline Léna Laurie Lou Nina Coline Jessica Maëlle Elsa Lucile Laure Salomé Axelle Andréa Charlène Gaelle Helene Clementine Victoria Myriam Éloïse Heloise Marina Cassandra Sara Carla Ambre Ludivine Anaelle Sabrina Angélique Sandra Michelle Annick Gaelle
				}
				family = {
					Merat.Merat.Merat.Merat
					Chevrolet.Chevrolet.Chevrolet.Chevrolet
					Marchand.Marchand.Marchand.Marchand
					Beaulieu.Beaulieu.Beaulieu.Beaulieu
					Beaumont.Beaumont.Beaumont.Beaumont
					Travers.Travers.Travers.Travers
					Legrand.Legrand.Legrand.Legrand
					Leblanc.Leblanc.Leblanc.Leblanc
					Moreau.Moreau.Moreau.Moreau
					Bernard.Bernard.Bernard.Bernard
					Martin.Martin.Martin.Martin
					Thomas.Thomas.Thomas.Thomas
					Chartres.Chartres.Chartres.Chartres
					Durand.Durand.Durand.Durand
					Dubois.Dubois.Dubois.Dubois
					Dupont.Dupont.Dupont.Dupont
					Chastain.Chastain.Chastain.Chastain
					Fournier.Fournier.Fournier.Fournier
					Comtois.Comtois.Comtois.Comtois
					Fabron.Fabron.Fabron.Fabron
					Couture.Couture.Couture.Couture
					Caron.Caron.Caron.Caron
					Dupuis.Dupuis.Dupuis.Dupuis
					Deschamps.Deschamps.Deschamps.Deschamps
					Leroy.Leroy.Leroy.Leroy
					Rousseau.Rousseau.Rousseau.Rousseau
					Berger.Berger.Berger.Berger
					Bisset.Bisset.Bisset.Bisset
					Boucher.Boucher.Boucher.Boucher
					Charpentier.Charpentier.Charpentier.Charpentier
					Pelletier.Pelletier.Pelletier.Pelletier
					Segal.Segal.Segal.Segal
					Mercier.Mercier.Mercier.Mercier
					Brun.Brun.Brun.Brun
					Petit.Petit.Petit.Petit
				}
		}
		walloon = {}
		quebecois = {}
		savoyard = {}
	}
	
	barbarian_names = { FRENCH }
	
	graphical_culture = western_1815_gfx
	
	ethnicities = {
		10 = northern
	}	
}