greek = { # WARNING: THESE SURNAMES SHOULD CHANGE BY GENDER
	color = hsv { 0.9  0.2  0.7 }

    levy_template = levy_conscripts

    primary = conscripts
    secondary = conscripts
    flank = conscripts

    primary_navy = tetrere
    secondary_navy = octere
    flank_navy = liburnian
    male_names = {
		el_Abestoles el_Achilleas el_Achilles el_Adamantios el_Adonis el_Agapios el_Agias
		el_Aiakos el_Aineias el_Aiolos el_Aleda el_Alekos el_Alexander el_Alexandros el_Alexios
		el_Alexis el_Alexiou el_Ambrosios el_Anakletos el_Anastasios el_Anastassios el_Andonios
		el_Andreas el_Andros el_Angelo el_Angelos el_Aniketos el_Anninos el_Antonios el_Antonis
		el_Apostolis el_Apostolos el_Argyros el_Ari el_Arion el_Aris el_Aristides el_Aristotelis
		el_Arsenios el_Athan el_Athanasios el_Athanassios el_Athinagoras el_Athones
		el_Augustinos el_Bikos el_Boreas el_Carolos el_Charalambos el_Charalampos el_Charilaos
		el_Christodoulos el_Christoforos el_Christos el_Chrysostomos el_Cletus el_Constandinos
		el_Constantinos el_Cosmo el_Costa el_Costas el_Crist el_Damianos el_Demetri
		el_Demetrios el_Demetris el_Demosthenes el_Dighenis el_Dimitri el_Dimitrios el_Dimitris
		el_Dino el_Dion el_Dionysios el_Dionyssios el_Dimitris el_Doxiadis el_Drymiotes
		el_Efstathios el_Efstratios el_Efthimios el_Eleftherios el_Elias el_Emmanouil el_Emmanuel
		el_Emmanuil el_Epameinondas el_Epaminondas el_Evangelos el_Evangelos el_Evgenios
		el_Evis el_Evripides el_Fanos el_Filipas el_Fotis el_George el_Georges el_Georghios
		el_Georgios el_Gerasimos el_Giannis el_Giatas el_Giorgos el_Glafkos el_Gondikas
		el_Gregorios el_Grigorios el_Grigoris el_Haralambos el_Harrys el_Herakles el_Hermes
		el_Hippocrates el_Hristos el_Iacovos el_Iakovos el_Iannis el_Iason el_Ignatios el_Ilias
		el_Ioannes el_Ioannis el_Isaakios el_Isidoros el_Kalinikos el_Kharilaos el_Kimon el_Kleanthe
		el_Koinos el_Konstandinos el_Konstantinos el_Kosmas el_Kosta el_Kostantinos el_Kostas
		el_Kris el_Kristion el_Kymon el_Kypros el_Kyriacos el_Kyriakos el_Lambro el_Lambros
		el_Laurentios el_Lazaros el_Leandros el_Lefteris el_Leo el_Leonidas el_Leontios el_Loukas
		el_Loukianos el_Makarios el_Makis el_Manolis el_Manos el_Marinos el_Marios el_Marko
		el_Markos el_Martinos el_Matthaios el_Maximos el_Metrophanes el_Michail el_Michalis
		el_Milos el_Miltiades el_Miltos el_Moris el_Myron el_Nathanael el_Nektarios el_Neophytos
		el_Nickolas el_Nico el_Nicolaon el_Nicolas el_Nikodemos el_Nikolaos el_Odysseas
		el_Odysseus el_Orestis el_Orion el_Othon el_Panagiote el_Panagiotis el_Panayiotis
		el_Panayotis el_Panicos el_Panos el_Pantelis el_Paulos el_Pausanias el_Pavlos el_Pericles
		el_Periklis el_Petros el_Philippos el_Photios el_Platon el_Polyvios el_Prokopios el_Rhigas
		el_Romanos el_Samaras el_Savas el_Savvas el_Sebastianos el_Sergios el_Silvanos el_Simos
		el_Skyros el_Socrates el_Solon el_Sophocles el_Sotirios el_Sotiris el_Spiridon el_Spiro
		el_Spyridon el_Spyros el_Stamatis el_Stathis el_Stavros el_Stefanos el_Stelios
		el_Stephanos el_Sterghios el_Stratis el_Stratos el_Stylianos el_Tasos el_Tassos el_Tataki
		el_Thaddaios el_Thanasios el_Thanasis el_Thanos el_Themestoclis el_Theodore
		el_Theodoros el_Theodosios el_Theofanis el_Theologos el_Theophanis el_Thrasyvoulos
		el_Timotheos el_Titos el_Triandafillos el_Tzannas el_Vaggelis el_Vaios el_Valerios
		el_Vangelis el_Vardis el_Vasileios el_Vasilios el_Vasilis el_Vassilios el_Vassilis el_Xenophon
		el_Yannas el_Yanni el_Yannis el_Yiannis el_Yiannos el_Yiorgos el_Yioryios el_Zacharias
		el_Zaharias el_Zenon
	}
	female_names = {
		el_Acacia el_Acantha el_Adonia el_Adora el_Aeola el_Afroditi el_Aglaia el_Agathe el_Agathi
		el_Aikaterine el_Aikaterini el_Akilina el_Alala el_Aldora el_Aleka el_Aleki el_Aleni el_Alesia
		el_Alethea el_Alexandra el_Alexandria el_Alexi el_Alexine el_Alexis el_Alexxa el_Althaia
		el_Ambrosia el_Ana el_Anastacia el_Anastasia el_Anatolia el_Andriana el_Andromeda
		el_Andromede el_Androniki el_Androula el_Anemone el_Angela el_Angele el_Angelee
		el_Angeliki el_Anna el_Annagletha el_Anthaia el_Anthoula el_Anthy el_Antigone el_Antonia
		el_Aphrodite el_Argiro el_Ariadne el_Aristea el_Aristoula el_Artemis el_Artemisia
		el_Aspasia el_Atalante el_Athanasia el_Athena el_Athina el_Avthokia el_Barbara el_Basiliki
		el_Calandra el_Calantha el_Calista el_Calla el_Cassa el_Cassia el_Charis el_Charissa
		el_Chloe el_Chloris el_Chrisoula el_Chrissitha el_Christiane el_Christina el_Christine
		el_Chrysanthe el_Chryseis el_Chryssi el_Clematia el_Cleopatra el_Clio el_Costandina
		el_Cressida el_Cyma el_Cynara el_Damara el_Damaris el_Danae el_Deianira el_Delia
		el_Demetra el_Demitria el_Denise el_Despina el_Diana el_Diantha el_Dido el_Dimitra
		el_Dionisia el_Dominica el_Dorkas el_Drusilla el_Effrossini el_Effrosyni el_Efpraxia
		el_Efthimia el_Eftimia el_Eirene el_Ekati el_Ekaterine el_Ekaterini el_Eleftheria
		el_Eleftheriani el_Elektra el_Elena el_Eleni el_Elewteria el_Elewtheria el_Elina el_Elisa
		el_Emalia el_Ereini el_Erene el_Erianthe el_Eudocia el_Eudora el_Eudoxia el_Eugenia
		el_Euphemia el_Euphrosyne el_Evaggelia el_Evanthia el_Evdokia el_Evgenia el_Eyaggelia
		el_Filanthi el_Fotini el_Gaea el_Galatea el_Georgia el_Gioulli el_Halcyone el_Helen
		el_Helena el_Helia el_Hera el_Hlois el_Ianthe el_Ilektra el_Iliana el_Ioanna el_Iona
		el_Iphigenia el_Irene el_Irini el_Iris el_Isaura el_Junia el_Juno el_Kali el_Kaliopi el_Kalliope
		el_Kalyca el_Katerine el_Katina el_Khloe el_Konstanta el_Konstantina el_Kore el_Koren
		el_Kynthia el_Kyriaki el_Lamprini el_Lexi el_Lida el_Lilika el_Lugaretzia el_Lydia el_Maia
		el_Margarita el_Maria el_Marianthi el_Marina el_Maroula el_Medora el_Melaina
		el_Melanie el_Melantha el_Melina el_Melissa el_Melpomeni el_Metaxia el_Miranta
		el_Myropi el_Nafsika el_Nana el_Neona el_Nerissa el_Nicole el_Niki el_Nikola el_Nitsa
		el_Odessa el_Olympia el_Ophelia el_Ourania el_Pamfilia el_Panagiota el_Pannayita
		el_Paraskevi el_Pareskevi el_Parthenia el_Pavlina el_Phaedra el_Phaidra el_Phedra
		el_Philana el_Philippa el_Philomela el_Phoebe el_Phyllis el_Rena el_Rhea el_Rodanthi
		el_Rodothea el_Salome el_Selene el_Sia el_Smaragda el_Smaragdi el_Sofia el_Sophia
		el_Sotiria el_Soula el_Stamata el_Stavroula el_Stefania el_Styliani el_Tassia el_Tassula
		el_Tattiana el_Tekla el_Thalassa el_Thaleia el_Thalia el_Thania el_Tharsia el_Thekla
		el_Theodora el_Theodosia el_Theodosoulla el_Theone el_Theophano el_Theresa el_Tia
		el_Timothea el_Tina el_Toula el_Vanessa el_Vasiliki el_Vasiliky el_Vassiliki el_Xanthe
		el_Xanthippe el_Xantippe el_Xena el_Xenia el_Xylia el_Yana el_Yiannoula el_Zacharenia
		el_Zelia el_Zenaida el_Zenobia el_Zoe el_Zoi
	}
	family = {
		dyn_el_Papadopoulos.dyn_el_Papadopoulos.dyn_el_Papadopoulos.dyn_el_Papadopoulos
		dyn_el_Vlahos.dyn_el_Vlahos.dyn_el_Vlahos.dyn_el_Vlahos
		dyn_el_Angelopoulos.dyn_el_Angelopoulos.dyn_el_Angelopoulos.dyn_el_Angelopoulos
		dyn_el_Nikolaidis.dyn_el_Nikolaidis.dyn_el_Nikolaidis.dyn_el_Nikolaidis
		dyn_el_Georgiou.dyn_el_Georgiou.dyn_el_Georgiou.dyn_el_Georgiou
		dyn_el_Petridis.dyn_el_Petridis.dyn_el_Petridis.dyn_el_Petridis
		dyn_el_Athanasiadis.dyn_el_Athanasiadis.dyn_el_Athanasiadis.dyn_el_Athanasiadis
		dyn_el_Dimitriadis.dyn_el_Dimitriadis.dyn_el_Dimitriadis.dyn_el_Dimitriadis
		dyn_el_Papadakis.dyn_el_Papadakis.dyn_el_Papadakis.dyn_el_Papadakis
		dyn_el_Panagiotopoulos.dyn_el_Panagiotopoulos.dyn_el_Panagiotopoulos.dyn_el_Panagiotopoulos
		dyn_el_Adamidis.dyn_el_Adamidis.dyn_el_Adamidis.dyn_el_Adamidis
		dyn_el_Adamis.dyn_el_Adamis.dyn_el_Adamis.dyn_el_Adamis
		dyn_el_Adamopoulos.dyn_el_Adamopoulos.dyn_el_Adamopoulos.dyn_el_Adamopoulos
		dyn_el_Aesopos.dyn_el_Aesopos.dyn_el_Aesopos.dyn_el_Aesopos
		dyn_el_Agapitos.dyn_el_Agapitos.dyn_el_Agapitos.dyn_el_Agapitos
		dyn_el_Agelakos.dyn_el_Agelakos.dyn_el_Agelakos.dyn_el_Agelakos
		dyn_el_Aggelis.dyn_el_Aggelis.dyn_el_Aggelis.dyn_el_Aggelis
		dyn_el_Agnes.dyn_el_Agnes.dyn_el_Agnes.dyn_el_Agnes
		dyn_el_Agnos.dyn_el_Agnos.dyn_el_Agnos.dyn_el_Agnos
		dyn_el_Aivaliotis.dyn_el_Aivaliotis.dyn_el_Aivaliotis.dyn_el_Aivaliotis
		dyn_el_Alexakis.dyn_el_Alexakis.dyn_el_Alexakis.dyn_el_Alexakis
		dyn_el_Alexandropoulos.dyn_el_Alexandropoulos.dyn_el_Alexandropoulos.dyn_el_Alexandropoulos
		dyn_el_Alexiou.dyn_el_Alexiou.dyn_el_Alexiou.dyn_el_Alexiou
		dyn_el_Alexis.dyn_el_Alexis.dyn_el_Alexis.dyn_el_Alexis
		dyn_el_Alexopoulos.dyn_el_Alexopoulos.dyn_el_Alexopoulos.dyn_el_Alexopoulos
		dyn_el_Alexopoulou.dyn_el_Alexopoulou.dyn_el_Alexopoulou.dyn_el_Alexopoulou
		dyn_el_Aliferis.dyn_el_Aliferis.dyn_el_Aliferis.dyn_el_Aliferis
		dyn_el_Anagnostopoulos.dyn_el_Anagnostopoulos.dyn_el_Anagnostopoulos.dyn_el_Anagnostopoulos
		dyn_el_Anagnostopoulou.dyn_el_Anagnostopoulou.dyn_el_Anagnostopoulou.dyn_el_Anagnostopoulou
		dyn_el_Anagnostou.dyn_el_Anagnostou.dyn_el_Anagnostou.dyn_el_Anagnostou
		dyn_el_Anagyrou.dyn_el_Anagyrou.dyn_el_Anagyrou.dyn_el_Anagyrou
		dyn_el_Anastasiadis.dyn_el_Anastasiadis.dyn_el_Anastasiadis.dyn_el_Anastasiadis
		dyn_el_Anastasiou.dyn_el_Anastasiou.dyn_el_Anastasiou.dyn_el_Anastasiou
		dyn_el_Anastasopoulos.dyn_el_Anastasopoulos.dyn_el_Anastasopoulos.dyn_el_Anastasopoulos
		dyn_el_Anastos.dyn_el_Anastos.dyn_el_Anastos.dyn_el_Anastos
		dyn_el_Andreadis.dyn_el_Andreadis.dyn_el_Andreadis.dyn_el_Andreadis
		dyn_el_Andreou.dyn_el_Andreou.dyn_el_Andreou.dyn_el_Andreou
		dyn_el_Andreoulakis.dyn_el_Andreoulakis.dyn_el_Andreoulakis.dyn_el_Andreoulakis
		dyn_el_Andris.dyn_el_Andris.dyn_el_Andris.dyn_el_Andris
		dyn_el_Andronis.dyn_el_Andronis.dyn_el_Andronis.dyn_el_Andronis
		dyn_el_Andropoulos.dyn_el_Andropoulos.dyn_el_Andropoulos.dyn_el_Andropoulos
		dyn_el_Andros.dyn_el_Andros.dyn_el_Andros.dyn_el_Andros
		dyn_el_Androutsos.dyn_el_Androutsos.dyn_el_Androutsos.dyn_el_Androutsos
		dyn_el_Andrulis.dyn_el_Andrulis.dyn_el_Andrulis.dyn_el_Andrulis
		dyn_el_Angavanakis.dyn_el_Angavanakis.dyn_el_Angavanakis.dyn_el_Angavanakis
		dyn_el_Angelis.dyn_el_Angelis.dyn_el_Angelis.dyn_el_Angelis
		dyn_el_Angelopoulos.dyn_el_Angelopoulos.dyn_el_Angelopoulos.dyn_el_Angelopoulos
		dyn_el_Angelos.dyn_el_Angelos.dyn_el_Angelos.dyn_el_Angelos
		dyn_el_Aniston.dyn_el_Aniston.dyn_el_Aniston.dyn_el_Aniston
		dyn_el_Anistonopoulos.dyn_el_Anistonopoulos.dyn_el_Anistonopoulos.dyn_el_Anistonopoulos
		dyn_el_Anninos.dyn_el_Anninos.dyn_el_Anninos.dyn_el_Anninos
		dyn_el_Anthis.dyn_el_Anthis.dyn_el_Anthis.dyn_el_Anthis
		dyn_el_Antimisiaris.dyn_el_Antimisiaris.dyn_el_Antimisiaris.dyn_el_Antimisiaris
		dyn_el_Antipas.dyn_el_Antipas.dyn_el_Antipas.dyn_el_Antipas
		dyn_el_Antoniades.dyn_el_Antoniades.dyn_el_Antoniades.dyn_el_Antoniades
		dyn_el_Antoniadis.dyn_el_Antoniadis.dyn_el_Antoniadis.dyn_el_Antoniadis
		dyn_el_Antoniou.dyn_el_Antoniou.dyn_el_Antoniou.dyn_el_Antoniou
		dyn_el_Antonopoulos.dyn_el_Antonopoulos.dyn_el_Antonopoulos.dyn_el_Antonopoulos
		dyn_el_Antonopoulou.dyn_el_Antonopoulou.dyn_el_Antonopoulou.dyn_el_Antonopoulou
		dyn_el_Antos.dyn_el_Antos.dyn_el_Antos.dyn_el_Antos
		dyn_el_Apostle.dyn_el_Apostle.dyn_el_Apostle.dyn_el_Apostle
		dyn_el_Apostol.dyn_el_Apostol.dyn_el_Apostol.dyn_el_Apostol
		dyn_el_Apostolides.dyn_el_Apostolides.dyn_el_Apostolides.dyn_el_Apostolides
		dyn_el_Apostolidis.dyn_el_Apostolidis.dyn_el_Apostolidis.dyn_el_Apostolidis
		dyn_el_Apostolopoulos.dyn_el_Apostolopoulos.dyn_el_Apostolopoulos.dyn_el_Apostolopoulos
		dyn_el_Apostolos.dyn_el_Apostolos.dyn_el_Apostolos.dyn_el_Apostolos
		dyn_el_Apostolou.dyn_el_Apostolou.dyn_el_Apostolou.dyn_el_Apostolou
		dyn_el_Apsouris.dyn_el_Apsouris.dyn_el_Apsouris.dyn_el_Apsouris
		dyn_el_Argires.dyn_el_Argires.dyn_el_Argires.dyn_el_Argires
		dyn_el_Argiris.dyn_el_Argiris.dyn_el_Argiris.dyn_el_Argiris
		dyn_el_Argitakos.dyn_el_Argitakos.dyn_el_Argitakos.dyn_el_Argitakos
		dyn_el_Argos.dyn_el_Argos.dyn_el_Argos.dyn_el_Argos
		dyn_el_Argyra.dyn_el_Argyra.dyn_el_Argyra.dyn_el_Argyra
		dyn_el_Argyropoulos.dyn_el_Argyropoulos.dyn_el_Argyropoulos.dyn_el_Argyropoulos
		dyn_el_Arvanitis.dyn_el_Arvanitis.dyn_el_Arvanitis.dyn_el_Arvanitis
		dyn_el_Asikis.dyn_el_Asikis.dyn_el_Asikis.dyn_el_Asikis
		dyn_el_Athan.dyn_el_Athan.dyn_el_Athan.dyn_el_Athan
		dyn_el_Athanas.dyn_el_Athanas.dyn_el_Athanas.dyn_el_Athanas
		dyn_el_Athanasiou.dyn_el_Athanasiou.dyn_el_Athanasiou.dyn_el_Athanasiou
		dyn_el_Athanasopoulos.dyn_el_Athanasopoulos.dyn_el_Athanasopoulos.dyn_el_Athanasopoulos
		dyn_el_Athanasopoulou.dyn_el_Athanasopoulou.dyn_el_Athanasopoulou.dyn_el_Athanasopoulou
		dyn_el_Athanassiadi.dyn_el_Athanassiadi.dyn_el_Athanassiadi.dyn_el_Athanassiadi
		dyn_el_Athans.dyn_el_Athans.dyn_el_Athans.dyn_el_Athans
		dyn_el_Athens.dyn_el_Athens.dyn_el_Athens.dyn_el_Athens
		dyn_el_Atsidakos.dyn_el_Atsidakos.dyn_el_Atsidakos.dyn_el_Atsidakos
		dyn_el_Avgerinos.dyn_el_Avgerinos.dyn_el_Avgerinos.dyn_el_Avgerinos
		dyn_el_Avramidis.dyn_el_Avramidis.dyn_el_Avramidis.dyn_el_Avramidis
		dyn_el_Axelos.dyn_el_Axelos.dyn_el_Axelos.dyn_el_Axelos
		dyn_el_Axios.dyn_el_Axios.dyn_el_Axios.dyn_el_Axios
		dyn_el_Azios.dyn_el_Azios.dyn_el_Azios.dyn_el_Azios
		dyn_el_Bakirdzis.dyn_el_Bakirdzis.dyn_el_Bakirdzis.dyn_el_Bakirdzis
		dyn_el_Balafoutis.dyn_el_Balafoutis.dyn_el_Balafoutis.dyn_el_Balafoutis
		dyn_el_Balezos.dyn_el_Balezos.dyn_el_Balezos.dyn_el_Balezos
		dyn_el_Balouris.dyn_el_Balouris.dyn_el_Balouris.dyn_el_Balouris
		dyn_el_Bandaloukas.dyn_el_Bandaloukas.dyn_el_Bandaloukas.dyn_el_Bandaloukas
		dyn_el_Barraboutis.dyn_el_Barraboutis.dyn_el_Barraboutis.dyn_el_Barraboutis
		dyn_el_Batsakis.dyn_el_Batsakis.dyn_el_Batsakis.dyn_el_Batsakis
		dyn_el_Beldekas.dyn_el_Beldekas.dyn_el_Beldekas.dyn_el_Beldekas
		dyn_el_Bonazountas.dyn_el_Bonazountas.dyn_el_Bonazountas.dyn_el_Bonazountas
		dyn_el_Bordovalos.dyn_el_Bordovalos.dyn_el_Bordovalos.dyn_el_Bordovalos
		dyn_el_Botsaris.dyn_el_Botsaris.dyn_el_Botsaris.dyn_el_Botsaris
		dyn_el_Boukalis.dyn_el_Boukalis.dyn_el_Boukalis.dyn_el_Boukalis
		dyn_el_Bourekas.dyn_el_Bourekas.dyn_el_Bourekas.dyn_el_Bourekas
		dyn_el_Bourganu.dyn_el_Bourganu.dyn_el_Bourganu.dyn_el_Bourganu
		dyn_el_Bourikas.dyn_el_Bourikas.dyn_el_Bourikas.dyn_el_Bourikas
		dyn_el_Boutaris.dyn_el_Boutaris.dyn_el_Boutaris.dyn_el_Boutaris
		dyn_el_Bouzalis.dyn_el_Bouzalis.dyn_el_Bouzalis.dyn_el_Bouzalis
		dyn_el_Bouzios.dyn_el_Bouzios.dyn_el_Bouzios.dyn_el_Bouzios
		dyn_el_Brettos.dyn_el_Brettos.dyn_el_Brettos.dyn_el_Brettos
		dyn_el_Brisimitzakis.dyn_el_Brisimitzakis.dyn_el_Brisimitzakis.dyn_el_Brisimitzakis
		dyn_el_Callas.dyn_el_Callas.dyn_el_Callas.dyn_el_Callas
		dyn_el_Calogerakis.dyn_el_Calogerakis.dyn_el_Calogerakis.dyn_el_Calogerakis
		dyn_el_Camarinos.dyn_el_Camarinos.dyn_el_Camarinos.dyn_el_Camarinos
		dyn_el_Cangelaris.dyn_el_Cangelaris.dyn_el_Cangelaris.dyn_el_Cangelaris
		dyn_el_Cantakis.dyn_el_Cantakis.dyn_el_Cantakis.dyn_el_Cantakis
		dyn_el_Cappas.dyn_el_Cappas.dyn_el_Cappas.dyn_el_Cappas
		dyn_el_Caras.dyn_el_Caras.dyn_el_Caras.dyn_el_Caras
		dyn_el_Carides.dyn_el_Carides.dyn_el_Carides.dyn_el_Carides
		dyn_el_Carpanos.dyn_el_Carpanos.dyn_el_Carpanos.dyn_el_Carpanos
		dyn_el_Catranides.dyn_el_Catranides.dyn_el_Catranides.dyn_el_Catranides
		dyn_el_Catsanos.dyn_el_Catsanos.dyn_el_Catsanos.dyn_el_Catsanos
		dyn_el_Chagares.dyn_el_Chagares.dyn_el_Chagares.dyn_el_Chagares
		dyn_el_Chakiris.dyn_el_Chakiris.dyn_el_Chakiris.dyn_el_Chakiris
		dyn_el_Chatzis.dyn_el_Chatzis.dyn_el_Chatzis.dyn_el_Chatzis
		dyn_el_Chris.dyn_el_Chris.dyn_el_Chris.dyn_el_Chris
		dyn_el_Chrissochoidis.dyn_el_Chrissochoidis.dyn_el_Chrissochoidis.dyn_el_Chrissochoidis
		dyn_el_Christakis.dyn_el_Christakis.dyn_el_Christakis.dyn_el_Christakis
		dyn_el_Christakos.dyn_el_Christakos.dyn_el_Christakos.dyn_el_Christakos
		dyn_el_Christides.dyn_el_Christides.dyn_el_Christides.dyn_el_Christides
		dyn_el_Christodolou.dyn_el_Christodolou.dyn_el_Christodolou.dyn_el_Christodolou
		dyn_el_Christodoulacos.dyn_el_Christodoulacos.dyn_el_Christodoulacos.dyn_el_Christodoulacos
		dyn_el_Christodoulou.dyn_el_Christodoulou.dyn_el_Christodoulou.dyn_el_Christodoulou
		dyn_el_Christofis.dyn_el_Christofis.dyn_el_Christofis.dyn_el_Christofis
		dyn_el_Christopoulos.dyn_el_Christopoulos.dyn_el_Christopoulos.dyn_el_Christopoulos
		dyn_el_Christopoulou.dyn_el_Christopoulou.dyn_el_Christopoulou.dyn_el_Christopoulou
		dyn_el_Christos.dyn_el_Christos.dyn_el_Christos.dyn_el_Christos
		dyn_el_Christou.dyn_el_Christou.dyn_el_Christou.dyn_el_Christou
		dyn_el_Chronis.dyn_el_Chronis.dyn_el_Chronis.dyn_el_Chronis
		dyn_el_Chrysanthopoulos.dyn_el_Chrysanthopoulos.dyn_el_Chrysanthopoulos.dyn_el_Chrysanthopoulos
		dyn_el_Colakides.dyn_el_Colakides.dyn_el_Colakides.dyn_el_Colakides
		dyn_el_Conetas.dyn_el_Conetas.dyn_el_Conetas.dyn_el_Conetas
		dyn_el_Constandouros.dyn_el_Constandouros.dyn_el_Constandouros.dyn_el_Constandouros
		dyn_el_Constantine.dyn_el_Constantine.dyn_el_Constantine.dyn_el_Constantine
		dyn_el_Constantinos.dyn_el_Constantinos.dyn_el_Constantinos.dyn_el_Constantinos
		dyn_el_Contopoulos.dyn_el_Contopoulos.dyn_el_Contopoulos.dyn_el_Contopoulos
		dyn_el_Contos.dyn_el_Contos.dyn_el_Contos.dyn_el_Contos
		dyn_el_Contoyannopoulos.dyn_el_Contoyannopoulos.dyn_el_Contoyannopoulos.dyn_el_Contoyannopoulos
		dyn_el_Cosmatos.dyn_el_Cosmatos.dyn_el_Cosmatos.dyn_el_Cosmatos
		dyn_el_Cosmetatos.dyn_el_Cosmetatos.dyn_el_Cosmetatos.dyn_el_Cosmetatos
		dyn_el_Costas.dyn_el_Costas.dyn_el_Costas.dyn_el_Costas
		dyn_el_Cotsadis.dyn_el_Cotsadis.dyn_el_Cotsadis.dyn_el_Cotsadis
		dyn_el_Cotzias.dyn_el_Cotzias.dyn_el_Cotzias.dyn_el_Cotzias
		dyn_el_Coutros.dyn_el_Coutros.dyn_el_Coutros.dyn_el_Coutros
		dyn_el_Dalianis.dyn_el_Dalianis.dyn_el_Dalianis.dyn_el_Dalianis
		dyn_el_Damaskinos.dyn_el_Damaskinos.dyn_el_Damaskinos.dyn_el_Damaskinos
		dyn_el_Danas.dyn_el_Danas.dyn_el_Danas.dyn_el_Danas
		dyn_el_Dasios.dyn_el_Dasios.dyn_el_Dasios.dyn_el_Dasios
		dyn_el_Daskalakis.dyn_el_Daskalakis.dyn_el_Daskalakis.dyn_el_Daskalakis
		dyn_el_Deligiannis.dyn_el_Deligiannis.dyn_el_Deligiannis.dyn_el_Deligiannis
		dyn_el_Deligiorgis.dyn_el_Deligiorgis.dyn_el_Deligiorgis.dyn_el_Deligiorgis
		dyn_el_Delivorias.dyn_el_Delivorias.dyn_el_Delivorias.dyn_el_Delivorias
		dyn_el_Demakis.dyn_el_Demakis.dyn_el_Demakis.dyn_el_Demakis
		dyn_el_Demas.dyn_el_Demas.dyn_el_Demas.dyn_el_Demas
		dyn_el_Demataki.dyn_el_Demataki.dyn_el_Demataki.dyn_el_Demataki
		dyn_el_Demertzis.dyn_el_Demertzis.dyn_el_Demertzis.dyn_el_Demertzis
		dyn_el_Demetriou.dyn_el_Demetriou.dyn_el_Demetriou.dyn_el_Demetriou
		dyn_el_Demetrious.dyn_el_Demetrious.dyn_el_Demetrious.dyn_el_Demetrious
		dyn_el_Demopoulos.dyn_el_Demopoulos.dyn_el_Demopoulos.dyn_el_Demopoulos
		dyn_el_Demos.dyn_el_Demos.dyn_el_Demos.dyn_el_Demos
		dyn_el_Diakogeorgiou.dyn_el_Diakogeorgiou.dyn_el_Diakogeorgiou.dyn_el_Diakogeorgiou
		dyn_el_Diakoumis.dyn_el_Diakoumis.dyn_el_Diakoumis.dyn_el_Diakoumis
		dyn_el_Diamantidis.dyn_el_Diamantidis.dyn_el_Diamantidis.dyn_el_Diamantidis
		dyn_el_Diamantis.dyn_el_Diamantis.dyn_el_Diamantis.dyn_el_Diamantis
		dyn_el_Diamantopoulos.dyn_el_Diamantopoulos.dyn_el_Diamantopoulos.dyn_el_Diamantopoulos
		dyn_el_Diasakos.dyn_el_Diasakos.dyn_el_Diasakos.dyn_el_Diasakos
		dyn_el_Dimakakos.dyn_el_Dimakakos.dyn_el_Dimakakos.dyn_el_Dimakakos
		dyn_el_Dimas.dyn_el_Dimas.dyn_el_Dimas.dyn_el_Dimas
		dyn_el_Dimitrakopoulos.dyn_el_Dimitrakopoulos.dyn_el_Dimitrakopoulos.dyn_el_Dimitrakopoulos
		dyn_el_Dimitrakos.dyn_el_Dimitrakos.dyn_el_Dimitrakos.dyn_el_Dimitrakos
		dyn_el_Dimitras.dyn_el_Dimitras.dyn_el_Dimitras.dyn_el_Dimitras
		dyn_el_Dimitri.dyn_el_Dimitri.dyn_el_Dimitri.dyn_el_Dimitri
		dyn_el_Dimitrion.dyn_el_Dimitrion.dyn_el_Dimitrion.dyn_el_Dimitrion
		dyn_el_Dimitriou.dyn_el_Dimitriou.dyn_el_Dimitriou.dyn_el_Dimitriou
		dyn_el_Dimitris.dyn_el_Dimitris.dyn_el_Dimitris.dyn_el_Dimitris
		dyn_el_Dimitropoulos.dyn_el_Dimitropoulos.dyn_el_Dimitropoulos.dyn_el_Dimitropoulos
		dyn_el_Dimopoulos.dyn_el_Dimopoulos.dyn_el_Dimopoulos.dyn_el_Dimopoulos
		dyn_el_Dimopoulou.dyn_el_Dimopoulou.dyn_el_Dimopoulou.dyn_el_Dimopoulou
		dyn_el_Dimou.dyn_el_Dimou.dyn_el_Dimou.dyn_el_Dimou
		dyn_el_Dimoulakis.dyn_el_Dimoulakis.dyn_el_Dimoulakis.dyn_el_Dimoulakis
		dyn_el_Dioletis.dyn_el_Dioletis.dyn_el_Dioletis.dyn_el_Dioletis
		dyn_el_Dionisopoulos.dyn_el_Dionisopoulos.dyn_el_Dionisopoulos.dyn_el_Dionisopoulos
		dyn_el_Diplarakos.dyn_el_Diplarakos.dyn_el_Diplarakos.dyn_el_Diplarakos
		dyn_el_Dokos.dyn_el_Dokos.dyn_el_Dokos.dyn_el_Dokos
		dyn_el_Dontas.dyn_el_Dontas.dyn_el_Dontas.dyn_el_Dontas
		dyn_el_Doucas.dyn_el_Doucas.dyn_el_Doucas.dyn_el_Doucas
		dyn_el_Doukas.dyn_el_Doukas.dyn_el_Doukas.dyn_el_Doukas
		dyn_el_Doukatelis.dyn_el_Doukatelis.dyn_el_Doukatelis.dyn_el_Doukatelis
		dyn_el_Dounias.dyn_el_Dounias.dyn_el_Dounias.dyn_el_Dounias
		dyn_el_Douros.dyn_el_Douros.dyn_el_Douros.dyn_el_Douros
		dyn_el_Doxiadis.dyn_el_Doxiadis.dyn_el_Doxiadis.dyn_el_Doxiadis
		dyn_el_Drakopoulos.dyn_el_Drakopoulos.dyn_el_Drakopoulos.dyn_el_Drakopoulos
		dyn_el_Dreliozis.dyn_el_Dreliozis.dyn_el_Dreliozis.dyn_el_Dreliozis
		dyn_el_Dritsas.dyn_el_Dritsas.dyn_el_Dritsas.dyn_el_Dritsas
		dyn_el_Drivakis.dyn_el_Drivakis.dyn_el_Drivakis.dyn_el_Drivakis
		dyn_el_Drossos.dyn_el_Drossos.dyn_el_Drossos.dyn_el_Drossos
		dyn_el_Dukakis.dyn_el_Dukakis.dyn_el_Dukakis.dyn_el_Dukakis
		dyn_el_Economides.dyn_el_Economides.dyn_el_Economides.dyn_el_Economides
		dyn_el_Economopoulos.dyn_el_Economopoulos.dyn_el_Economopoulos.dyn_el_Economopoulos
		dyn_el_Economou.dyn_el_Economou.dyn_el_Economou.dyn_el_Economou
		dyn_el_Efstathiou.dyn_el_Efstathiou.dyn_el_Efstathiou.dyn_el_Efstathiou
		dyn_el_Eleftheriadis.dyn_el_Eleftheriadis.dyn_el_Eleftheriadis.dyn_el_Eleftheriadis
		dyn_el_Eleftherios.dyn_el_Eleftherios.dyn_el_Eleftherios.dyn_el_Eleftherios
		dyn_el_Eleftheriou.dyn_el_Eleftheriou.dyn_el_Eleftheriou.dyn_el_Eleftheriou
		dyn_el_Eliades.dyn_el_Eliades.dyn_el_Eliades.dyn_el_Eliades
		dyn_el_Eliopoulos.dyn_el_Eliopoulos.dyn_el_Eliopoulos.dyn_el_Eliopoulos
		dyn_el_Elipandas.dyn_el_Elipandas.dyn_el_Elipandas.dyn_el_Elipandas
		dyn_el_Evriviades.dyn_el_Evriviades.dyn_el_Evriviades.dyn_el_Evriviades
		dyn_el_Fafalios.dyn_el_Fafalios.dyn_el_Fafalios.dyn_el_Fafalios
		dyn_el_Farakos.dyn_el_Farakos.dyn_el_Farakos.dyn_el_Farakos
		dyn_el_Farmakis.dyn_el_Farmakis.dyn_el_Farmakis.dyn_el_Farmakis
		dyn_el_Fikaras.dyn_el_Fikaras.dyn_el_Fikaras.dyn_el_Fikaras
		dyn_el_Fikias.dyn_el_Fikias.dyn_el_Fikias.dyn_el_Fikias
		dyn_el_Fikioris.dyn_el_Fikioris.dyn_el_Fikioris.dyn_el_Fikioris
		dyn_el_Fikri.dyn_el_Fikri.dyn_el_Fikri.dyn_el_Fikri
		dyn_el_Filippou.dyn_el_Filippou.dyn_el_Filippou.dyn_el_Filippou
		dyn_el_Filis.dyn_el_Filis.dyn_el_Filis.dyn_el_Filis
		dyn_el_Fitrakis.dyn_el_Fitrakis.dyn_el_Fitrakis.dyn_el_Fitrakis
		dyn_el_Fitzios.dyn_el_Fitzios.dyn_el_Fitzios.dyn_el_Fitzios
		dyn_el_Flessas.dyn_el_Flessas.dyn_el_Flessas.dyn_el_Flessas
		dyn_el_Florakis.dyn_el_Florakis.dyn_el_Florakis.dyn_el_Florakis
		dyn_el_Floros.dyn_el_Floros.dyn_el_Floros.dyn_el_Floros
		dyn_el_Flytzanis.dyn_el_Flytzanis.dyn_el_Flytzanis.dyn_el_Flytzanis
		dyn_el_Forakis.dyn_el_Forakis.dyn_el_Forakis.dyn_el_Forakis
		dyn_el_Foros.dyn_el_Foros.dyn_el_Foros.dyn_el_Foros
		dyn_el_Fotiadis.dyn_el_Fotiadis.dyn_el_Fotiadis.dyn_el_Fotiadis
		dyn_el_Fotinopoulos.dyn_el_Fotinopoulos.dyn_el_Fotinopoulos.dyn_el_Fotinopoulos
		dyn_el_Fotopoulos.dyn_el_Fotopoulos.dyn_el_Fotopoulos.dyn_el_Fotopoulos
		dyn_el_Fotos.dyn_el_Fotos.dyn_el_Fotos.dyn_el_Fotos
		dyn_el_Fourakis.dyn_el_Fourakis.dyn_el_Fourakis.dyn_el_Fourakis
		dyn_el_Fragouli.dyn_el_Fragouli.dyn_el_Fragouli.dyn_el_Fragouli
		dyn_el_Frangopoulos.dyn_el_Frangopoulos.dyn_el_Frangopoulos.dyn_el_Frangopoulos
		dyn_el_Frangos.dyn_el_Frangos.dyn_el_Frangos.dyn_el_Frangos
		dyn_el_Gagari.dyn_el_Gagari.dyn_el_Gagari.dyn_el_Gagari
		dyn_el_Gaitanis.dyn_el_Gaitanis.dyn_el_Gaitanis.dyn_el_Gaitanis
		dyn_el_Gakidis.dyn_el_Gakidis.dyn_el_Gakidis.dyn_el_Gakidis
		dyn_el_Galanis.dyn_el_Galanis.dyn_el_Galanis.dyn_el_Galanis
		dyn_el_Galanopoulos.dyn_el_Galanopoulos.dyn_el_Galanopoulos.dyn_el_Galanopoulos
		dyn_el_Galitsis.dyn_el_Galitsis.dyn_el_Galitsis.dyn_el_Galitsis
		dyn_el_Gatchis.dyn_el_Gatchis.dyn_el_Gatchis.dyn_el_Gatchis
		dyn_el_Gatchopoulos.dyn_el_Gatchopoulos.dyn_el_Gatchopoulos.dyn_el_Gatchopoulos
		dyn_el_Gatsioudis.dyn_el_Gatsioudis.dyn_el_Gatsioudis.dyn_el_Gatsioudis
		dyn_el_Gatzioudis.dyn_el_Gatzioudis.dyn_el_Gatzioudis.dyn_el_Gatzioudis
		dyn_el_Gavras.dyn_el_Gavras.dyn_el_Gavras.dyn_el_Gavras
		dyn_el_Gavril.dyn_el_Gavril.dyn_el_Gavril.dyn_el_Gavril
		dyn_el_Gavrilopoulos.dyn_el_Gavrilopoulos.dyn_el_Gavrilopoulos.dyn_el_Gavrilopoulos
		dyn_el_Gazis.dyn_el_Gazis.dyn_el_Gazis.dyn_el_Gazis
		dyn_el_Gazonas.dyn_el_Gazonas.dyn_el_Gazonas.dyn_el_Gazonas
		dyn_el_Geanekos.dyn_el_Geanekos.dyn_el_Geanekos.dyn_el_Geanekos
		dyn_el_Georgakis.dyn_el_Georgakis.dyn_el_Georgakis.dyn_el_Georgakis
		dyn_el_Georgakopoulos.dyn_el_Georgakopoulos.dyn_el_Georgakopoulos.dyn_el_Georgakopoulos
		dyn_el_Georganas.dyn_el_Georganas.dyn_el_Georganas.dyn_el_Georganas
		dyn_el_Georganis.dyn_el_Georganis.dyn_el_Georganis.dyn_el_Georganis
		dyn_el_Georgas.dyn_el_Georgas.dyn_el_Georgas.dyn_el_Georgas
		dyn_el_George.dyn_el_George.dyn_el_George.dyn_el_George
		dyn_el_Georgeakopoulos.dyn_el_Georgeakopoulos.dyn_el_Georgeakopoulos.dyn_el_Georgeakopoulos
		dyn_el_Georgenes.dyn_el_Georgenes.dyn_el_Georgenes.dyn_el_Georgenes
		dyn_el_Georghiou.dyn_el_Georghiou.dyn_el_Georghiou.dyn_el_Georghiou
		dyn_el_Georgiades.dyn_el_Georgiades.dyn_el_Georgiades.dyn_el_Georgiades
		dyn_el_Georgiadi.dyn_el_Georgiadi.dyn_el_Georgiadi.dyn_el_Georgiadi
		dyn_el_Georgiadis.dyn_el_Georgiadis.dyn_el_Georgiadis.dyn_el_Georgiadis
		dyn_el_Georgiadou.dyn_el_Georgiadou.dyn_el_Georgiadou.dyn_el_Georgiadou
		dyn_el_Georgiopoulou.dyn_el_Georgiopoulou.dyn_el_Georgiopoulou.dyn_el_Georgiopoulou
		dyn_el_Georgopoulos.dyn_el_Georgopoulos.dyn_el_Georgopoulos.dyn_el_Georgopoulos
		dyn_el_Georgopoulou.dyn_el_Georgopoulou.dyn_el_Georgopoulou.dyn_el_Georgopoulou
		dyn_el_Georgousopoulos.dyn_el_Georgousopoulos.dyn_el_Georgousopoulos.dyn_el_Georgousopoulos
		dyn_el_Gerasimopoulos.dyn_el_Gerasimopoulos.dyn_el_Gerasimopoulos.dyn_el_Gerasimopoulos
		dyn_el_Ghertsos.dyn_el_Ghertsos.dyn_el_Ghertsos.dyn_el_Ghertsos
		dyn_el_Gianakis.dyn_el_Gianakis.dyn_el_Gianakis.dyn_el_Gianakis
		dyn_el_Gianakopoulos.dyn_el_Gianakopoulos.dyn_el_Gianakopoulos.dyn_el_Gianakopoulos
		dyn_el_Gianaras.dyn_el_Gianaras.dyn_el_Gianaras.dyn_el_Gianaras
		dyn_el_Giangos.dyn_el_Giangos.dyn_el_Giangos.dyn_el_Giangos
		dyn_el_Giannacopulos.dyn_el_Giannacopulos.dyn_el_Giannacopulos.dyn_el_Giannacopulos
		dyn_el_Giannakakos.dyn_el_Giannakakos.dyn_el_Giannakakos.dyn_el_Giannakakos
		dyn_el_Giannakis.dyn_el_Giannakis.dyn_el_Giannakis.dyn_el_Giannakis
		dyn_el_Giannakopoulos.dyn_el_Giannakopoulos.dyn_el_Giannakopoulos.dyn_el_Giannakopoulos
		dyn_el_Giannakopoulou.dyn_el_Giannakopoulou.dyn_el_Giannakopoulou.dyn_el_Giannakopoulou
		dyn_el_Giannakos.dyn_el_Giannakos.dyn_el_Giannakos.dyn_el_Giannakos
		dyn_el_Giannaros.dyn_el_Giannaros.dyn_el_Giannaros.dyn_el_Giannaros
		dyn_el_Giannelis.dyn_el_Giannelis.dyn_el_Giannelis.dyn_el_Giannelis
		dyn_el_Giannidis.dyn_el_Giannidis.dyn_el_Giannidis.dyn_el_Giannidis
		dyn_el_Giannioglou.dyn_el_Giannioglou.dyn_el_Giannioglou.dyn_el_Giannioglou
		dyn_el_Giannopoulos.dyn_el_Giannopoulos.dyn_el_Giannopoulos.dyn_el_Giannopoulos
		dyn_el_Giannopoulou.dyn_el_Giannopoulou.dyn_el_Giannopoulou.dyn_el_Giannopoulou
		dyn_el_Gianopoulos.dyn_el_Gianopoulos.dyn_el_Gianopoulos.dyn_el_Gianopoulos
		dyn_el_Gianoutsos.dyn_el_Gianoutsos.dyn_el_Gianoutsos.dyn_el_Gianoutsos
		dyn_el_Gidakos.dyn_el_Gidakos.dyn_el_Gidakos.dyn_el_Gidakos
		dyn_el_Giorgiou.dyn_el_Giorgiou.dyn_el_Giorgiou.dyn_el_Giorgiou
		dyn_el_Giougis.dyn_el_Giougis.dyn_el_Giougis.dyn_el_Giougis
		dyn_el_Giouzelis.dyn_el_Giouzelis.dyn_el_Giouzelis.dyn_el_Giouzelis
		dyn_el_Gizikis.dyn_el_Gizikis.dyn_el_Gizikis.dyn_el_Gizikis
		dyn_el_Gkatzoulis.dyn_el_Gkatzoulis.dyn_el_Gkatzoulis.dyn_el_Gkatzoulis
		dyn_el_Glezos.dyn_el_Glezos.dyn_el_Glezos.dyn_el_Glezos
		dyn_el_Glynatsis.dyn_el_Glynatsis.dyn_el_Glynatsis.dyn_el_Glynatsis
		dyn_el_Gogos.dyn_el_Gogos.dyn_el_Gogos.dyn_el_Gogos
		dyn_el_Gomatos.dyn_el_Gomatos.dyn_el_Gomatos.dyn_el_Gomatos
		dyn_el_Gonce.dyn_el_Gonce.dyn_el_Gonce.dyn_el_Gonce
		dyn_el_Gondicas.dyn_el_Gondicas.dyn_el_Gondicas.dyn_el_Gondicas
		dyn_el_Gonidakis.dyn_el_Gonidakis.dyn_el_Gonidakis.dyn_el_Gonidakis
		dyn_el_Gounaris.dyn_el_Gounaris.dyn_el_Gounaris.dyn_el_Gounaris
		dyn_el_Grammatakakis.dyn_el_Grammatakakis.dyn_el_Grammatakakis.dyn_el_Grammatakakis
		dyn_el_Gravari.dyn_el_Gravari.dyn_el_Gravari.dyn_el_Gravari
		dyn_el_Gregoriou.dyn_el_Gregoriou.dyn_el_Gregoriou.dyn_el_Gregoriou
		dyn_el_Gretes.dyn_el_Gretes.dyn_el_Gretes.dyn_el_Gretes
		dyn_el_Grigoriadis.dyn_el_Grigoriadis.dyn_el_Grigoriadis.dyn_el_Grigoriadis
		dyn_el_Grivas.dyn_el_Grivas.dyn_el_Grivas.dyn_el_Grivas
		dyn_el_Hadiaris.dyn_el_Hadiaris.dyn_el_Hadiaris.dyn_el_Hadiaris
		dyn_el_Hadjiyianakies.dyn_el_Hadjiyianakies.dyn_el_Hadjiyianakies.dyn_el_Hadjiyianakies
		dyn_el_Hadzilacos.dyn_el_Hadzilacos.dyn_el_Hadzilacos.dyn_el_Hadzilacos
		dyn_el_Hagias.dyn_el_Hagias.dyn_el_Hagias.dyn_el_Hagias
		dyn_el_Halkias.dyn_el_Halkias.dyn_el_Halkias.dyn_el_Halkias
		dyn_el_Hallas.dyn_el_Hallas.dyn_el_Hallas.dyn_el_Hallas
		dyn_el_Harames.dyn_el_Harames.dyn_el_Harames.dyn_el_Harames
		dyn_el_Hardouvelis.dyn_el_Hardouvelis.dyn_el_Hardouvelis.dyn_el_Hardouvelis
		dyn_el_Haritopoulos.dyn_el_Haritopoulos.dyn_el_Haritopoulos.dyn_el_Haritopoulos
		dyn_el_Haritos.dyn_el_Haritos.dyn_el_Haritos.dyn_el_Haritos
		dyn_el_Hassiotis.dyn_el_Hassiotis.dyn_el_Hassiotis.dyn_el_Hassiotis
		dyn_el_Hatzichristou.dyn_el_Hatzichristou.dyn_el_Hatzichristou.dyn_el_Hatzichristou
		dyn_el_Hatzis.dyn_el_Hatzis.dyn_el_Hatzis.dyn_el_Hatzis
		dyn_el_Hatzjiandreu.dyn_el_Hatzjiandreu.dyn_el_Hatzjiandreu.dyn_el_Hatzjiandreu
		dyn_el_Hondos.dyn_el_Hondos.dyn_el_Hondos.dyn_el_Hondos
		dyn_el_Honjas.dyn_el_Honjas.dyn_el_Honjas.dyn_el_Honjas
		dyn_el_Horiatis.dyn_el_Horiatis.dyn_el_Horiatis.dyn_el_Horiatis
		dyn_el_Houdzoumis.dyn_el_Houdzoumis.dyn_el_Houdzoumis.dyn_el_Houdzoumis
		dyn_el_Houlis.dyn_el_Houlis.dyn_el_Houlis.dyn_el_Houlis
		dyn_el_Hristopoulos.dyn_el_Hristopoulos.dyn_el_Hristopoulos.dyn_el_Hristopoulos
		dyn_el_Iatrides.dyn_el_Iatrides.dyn_el_Iatrides.dyn_el_Iatrides
		dyn_el_Iliadis.dyn_el_Iliadis.dyn_el_Iliadis.dyn_el_Iliadis
		dyn_el_Iliopoulos.dyn_el_Iliopoulos.dyn_el_Iliopoulos.dyn_el_Iliopoulos
		dyn_el_Iliopoulou.dyn_el_Iliopoulou.dyn_el_Iliopoulou.dyn_el_Iliopoulou
		dyn_el_Ioannides.dyn_el_Ioannides.dyn_el_Ioannides.dyn_el_Ioannides
		dyn_el_Ioannidis.dyn_el_Ioannidis.dyn_el_Ioannidis.dyn_el_Ioannidis
		dyn_el_Ioannidou.dyn_el_Ioannidou.dyn_el_Ioannidou.dyn_el_Ioannidou
		dyn_el_Ioannou.dyn_el_Ioannou.dyn_el_Ioannou.dyn_el_Ioannou
		dyn_el_Iymperopoulou.dyn_el_Iymperopoulou.dyn_el_Iymperopoulou.dyn_el_Iymperopoulou
		dyn_el_Janetopoulos.dyn_el_Janetopoulos.dyn_el_Janetopoulos.dyn_el_Janetopoulos
		dyn_el_Janetos.dyn_el_Janetos.dyn_el_Janetos.dyn_el_Janetos
		dyn_el_Kabitsis.dyn_el_Kabitsis.dyn_el_Kabitsis.dyn_el_Kabitsis
		dyn_el_Kachiros.dyn_el_Kachiros.dyn_el_Kachiros.dyn_el_Kachiros
		dyn_el_Kairis.dyn_el_Kairis.dyn_el_Kairis.dyn_el_Kairis
		dyn_el_Kaisaris.dyn_el_Kaisaris.dyn_el_Kaisaris.dyn_el_Kaisaris
		dyn_el_Kakavetsis.dyn_el_Kakavetsis.dyn_el_Kakavetsis.dyn_el_Kakavetsis
		dyn_el_Kaklamanakis.dyn_el_Kaklamanakis.dyn_el_Kaklamanakis.dyn_el_Kaklamanakis
		dyn_el_Kakos.dyn_el_Kakos.dyn_el_Kakos.dyn_el_Kakos
		dyn_el_Kakouris.dyn_el_Kakouris.dyn_el_Kakouris.dyn_el_Kakouris
		dyn_el_Kaladosis.dyn_el_Kaladosis.dyn_el_Kaladosis.dyn_el_Kaladosis
		dyn_el_Kalakos.dyn_el_Kalakos.dyn_el_Kalakos.dyn_el_Kalakos
		dyn_el_Kallas.dyn_el_Kallas.dyn_el_Kallas.dyn_el_Kallas
		dyn_el_Kallergis.dyn_el_Kallergis.dyn_el_Kallergis.dyn_el_Kallergis
		dyn_el_Kalogeria.dyn_el_Kalogeria.dyn_el_Kalogeria.dyn_el_Kalogeria
		dyn_el_Kalogeropoulos.dyn_el_Kalogeropoulos.dyn_el_Kalogeropoulos.dyn_el_Kalogeropoulos
		dyn_el_Kalogiannis.dyn_el_Kalogiannis.dyn_el_Kalogiannis.dyn_el_Kalogiannis
		dyn_el_Kaloxylos.dyn_el_Kaloxylos.dyn_el_Kaloxylos.dyn_el_Kaloxylos
		dyn_el_Kalvos.dyn_el_Kalvos.dyn_el_Kalvos.dyn_el_Kalvos
		dyn_el_Kanaris.dyn_el_Kanaris.dyn_el_Kanaris.dyn_el_Kanaris
		dyn_el_Kanavos.dyn_el_Kanavos.dyn_el_Kanavos.dyn_el_Kanavos
		dyn_el_Kanellopoulos.dyn_el_Kanellopoulos.dyn_el_Kanellopoulos.dyn_el_Kanellopoulos
		dyn_el_Kapataidakis.dyn_el_Kapataidakis.dyn_el_Kapataidakis.dyn_el_Kapataidakis
		dyn_el_Kaphandaris.dyn_el_Kaphandaris.dyn_el_Kaphandaris.dyn_el_Kaphandaris
		dyn_el_Kapsalis.dyn_el_Kapsalis.dyn_el_Kapsalis.dyn_el_Kapsalis
		dyn_el_Kapsimalles.dyn_el_Kapsimalles.dyn_el_Kapsimalles.dyn_el_Kapsimalles
		dyn_el_Kara.dyn_el_Kara.dyn_el_Kara.dyn_el_Kara
		dyn_el_Karabachos.dyn_el_Karabachos.dyn_el_Karabachos.dyn_el_Karabachos
		dyn_el_Karabatsos.dyn_el_Karabatsos.dyn_el_Karabatsos.dyn_el_Karabatsos
		dyn_el_Karabinis.dyn_el_Karabinis.dyn_el_Karabinis.dyn_el_Karabinis
		dyn_el_Karabinos.dyn_el_Karabinos.dyn_el_Karabinos.dyn_el_Karabinos
		dyn_el_Karabochos.dyn_el_Karabochos.dyn_el_Karabochos.dyn_el_Karabochos
		dyn_el_Karadimos.dyn_el_Karadimos.dyn_el_Karadimos.dyn_el_Karadimos
		dyn_el_Karafilis.dyn_el_Karafilis.dyn_el_Karafilis.dyn_el_Karafilis
		dyn_el_Karagentsidis.dyn_el_Karagentsidis.dyn_el_Karagentsidis.dyn_el_Karagentsidis
		dyn_el_Karageorgis.dyn_el_Karageorgis.dyn_el_Karageorgis.dyn_el_Karageorgis
		dyn_el_Karageorgos.dyn_el_Karageorgos.dyn_el_Karageorgos.dyn_el_Karageorgos
		dyn_el_Karagiannis.dyn_el_Karagiannis.dyn_el_Karagiannis.dyn_el_Karagiannis
		dyn_el_Karaglanis.dyn_el_Karaglanis.dyn_el_Karaglanis.dyn_el_Karaglanis
		dyn_el_Karagogeos.dyn_el_Karagogeos.dyn_el_Karagogeos.dyn_el_Karagogeos
		dyn_el_Karagounis.dyn_el_Karagounis.dyn_el_Karagounis.dyn_el_Karagounis
		dyn_el_Karahalios.dyn_el_Karahalios.dyn_el_Karahalios.dyn_el_Karahalios
		dyn_el_Karaiskakis.dyn_el_Karaiskakis.dyn_el_Karaiskakis.dyn_el_Karaiskakis
		dyn_el_Karakatsani.dyn_el_Karakatsani.dyn_el_Karakatsani.dyn_el_Karakatsani
		dyn_el_Karakinos.dyn_el_Karakinos.dyn_el_Karakinos.dyn_el_Karakinos
		dyn_el_Karakotsios.dyn_el_Karakotsios.dyn_el_Karakotsios.dyn_el_Karakotsios
		dyn_el_Karamanlis.dyn_el_Karamanlis.dyn_el_Karamanlis.dyn_el_Karamanlis
		dyn_el_Karameros.dyn_el_Karameros.dyn_el_Karameros.dyn_el_Karameros
		dyn_el_Karanasos.dyn_el_Karanasos.dyn_el_Karanasos.dyn_el_Karanasos
		dyn_el_Karaoulanis.dyn_el_Karaoulanis.dyn_el_Karaoulanis.dyn_el_Karaoulanis
		dyn_el_Karatossos.dyn_el_Karatossos.dyn_el_Karatossos.dyn_el_Karatossos
		dyn_el_Karavidas.dyn_el_Karavidas.dyn_el_Karavidas.dyn_el_Karavidas
		dyn_el_Kardasis.dyn_el_Kardasis.dyn_el_Kardasis.dyn_el_Kardasis
		dyn_el_Karras.dyn_el_Karras.dyn_el_Karras.dyn_el_Karras
		dyn_el_Karvelas.dyn_el_Karvelas.dyn_el_Karvelas.dyn_el_Karvelas
		dyn_el_Kasomoulis.dyn_el_Kasomoulis.dyn_el_Kasomoulis.dyn_el_Kasomoulis
		dyn_el_Katevatis.dyn_el_Katevatis.dyn_el_Katevatis.dyn_el_Katevatis
		dyn_el_Katramados.dyn_el_Katramados.dyn_el_Katramados.dyn_el_Katramados
		dyn_el_Katsafanas.dyn_el_Katsafanas.dyn_el_Katsafanas.dyn_el_Katsafanas
		dyn_el_Katsambis.dyn_el_Katsambis.dyn_el_Katsambis.dyn_el_Katsambis
		dyn_el_Katsantonis.dyn_el_Katsantonis.dyn_el_Katsantonis.dyn_el_Katsantonis
		dyn_el_Katsaros.dyn_el_Katsaros.dyn_el_Katsaros.dyn_el_Katsaros
		dyn_el_Katsiavrias.dyn_el_Katsiavrias.dyn_el_Katsiavrias.dyn_el_Katsiavrias
		dyn_el_Katsivalis.dyn_el_Katsivalis.dyn_el_Katsivalis.dyn_el_Katsivalis
		dyn_el_Katsourinis.dyn_el_Katsourinis.dyn_el_Katsourinis.dyn_el_Katsourinis
		dyn_el_Kavadas.dyn_el_Kavadas.dyn_el_Kavadas.dyn_el_Kavadas
		dyn_el_Kavouras.dyn_el_Kavouras.dyn_el_Kavouras.dyn_el_Kavouras
		dyn_el_Kefakis.dyn_el_Kefakis.dyn_el_Kefakis.dyn_el_Kefakis
		dyn_el_Kefalas.dyn_el_Kefalas.dyn_el_Kefalas.dyn_el_Kefalas
		dyn_el_Kiakidis.dyn_el_Kiakidis.dyn_el_Kiakidis.dyn_el_Kiakidis
		dyn_el_Kilaras.dyn_el_Kilaras.dyn_el_Kilaras.dyn_el_Kilaras
		dyn_el_Kiriakopoulos.dyn_el_Kiriakopoulos.dyn_el_Kiriakopoulos.dyn_el_Kiriakopoulos
		dyn_el_Kitromilides.dyn_el_Kitromilides.dyn_el_Kitromilides.dyn_el_Kitromilides
		dyn_el_Kladis.dyn_el_Kladis.dyn_el_Kladis.dyn_el_Kladis
		dyn_el_Klaras.dyn_el_Klaras.dyn_el_Klaras.dyn_el_Klaras
		dyn_el_Kofides.dyn_el_Kofides.dyn_el_Kofides.dyn_el_Kofides
		dyn_el_Kofidis.dyn_el_Kofidis.dyn_el_Kofidis.dyn_el_Kofidis
		dyn_el_Kokkali.dyn_el_Kokkali.dyn_el_Kokkali.dyn_el_Kokkali
		dyn_el_Kokkinos.dyn_el_Kokkinos.dyn_el_Kokkinos.dyn_el_Kokkinos
		dyn_el_Kokoris.dyn_el_Kokoris.dyn_el_Kokoris.dyn_el_Kokoris
		dyn_el_Kokoros.dyn_el_Kokoros.dyn_el_Kokoros.dyn_el_Kokoros
		dyn_el_Kokotis.dyn_el_Kokotis.dyn_el_Kokotis.dyn_el_Kokotis
		dyn_el_Kolettis.dyn_el_Kolettis.dyn_el_Kolettis.dyn_el_Kolettis
		dyn_el_Koliavas.dyn_el_Koliavas.dyn_el_Koliavas.dyn_el_Koliavas
		dyn_el_Kollias.dyn_el_Kollias.dyn_el_Kollias.dyn_el_Kollias
		dyn_el_Kolokotronis.dyn_el_Kolokotronis.dyn_el_Kolokotronis.dyn_el_Kolokotronis
		dyn_el_Kolovos.dyn_el_Kolovos.dyn_el_Kolovos.dyn_el_Kolovos
		dyn_el_Komvopoulos.dyn_el_Komvopoulos.dyn_el_Komvopoulos.dyn_el_Komvopoulos
		dyn_el_Kondylis.dyn_el_Kondylis.dyn_el_Kondylis.dyn_el_Kondylis
		dyn_el_Konidaris.dyn_el_Konidaris.dyn_el_Konidaris.dyn_el_Konidaris
		dyn_el_Konstantinidis.dyn_el_Konstantinidis.dyn_el_Konstantinidis.dyn_el_Konstantinidis
		dyn_el_Konstantinidou.dyn_el_Konstantinidou.dyn_el_Konstantinidou.dyn_el_Konstantinidou
		dyn_el_Konstantinou.dyn_el_Konstantinou.dyn_el_Konstantinou.dyn_el_Konstantinou
		dyn_el_Konstantopoulos.dyn_el_Konstantopoulos.dyn_el_Konstantopoulos.dyn_el_Konstantopoulos
		dyn_el_Kontoghiorghes.dyn_el_Kontoghiorghes.dyn_el_Kontoghiorghes.dyn_el_Kontoghiorghes
		dyn_el_Kontogiannis.dyn_el_Kontogiannis.dyn_el_Kontogiannis.dyn_el_Kontogiannis
		dyn_el_Kontopoulos.dyn_el_Kontopoulos.dyn_el_Kontopoulos.dyn_el_Kontopoulos
		dyn_el_Kontos.dyn_el_Kontos.dyn_el_Kontos.dyn_el_Kontos
		dyn_el_Kontostathis.dyn_el_Kontostathis.dyn_el_Kontostathis.dyn_el_Kontostathis
		dyn_el_Kontou.dyn_el_Kontou.dyn_el_Kontou.dyn_el_Kontou
		dyn_el_Kopidakis.dyn_el_Kopidakis.dyn_el_Kopidakis.dyn_el_Kopidakis
		dyn_el_Kopsas.dyn_el_Kopsas.dyn_el_Kopsas.dyn_el_Kopsas
		dyn_el_Korbas.dyn_el_Korbas.dyn_el_Korbas.dyn_el_Korbas
		dyn_el_Koryllos.dyn_el_Koryllos.dyn_el_Koryllos.dyn_el_Koryllos
		dyn_el_Koryzis.dyn_el_Koryzis.dyn_el_Koryzis.dyn_el_Koryzis
		dyn_el_Koskotas.dyn_el_Koskotas.dyn_el_Koskotas.dyn_el_Koskotas
		dyn_el_Kosmas.dyn_el_Kosmas.dyn_el_Kosmas.dyn_el_Kosmas
		dyn_el_Kosoulas.dyn_el_Kosoulas.dyn_el_Kosoulas.dyn_el_Kosoulas
		dyn_el_Kostakes.dyn_el_Kostakes.dyn_el_Kostakes.dyn_el_Kostakes
		dyn_el_Kostakis.dyn_el_Kostakis.dyn_el_Kostakis.dyn_el_Kostakis
		dyn_el_Kostanopoulos.dyn_el_Kostanopoulos.dyn_el_Kostanopoulos.dyn_el_Kostanopoulos
		dyn_el_Kostas.dyn_el_Kostas.dyn_el_Kostas.dyn_el_Kostas
		dyn_el_Kostopoulos.dyn_el_Kostopoulos.dyn_el_Kostopoulos.dyn_el_Kostopoulos
		dyn_el_Kostopoulou.dyn_el_Kostopoulou.dyn_el_Kostopoulou.dyn_el_Kostopoulou
		dyn_el_Kostovassilis.dyn_el_Kostovassilis.dyn_el_Kostovassilis.dyn_el_Kostovassilis
		dyn_el_Kostovilis.dyn_el_Kostovilis.dyn_el_Kostovilis.dyn_el_Kostovilis
		dyn_el_Kotopouli.dyn_el_Kotopouli.dyn_el_Kotopouli.dyn_el_Kotopouli
		dyn_el_Kotsiakis.dyn_el_Kotsiakis.dyn_el_Kotsiakis.dyn_el_Kotsiakis
		dyn_el_Kotsilimbis.dyn_el_Kotsilimbis.dyn_el_Kotsilimbis.dyn_el_Kotsilimbis
		dyn_el_Kotsiopoulos.dyn_el_Kotsiopoulos.dyn_el_Kotsiopoulos.dyn_el_Kotsiopoulos
		dyn_el_Kotsos.dyn_el_Kotsos.dyn_el_Kotsos.dyn_el_Kotsos
		dyn_el_Kotsovilis.dyn_el_Kotsovilis.dyn_el_Kotsovilis.dyn_el_Kotsovilis
		dyn_el_Koufos.dyn_el_Koufos.dyn_el_Koufos.dyn_el_Koufos
		dyn_el_Kouklakis.dyn_el_Kouklakis.dyn_el_Kouklakis.dyn_el_Kouklakis
		dyn_el_Kouklis.dyn_el_Kouklis.dyn_el_Kouklis.dyn_el_Kouklis
		dyn_el_Koukoudimos.dyn_el_Koukoudimos.dyn_el_Koukoudimos.dyn_el_Koukoudimos
		dyn_el_Koulaxizis.dyn_el_Koulaxizis.dyn_el_Koulaxizis.dyn_el_Koulaxizis
		dyn_el_Koulogeorge.dyn_el_Koulogeorge.dyn_el_Koulogeorge.dyn_el_Koulogeorge
		dyn_el_Koulouris.dyn_el_Koulouris.dyn_el_Koulouris.dyn_el_Koulouris
		dyn_el_Koulpasis.dyn_el_Koulpasis.dyn_el_Koulpasis.dyn_el_Koulpasis
		dyn_el_Koumaditis.dyn_el_Koumaditis.dyn_el_Koumaditis.dyn_el_Koumaditis
		dyn_el_Koumanidis.dyn_el_Koumanidis.dyn_el_Koumanidis.dyn_el_Koumanidis
		dyn_el_Koumarelos.dyn_el_Koumarelos.dyn_el_Koumarelos.dyn_el_Koumarelos
		dyn_el_Koumoundouros.dyn_el_Koumoundouros.dyn_el_Koumoundouros.dyn_el_Koumoundouros
		dyn_el_Koundouriotis.dyn_el_Koundouriotis.dyn_el_Koundouriotis.dyn_el_Koundouriotis
		dyn_el_Kountouroudas.dyn_el_Kountouroudas.dyn_el_Kountouroudas.dyn_el_Kountouroudas
		dyn_el_Kouretas.dyn_el_Kouretas.dyn_el_Kouretas.dyn_el_Kouretas
		dyn_el_Kourniakis.dyn_el_Kourniakis.dyn_el_Kourniakis.dyn_el_Kourniakis
		dyn_el_Kouropoulos.dyn_el_Kouropoulos.dyn_el_Kouropoulos.dyn_el_Kouropoulos
		dyn_el_Koutsogiannis.dyn_el_Koutsogiannis.dyn_el_Koutsogiannis.dyn_el_Koutsogiannis
		dyn_el_Koutsolioutsou.dyn_el_Koutsolioutsou.dyn_el_Koutsolioutsou.dyn_el_Koutsolioutsou
		dyn_el_Koutsopodiotis.dyn_el_Koutsopodiotis.dyn_el_Koutsopodiotis.dyn_el_Koutsopodiotis
		dyn_el_Koutsopoulos.dyn_el_Koutsopoulos.dyn_el_Koutsopoulos.dyn_el_Koutsopoulos
		dyn_el_Koutsoubous.dyn_el_Koutsoubous.dyn_el_Koutsoubous.dyn_el_Koutsoubous
		dyn_el_Kouvelas.dyn_el_Kouvelas.dyn_el_Kouvelas.dyn_el_Kouvelas
		dyn_el_Kraikos.dyn_el_Kraikos.dyn_el_Kraikos.dyn_el_Kraikos
		dyn_el_Kranidiotis.dyn_el_Kranidiotis.dyn_el_Kranidiotis.dyn_el_Kranidiotis
		dyn_el_Krekas.dyn_el_Krekas.dyn_el_Krekas.dyn_el_Krekas
		dyn_el_Kringos.dyn_el_Kringos.dyn_el_Kringos.dyn_el_Kringos
		dyn_el_Kristopoulos.dyn_el_Kristopoulos.dyn_el_Kristopoulos.dyn_el_Kristopoulos
		dyn_el_Kritikos.dyn_el_Kritikos.dyn_el_Kritikos.dyn_el_Kritikos
		dyn_el_Kritopoulos.dyn_el_Kritopoulos.dyn_el_Kritopoulos.dyn_el_Kritopoulos
		dyn_el_Ktenidis.dyn_el_Ktenidis.dyn_el_Ktenidis.dyn_el_Ktenidis
		dyn_el_Kutras.dyn_el_Kutras.dyn_el_Kutras.dyn_el_Kutras
		dyn_el_Kyriakopolous.dyn_el_Kyriakopolous.dyn_el_Kyriakopolous.dyn_el_Kyriakopolous
		dyn_el_Kyriakou.dyn_el_Kyriakou.dyn_el_Kyriakou.dyn_el_Kyriakou
		dyn_el_Kyriazis.dyn_el_Kyriazis.dyn_el_Kyriazis.dyn_el_Kyriazis
		dyn_el_Kyritsis.dyn_el_Kyritsis.dyn_el_Kyritsis.dyn_el_Kyritsis
		dyn_el_Ladas.dyn_el_Ladas.dyn_el_Ladas.dyn_el_Ladas
		dyn_el_Lagidis.dyn_el_Lagidis.dyn_el_Lagidis.dyn_el_Lagidis
		dyn_el_Lakiotis.dyn_el_Lakiotis.dyn_el_Lakiotis.dyn_el_Lakiotis
		dyn_el_Lalagos.dyn_el_Lalagos.dyn_el_Lalagos.dyn_el_Lalagos
		dyn_el_Lalas.dyn_el_Lalas.dyn_el_Lalas.dyn_el_Lalas
		dyn_el_Lambadarios.dyn_el_Lambadarios.dyn_el_Lambadarios.dyn_el_Lambadarios
		dyn_el_Lambrakis.dyn_el_Lambrakis.dyn_el_Lambrakis.dyn_el_Lambrakis
		dyn_el_Lambrinides.dyn_el_Lambrinides.dyn_el_Lambrinides.dyn_el_Lambrinides
		dyn_el_Lambrinidis.dyn_el_Lambrinidis.dyn_el_Lambrinidis.dyn_el_Lambrinidis
		dyn_el_Lambrinos.dyn_el_Lambrinos.dyn_el_Lambrinos.dyn_el_Lambrinos
		dyn_el_Lambros.dyn_el_Lambros.dyn_el_Lambros.dyn_el_Lambros
		dyn_el_Lamprou.dyn_el_Lamprou.dyn_el_Lamprou.dyn_el_Lamprou
		dyn_el_Lazaridis.dyn_el_Lazaridis.dyn_el_Lazaridis.dyn_el_Lazaridis
		dyn_el_Lefkopoulos.dyn_el_Lefkopoulos.dyn_el_Lefkopoulos.dyn_el_Lefkopoulos
		dyn_el_Lekas.dyn_el_Lekas.dyn_el_Lekas.dyn_el_Lekas
		dyn_el_Leonidis.dyn_el_Leonidis.dyn_el_Leonidis.dyn_el_Leonidis
		dyn_el_Leontarakis.dyn_el_Leontarakis.dyn_el_Leontarakis.dyn_el_Leontarakis
		dyn_el_Letsos.dyn_el_Letsos.dyn_el_Letsos.dyn_el_Letsos
		dyn_el_Liakos.dyn_el_Liakos.dyn_el_Liakos.dyn_el_Liakos
		dyn_el_Lianis.dyn_el_Lianis.dyn_el_Lianis.dyn_el_Lianis
		dyn_el_Liatos.dyn_el_Liatos.dyn_el_Liatos.dyn_el_Liatos
		dyn_el_Lillis.dyn_el_Lillis.dyn_el_Lillis.dyn_el_Lillis
		dyn_el_Limberakis.dyn_el_Limberakis.dyn_el_Limberakis.dyn_el_Limberakis
		dyn_el_Limnios.dyn_el_Limnios.dyn_el_Limnios.dyn_el_Limnios
		dyn_el_Linos.dyn_el_Linos.dyn_el_Linos.dyn_el_Linos
		dyn_el_Lipsanos.dyn_el_Lipsanos.dyn_el_Lipsanos.dyn_el_Lipsanos
		dyn_el_Livanos.dyn_el_Livanos.dyn_el_Livanos.dyn_el_Livanos
		dyn_el_Logarakis.dyn_el_Logarakis.dyn_el_Logarakis.dyn_el_Logarakis
		dyn_el_Loizides.dyn_el_Loizides.dyn_el_Loizides.dyn_el_Loizides
		dyn_el_Lolonis.dyn_el_Lolonis.dyn_el_Lolonis.dyn_el_Lolonis
		dyn_el_Lolos.dyn_el_Lolos.dyn_el_Lolos.dyn_el_Lolos
		dyn_el_Lontos.dyn_el_Lontos.dyn_el_Lontos.dyn_el_Lontos
		dyn_el_Louganis.dyn_el_Louganis.dyn_el_Louganis.dyn_el_Louganis
		dyn_el_Loukidis.dyn_el_Loukidis.dyn_el_Loukidis.dyn_el_Loukidis
		dyn_el_Loukopoulou.dyn_el_Loukopoulou.dyn_el_Loukopoulou.dyn_el_Loukopoulou
		dyn_el_Louros.dyn_el_Louros.dyn_el_Louros.dyn_el_Louros
		dyn_el_Louvaris.dyn_el_Louvaris.dyn_el_Louvaris.dyn_el_Louvaris
		dyn_el_Louverdis.dyn_el_Louverdis.dyn_el_Louverdis.dyn_el_Louverdis
		dyn_el_Lykoudis.dyn_el_Lykoudis.dyn_el_Lykoudis.dyn_el_Lykoudis
		dyn_el_Machairas.dyn_el_Machairas.dyn_el_Machairas.dyn_el_Machairas
		dyn_el_Macrakis.dyn_el_Macrakis.dyn_el_Macrakis.dyn_el_Macrakis
		dyn_el_Macridis.dyn_el_Macridis.dyn_el_Macridis.dyn_el_Macridis
		dyn_el_Maganas.dyn_el_Maganas.dyn_el_Maganas.dyn_el_Maganas
		dyn_el_Magdalinos.dyn_el_Magdalinos.dyn_el_Magdalinos.dyn_el_Magdalinos
		dyn_el_Magos.dyn_el_Magos.dyn_el_Magos.dyn_el_Magos
		dyn_el_Magoulas.dyn_el_Magoulas.dyn_el_Magoulas.dyn_el_Magoulas
		dyn_el_Maharis.dyn_el_Maharis.dyn_el_Maharis.dyn_el_Maharis
		dyn_el_Makarezos.dyn_el_Makarezos.dyn_el_Makarezos.dyn_el_Makarezos
		dyn_el_Makrides.dyn_el_Makrides.dyn_el_Makrides.dyn_el_Makrides
		dyn_el_Makrigiannis.dyn_el_Makrigiannis.dyn_el_Makrigiannis.dyn_el_Makrigiannis
		dyn_el_Makris.dyn_el_Makris.dyn_el_Makris.dyn_el_Makris
		dyn_el_Makrodimitris.dyn_el_Makrodimitris.dyn_el_Makrodimitris.dyn_el_Makrodimitris
		dyn_el_Malavazos.dyn_el_Malavazos.dyn_el_Malavazos.dyn_el_Malavazos
		dyn_el_Malihoudis.dyn_el_Malihoudis.dyn_el_Malihoudis.dyn_el_Malihoudis
		dyn_el_Mamalis.dyn_el_Mamalis.dyn_el_Mamalis.dyn_el_Mamalis
		dyn_el_Mamas.dyn_el_Mamas.dyn_el_Mamas.dyn_el_Mamas
		dyn_el_Mamoulelis.dyn_el_Mamoulelis.dyn_el_Mamoulelis.dyn_el_Mamoulelis
		dyn_el_Mandas.dyn_el_Mandas.dyn_el_Mandas.dyn_el_Mandas
		dyn_el_Mandekos.dyn_el_Mandekos.dyn_el_Mandekos.dyn_el_Mandekos
		dyn_el_Maneates.dyn_el_Maneates.dyn_el_Maneates.dyn_el_Maneates
		dyn_el_Manetas.dyn_el_Manetas.dyn_el_Manetas.dyn_el_Manetas
		dyn_el_Mangakis.dyn_el_Mangakis.dyn_el_Mangakis.dyn_el_Mangakis
		dyn_el_Maniatis.dyn_el_Maniatis.dyn_el_Maniatis.dyn_el_Maniatis
		dyn_el_Manis.dyn_el_Manis.dyn_el_Manis.dyn_el_Manis
		dyn_el_Manolakis.dyn_el_Manolakis.dyn_el_Manolakis.dyn_el_Manolakis
		dyn_el_Manos.dyn_el_Manos.dyn_el_Manos.dyn_el_Manos
		dyn_el_Manoukatakis.dyn_el_Manoukatakis.dyn_el_Manoukatakis.dyn_el_Manoukatakis
		dyn_el_Maragos.dyn_el_Maragos.dyn_el_Maragos.dyn_el_Maragos
		dyn_el_Marandos.dyn_el_Marandos.dyn_el_Marandos.dyn_el_Marandos
		dyn_el_Marangopoulos.dyn_el_Marangopoulos.dyn_el_Marangopoulos.dyn_el_Marangopoulos
		dyn_el_Margaritis.dyn_el_Margaritis.dyn_el_Margaritis.dyn_el_Margaritis
		dyn_el_Marinatos.dyn_el_Marinatos.dyn_el_Marinatos.dyn_el_Marinatos
		dyn_el_Marinos.dyn_el_Marinos.dyn_el_Marinos.dyn_el_Marinos
		dyn_el_Markakis.dyn_el_Markakis.dyn_el_Markakis.dyn_el_Markakis
		dyn_el_Markezinis.dyn_el_Markezinis.dyn_el_Markezinis.dyn_el_Markezinis
		dyn_el_Markianos.dyn_el_Markianos.dyn_el_Markianos.dyn_el_Markianos
		dyn_el_Markopoulos.dyn_el_Markopoulos.dyn_el_Markopoulos.dyn_el_Markopoulos
		dyn_el_Markou.dyn_el_Markou.dyn_el_Markou.dyn_el_Markou
		dyn_el_Markoulides.dyn_el_Markoulides.dyn_el_Markoulides.dyn_el_Markoulides
		dyn_el_Markoullides.dyn_el_Markoullides.dyn_el_Markoullides.dyn_el_Markoullides
		dyn_el_Matsoukis.dyn_el_Matsoukis.dyn_el_Matsoukis.dyn_el_Matsoukis
		dyn_el_Mavridis.dyn_el_Mavridis.dyn_el_Mavridis.dyn_el_Mavridis
		dyn_el_Mavridou.dyn_el_Mavridou.dyn_el_Mavridou.dyn_el_Mavridou
		dyn_el_Mavrogordatos.dyn_el_Mavrogordatos.dyn_el_Mavrogordatos.dyn_el_Mavrogordatos
		dyn_el_Mavrokordatos.dyn_el_Mavrokordatos.dyn_el_Mavrokordatos.dyn_el_Mavrokordatos
		dyn_el_Mavromattes.dyn_el_Mavromattes.dyn_el_Mavromattes.dyn_el_Mavromattes
		dyn_el_Mavromichalis.dyn_el_Mavromichalis.dyn_el_Mavromichalis.dyn_el_Mavromichalis
		dyn_el_Mavromikhalis.dyn_el_Mavromikhalis.dyn_el_Mavromikhalis.dyn_el_Mavromikhalis
		dyn_el_Mavronicolas.dyn_el_Mavronicolas.dyn_el_Mavronicolas.dyn_el_Mavronicolas
		dyn_el_Mavropoulos.dyn_el_Mavropoulos.dyn_el_Mavropoulos.dyn_el_Mavropoulos
		dyn_el_Mavros.dyn_el_Mavros.dyn_el_Mavros.dyn_el_Mavros
		dyn_el_Mavrostomos.dyn_el_Mavrostomos.dyn_el_Mavrostomos.dyn_el_Mavrostomos
		dyn_el_Maximos.dyn_el_Maximos.dyn_el_Maximos.dyn_el_Maximos
		dyn_el_Mehalitsenos.dyn_el_Mehalitsenos.dyn_el_Mehalitsenos.dyn_el_Mehalitsenos
		dyn_el_Meimaris.dyn_el_Meimaris.dyn_el_Meimaris.dyn_el_Meimaris
		dyn_el_Melas.dyn_el_Melas.dyn_el_Melas.dyn_el_Melas
		dyn_el_Melissanides.dyn_el_Melissanides.dyn_el_Melissanides.dyn_el_Melissanides
		dyn_el_Melissinos.dyn_el_Melissinos.dyn_el_Melissinos.dyn_el_Melissinos
		dyn_el_Melonakos.dyn_el_Melonakos.dyn_el_Melonakos.dyn_el_Melonakos
		dyn_el_Mentis.dyn_el_Mentis.dyn_el_Mentis.dyn_el_Mentis
		dyn_el_Mercouri.dyn_el_Mercouri.dyn_el_Mercouri.dyn_el_Mercouri
		dyn_el_Mersinias.dyn_el_Mersinias.dyn_el_Mersinias.dyn_el_Mersinias
		dyn_el_Mestas.dyn_el_Mestas.dyn_el_Mestas.dyn_el_Mestas
		dyn_el_Metaxas.dyn_el_Metaxas.dyn_el_Metaxas.dyn_el_Metaxas
		dyn_el_Metrofanis.dyn_el_Metrofanis.dyn_el_Metrofanis.dyn_el_Metrofanis
		dyn_el_Metropoulos.dyn_el_Metropoulos.dyn_el_Metropoulos.dyn_el_Metropoulos
		dyn_el_Michailidis.dyn_el_Michailidis.dyn_el_Michailidis.dyn_el_Michailidis
		dyn_el_Michalaras.dyn_el_Michalaras.dyn_el_Michalaras.dyn_el_Michalaras
		dyn_el_Michalis.dyn_el_Michalis.dyn_el_Michalis.dyn_el_Michalis
		dyn_el_Michalopoulos.dyn_el_Michalopoulos.dyn_el_Michalopoulos.dyn_el_Michalopoulos
		dyn_el_Mihas.dyn_el_Mihas.dyn_el_Mihas.dyn_el_Mihas
		dyn_el_Mikalis.dyn_el_Mikalis.dyn_el_Mikalis.dyn_el_Mikalis
		dyn_el_Mikhalakopoulos.dyn_el_Mikhalakopoulos.dyn_el_Mikhalakopoulos.dyn_el_Mikhalakopoulos
		dyn_el_Mikos.dyn_el_Mikos.dyn_el_Mikos.dyn_el_Mikos
		dyn_el_Milionis.dyn_el_Milionis.dyn_el_Milionis.dyn_el_Milionis
		dyn_el_Milios.dyn_el_Milios.dyn_el_Milios.dyn_el_Milios
		dyn_el_Missiakos.dyn_el_Missiakos.dyn_el_Missiakos.dyn_el_Missiakos
		dyn_el_Mitropoulos.dyn_el_Mitropoulos.dyn_el_Mitropoulos.dyn_el_Mitropoulos
		dyn_el_Mitros.dyn_el_Mitros.dyn_el_Mitros.dyn_el_Mitros
		dyn_el_Mitrou.dyn_el_Mitrou.dyn_el_Mitrou.dyn_el_Mitrou
		dyn_el_Mitsinikos.dyn_el_Mitsinikos.dyn_el_Mitsinikos.dyn_el_Mitsinikos
		dyn_el_Mitsos.dyn_el_Mitsos.dyn_el_Mitsos.dyn_el_Mitsos
		dyn_el_Mitsotakis.dyn_el_Mitsotakis.dyn_el_Mitsotakis.dyn_el_Mitsotakis
		dyn_el_Moraitopoulos.dyn_el_Moraitopoulos.dyn_el_Moraitopoulos.dyn_el_Moraitopoulos
		dyn_el_Morikis.dyn_el_Morikis.dyn_el_Morikis.dyn_el_Morikis
		dyn_el_Morphis.dyn_el_Morphis.dyn_el_Morphis.dyn_el_Morphis
		dyn_el_Moskos.dyn_el_Moskos.dyn_el_Moskos.dyn_el_Moskos
		dyn_el_Mosos.dyn_el_Mosos.dyn_el_Mosos.dyn_el_Mosos
		dyn_el_Mossos.dyn_el_Mossos.dyn_el_Mossos.dyn_el_Mossos
		dyn_el_Moumoulidis.dyn_el_Moumoulidis.dyn_el_Moumoulidis.dyn_el_Moumoulidis
		dyn_el_Moundalexis.dyn_el_Moundalexis.dyn_el_Moundalexis.dyn_el_Moundalexis
		dyn_el_Moutsopoulos.dyn_el_Moutsopoulos.dyn_el_Moutsopoulos.dyn_el_Moutsopoulos
		dyn_el_Mylonas.dyn_el_Mylonas.dyn_el_Mylonas.dyn_el_Mylonas
		dyn_el_Myron.dyn_el_Myron.dyn_el_Myron.dyn_el_Myron
		dyn_el_Mytaras.dyn_el_Mytaras.dyn_el_Mytaras.dyn_el_Mytaras
		dyn_el_Nafpliotis.dyn_el_Nafpliotis.dyn_el_Nafpliotis.dyn_el_Nafpliotis
		dyn_el_Nagos.dyn_el_Nagos.dyn_el_Nagos.dyn_el_Nagos
		dyn_el_Neonakis.dyn_el_Neonakis.dyn_el_Neonakis.dyn_el_Neonakis
		dyn_el_Niamonitos.dyn_el_Niamonitos.dyn_el_Niamonitos.dyn_el_Niamonitos
		dyn_el_Niarkhos.dyn_el_Niarkhos.dyn_el_Niarkhos.dyn_el_Niarkhos
		dyn_el_Nicas.dyn_el_Nicas.dyn_el_Nicas.dyn_el_Nicas
		dyn_el_Nicolaou.dyn_el_Nicolaou.dyn_el_Nicolaou.dyn_el_Nicolaou
		dyn_el_Nicopoulos.dyn_el_Nicopoulos.dyn_el_Nicopoulos.dyn_el_Nicopoulos
		dyn_el_Nikolaides.dyn_el_Nikolaides.dyn_el_Nikolaides.dyn_el_Nikolaides
		dyn_el_Nikolaidou.dyn_el_Nikolaidou.dyn_el_Nikolaidou.dyn_el_Nikolaidou
		dyn_el_Nikolakakos.dyn_el_Nikolakakos.dyn_el_Nikolakakos.dyn_el_Nikolakakos
		dyn_el_Nikolakopoulos.dyn_el_Nikolakopoulos.dyn_el_Nikolakopoulos.dyn_el_Nikolakopoulos
		dyn_el_Nikolaou.dyn_el_Nikolaou.dyn_el_Nikolaou.dyn_el_Nikolaou
		dyn_el_Nikolopoulos.dyn_el_Nikolopoulos.dyn_el_Nikolopoulos.dyn_el_Nikolopoulos
		dyn_el_Nikolopoulou.dyn_el_Nikolopoulou.dyn_el_Nikolopoulou.dyn_el_Nikolopoulou
		dyn_el_Onassis.dyn_el_Onassis.dyn_el_Onassis.dyn_el_Onassis
		dyn_el_Orfanos.dyn_el_Orfanos.dyn_el_Orfanos.dyn_el_Orfanos
		dyn_el_Oikonomou.dyn_el_Oikonomou.dyn_el_Oikonomou.dyn_el_Oikonomou
		dyn_el_Pagonis.dyn_el_Pagonis.dyn_el_Pagonis.dyn_el_Pagonis
		dyn_el_Pagoulatos.dyn_el_Pagoulatos.dyn_el_Pagoulatos.dyn_el_Pagoulatos
		dyn_el_Paitakes.dyn_el_Paitakes.dyn_el_Paitakes.dyn_el_Paitakes
		dyn_el_Palamas.dyn_el_Palamas.dyn_el_Palamas.dyn_el_Palamas
		dyn_el_Pallis.dyn_el_Pallis.dyn_el_Pallis.dyn_el_Pallis
		dyn_el_Paloumbas.dyn_el_Paloumbas.dyn_el_Paloumbas.dyn_el_Paloumbas
		dyn_el_Panagiatopoulos.dyn_el_Panagiatopoulos.dyn_el_Panagiatopoulos.dyn_el_Panagiatopoulos
		dyn_el_Panagiopoulou.dyn_el_Panagiopoulou.dyn_el_Panagiopoulou.dyn_el_Panagiopoulou
		dyn_el_Panagiotakis.dyn_el_Panagiotakis.dyn_el_Panagiotakis.dyn_el_Panagiotakis
		dyn_el_Panagiotidis.dyn_el_Panagiotidis.dyn_el_Panagiotidis.dyn_el_Panagiotidis
		dyn_el_Panagiotopoulou.dyn_el_Panagiotopoulou.dyn_el_Panagiotopoulou.dyn_el_Panagiotopoulou
		dyn_el_Panagiotou.dyn_el_Panagiotou.dyn_el_Panagiotou.dyn_el_Panagiotou
		dyn_el_Panagopoulos.dyn_el_Panagopoulos.dyn_el_Panagopoulos.dyn_el_Panagopoulos
		dyn_el_Panagopoulou.dyn_el_Panagopoulou.dyn_el_Panagopoulou.dyn_el_Panagopoulou
		dyn_el_Panagotacos.dyn_el_Panagotacos.dyn_el_Panagotacos.dyn_el_Panagotacos
		dyn_el_Panagou.dyn_el_Panagou.dyn_el_Panagou.dyn_el_Panagou
		dyn_el_Panagoulias.dyn_el_Panagoulias.dyn_el_Panagoulias.dyn_el_Panagoulias
		dyn_el_Panagoulis.dyn_el_Panagoulis.dyn_el_Panagoulis.dyn_el_Panagoulis
		dyn_el_Panaotis.dyn_el_Panaotis.dyn_el_Panaotis.dyn_el_Panaotis
		dyn_el_Panaretos.dyn_el_Panaretos.dyn_el_Panaretos.dyn_el_Panaretos
		dyn_el_Panas.dyn_el_Panas.dyn_el_Panas.dyn_el_Panas
		dyn_el_Panayides.dyn_el_Panayides.dyn_el_Panayides.dyn_el_Panayides
		dyn_el_Panayiotopoulos.dyn_el_Panayiotopoulos.dyn_el_Panayiotopoulos.dyn_el_Panayiotopoulos
		dyn_el_Panayiotou.dyn_el_Panayiotou.dyn_el_Panayiotou.dyn_el_Panayiotou
		dyn_el_Panetsos.dyn_el_Panetsos.dyn_el_Panetsos.dyn_el_Panetsos
		dyn_el_Pangalos.dyn_el_Pangalos.dyn_el_Pangalos.dyn_el_Pangalos
		dyn_el_Paniyiris.dyn_el_Paniyiris.dyn_el_Paniyiris.dyn_el_Paniyiris
		dyn_el_Panos.dyn_el_Panos.dyn_el_Panos.dyn_el_Panos
		dyn_el_Panou.dyn_el_Panou.dyn_el_Panou.dyn_el_Panou
		dyn_el_Panoulias.dyn_el_Panoulias.dyn_el_Panoulias.dyn_el_Panoulias
		dyn_el_Pantazis.dyn_el_Pantazis.dyn_el_Pantazis.dyn_el_Pantazis
		dyn_el_Pantelakis.dyn_el_Pantelakis.dyn_el_Pantelakis.dyn_el_Pantelakis
		dyn_el_Pantelakos.dyn_el_Pantelakos.dyn_el_Pantelakos.dyn_el_Pantelakos
		dyn_el_Pantermakis.dyn_el_Pantermakis.dyn_el_Pantermakis.dyn_el_Pantermakis
		dyn_el_Pantopoulos.dyn_el_Pantopoulos.dyn_el_Pantopoulos.dyn_el_Pantopoulos
		dyn_el_Papacalodoucas.dyn_el_Papacalodoucas.dyn_el_Papacalodoucas.dyn_el_Papacalodoucas
		dyn_el_Papachristopoulos.dyn_el_Papachristopoulos.dyn_el_Papachristopoulos.dyn_el_Papachristopoulos
		dyn_el_Papachristou.dyn_el_Papachristou.dyn_el_Papachristou.dyn_el_Papachristou
		dyn_el_Papaconstantinou.dyn_el_Papaconstantinou.dyn_el_Papaconstantinou.dyn_el_Papaconstantinou
		dyn_el_Papadakos.dyn_el_Papadakos.dyn_el_Papadakos.dyn_el_Papadakos
		dyn_el_Papadatos.dyn_el_Papadatos.dyn_el_Papadatos.dyn_el_Papadatos
		dyn_el_Papadelias.dyn_el_Papadelias.dyn_el_Papadelias.dyn_el_Papadelias
		dyn_el_Papademetriou.dyn_el_Papademetriou.dyn_el_Papademetriou.dyn_el_Papademetriou
		dyn_el_Papadias.dyn_el_Papadias.dyn_el_Papadias.dyn_el_Papadias
		dyn_el_Papadimitriou.dyn_el_Papadimitriou.dyn_el_Papadimitriou.dyn_el_Papadimitriou
		dyn_el_Papadis.dyn_el_Papadis.dyn_el_Papadis.dyn_el_Papadis
		dyn_el_Papadopoulou.dyn_el_Papadopoulou.dyn_el_Papadopoulou.dyn_el_Papadopoulou
		dyn_el_Papadopulos.dyn_el_Papadopulos.dyn_el_Papadopulos.dyn_el_Papadopulos
		dyn_el_Papaevangelou.dyn_el_Papaevangelou.dyn_el_Papaevangelou.dyn_el_Papaevangelou
		dyn_el_Papafagos.dyn_el_Papafagos.dyn_el_Papafagos.dyn_el_Papafagos
		dyn_el_Papageorgakopoulou.dyn_el_Papageorgakopoulou.dyn_el_Papageorgakopoulou.dyn_el_Papageorgakopoulou
		dyn_el_Papageorge.dyn_el_Papageorge.dyn_el_Papageorge.dyn_el_Papageorge
		dyn_el_Papageorgiou.dyn_el_Papageorgiou.dyn_el_Papageorgiou.dyn_el_Papageorgiou
		dyn_el_Papagiannis.dyn_el_Papagiannis.dyn_el_Papagiannis.dyn_el_Papagiannis
		dyn_el_Papagiannopoulos.dyn_el_Papagiannopoulos.dyn_el_Papagiannopoulos.dyn_el_Papagiannopoulos
		dyn_el_Papagos.dyn_el_Papagos.dyn_el_Papagos.dyn_el_Papagos
		dyn_el_Papaiannou.dyn_el_Papaiannou.dyn_el_Papaiannou.dyn_el_Papaiannou
		dyn_el_Papailias.dyn_el_Papailias.dyn_el_Papailias.dyn_el_Papailias
		dyn_el_Papaioannou.dyn_el_Papaioannou.dyn_el_Papaioannou.dyn_el_Papaioannou
		dyn_el_Papakonstantinou.dyn_el_Papakonstantinou.dyn_el_Papakonstantinou.dyn_el_Papakonstantinou
		dyn_el_Papakostas.dyn_el_Papakostas.dyn_el_Papakostas.dyn_el_Papakostas
		dyn_el_Papalexopoulos.dyn_el_Papalexopoulos.dyn_el_Papalexopoulos.dyn_el_Papalexopoulos
		dyn_el_Papamichelis.dyn_el_Papamichelis.dyn_el_Papamichelis.dyn_el_Papamichelis
		dyn_el_Papanastasiou.dyn_el_Papanastasiou.dyn_el_Papanastasiou.dyn_el_Papanastasiou
		dyn_el_Papandreou.dyn_el_Papandreou.dyn_el_Papandreou.dyn_el_Papandreou
		dyn_el_Papanicolau.dyn_el_Papanicolau.dyn_el_Papanicolau.dyn_el_Papanicolau
		dyn_el_Papanicoliaou.dyn_el_Papanicoliaou.dyn_el_Papanicoliaou.dyn_el_Papanicoliaou
		dyn_el_Papanikolaou.dyn_el_Papanikolaou.dyn_el_Papanikolaou.dyn_el_Papanikolaou
		dyn_el_Papanos.dyn_el_Papanos.dyn_el_Papanos.dyn_el_Papanos
		dyn_el_Papantoniou.dyn_el_Papantoniou.dyn_el_Papantoniou.dyn_el_Papantoniou
		dyn_el_Paparrigopoulos.dyn_el_Paparrigopoulos.dyn_el_Paparrigopoulos.dyn_el_Paparrigopoulos
		dyn_el_Papas.dyn_el_Papas.dyn_el_Papas.dyn_el_Papas
		dyn_el_Papasotiriou.dyn_el_Papasotiriou.dyn_el_Papasotiriou.dyn_el_Papasotiriou
		dyn_el_Papastavrou.dyn_el_Papastavrou.dyn_el_Papastavrou.dyn_el_Papastavrou
		dyn_el_Papastefan.dyn_el_Papastefan.dyn_el_Papastefan.dyn_el_Papastefan
		dyn_el_Papasthenasiou.dyn_el_Papasthenasiou.dyn_el_Papasthenasiou.dyn_el_Papasthenasiou
		dyn_el_Papatamelis.dyn_el_Papatamelis.dyn_el_Papatamelis.dyn_el_Papatamelis
		dyn_el_Papathanasiou.dyn_el_Papathanasiou.dyn_el_Papathanasiou.dyn_el_Papathanasiou
		dyn_el_Papathanassiou.dyn_el_Papathanassiou.dyn_el_Papathanassiou.dyn_el_Papathanassiou
		dyn_el_Papathemetrios.dyn_el_Papathemetrios.dyn_el_Papathemetrios.dyn_el_Papathemetrios
		dyn_el_Papatheodorou.dyn_el_Papatheodorou.dyn_el_Papatheodorou.dyn_el_Papatheodorou
		dyn_el_Papatsakonas.dyn_el_Papatsakonas.dyn_el_Papatsakonas.dyn_el_Papatsakonas
		dyn_el_Papavasiliou.dyn_el_Papavasiliou.dyn_el_Papavasiliou.dyn_el_Papavasiliou
		dyn_el_Papazoglou.dyn_el_Papazoglou.dyn_el_Papazoglou.dyn_el_Papazoglou
		dyn_el_Paphides.dyn_el_Paphides.dyn_el_Paphides.dyn_el_Paphides
		dyn_el_Papoulia.dyn_el_Papoulia.dyn_el_Papoulia.dyn_el_Papoulia
		dyn_el_Papoulias.dyn_el_Papoulias.dyn_el_Papoulias.dyn_el_Papoulias
		dyn_el_Papoulis.dyn_el_Papoulis.dyn_el_Papoulis.dyn_el_Papoulis
		dyn_el_Papoutsis.dyn_el_Papoutsis.dyn_el_Papoutsis.dyn_el_Papoutsis
		dyn_el_Pappadakis.dyn_el_Pappadakis.dyn_el_Pappadakis.dyn_el_Pappadakis
		dyn_el_Pappadopoulos.dyn_el_Pappadopoulos.dyn_el_Pappadopoulos.dyn_el_Pappadopoulos
		dyn_el_Pappageorge.dyn_el_Pappageorge.dyn_el_Pappageorge.dyn_el_Pappageorge
		dyn_el_Pappayiorgas.dyn_el_Pappayiorgas.dyn_el_Pappayiorgas.dyn_el_Pappayiorgas
		dyn_el_Paraskevopoulos.dyn_el_Paraskevopoulos.dyn_el_Paraskevopoulos.dyn_el_Paraskevopoulos
		dyn_el_Paraskevopoulou.dyn_el_Paraskevopoulou.dyn_el_Paraskevopoulou.dyn_el_Paraskevopoulou
		dyn_el_Paraskos.dyn_el_Paraskos.dyn_el_Paraskos.dyn_el_Paraskos
		dyn_el_Parastadidis.dyn_el_Parastadidis.dyn_el_Parastadidis.dyn_el_Parastadidis
		dyn_el_Paschalis.dyn_el_Paschalis.dyn_el_Paschalis.dyn_el_Paschalis
		dyn_el_Passas.dyn_el_Passas.dyn_el_Passas.dyn_el_Passas
		dyn_el_Patrakis.dyn_el_Patrakis.dyn_el_Patrakis.dyn_el_Patrakis
		dyn_el_Patras.dyn_el_Patras.dyn_el_Patras.dyn_el_Patras
		dyn_el_Patrianakos.dyn_el_Patrianakos.dyn_el_Patrianakos.dyn_el_Patrianakos
		dyn_el_Patronis.dyn_el_Patronis.dyn_el_Patronis.dyn_el_Patronis
		dyn_el_Patsatzis.dyn_el_Patsatzis.dyn_el_Patsatzis.dyn_el_Patsatzis
		dyn_el_Patselas.dyn_el_Patselas.dyn_el_Patselas.dyn_el_Patselas
		dyn_el_Pattakos.dyn_el_Pattakos.dyn_el_Pattakos.dyn_el_Pattakos
		dyn_el_Pavlakakis.dyn_el_Pavlakakis.dyn_el_Pavlakakis.dyn_el_Pavlakakis
		dyn_el_Pavlatos.dyn_el_Pavlatos.dyn_el_Pavlatos.dyn_el_Pavlatos
		dyn_el_Pavli.dyn_el_Pavli.dyn_el_Pavli.dyn_el_Pavli
		dyn_el_Pavlidis.dyn_el_Pavlidis.dyn_el_Pavlidis.dyn_el_Pavlidis
		dyn_el_Pavlidou.dyn_el_Pavlidou.dyn_el_Pavlidou.dyn_el_Pavlidou
		dyn_el_Pavlou.dyn_el_Pavlou.dyn_el_Pavlou.dyn_el_Pavlou
		dyn_el_Pefanis.dyn_el_Pefanis.dyn_el_Pefanis.dyn_el_Pefanis
		dyn_el_Pelakides.dyn_el_Pelakides.dyn_el_Pelakides.dyn_el_Pelakides
		dyn_el_Pelas.dyn_el_Pelas.dyn_el_Pelas.dyn_el_Pelas
		dyn_el_Pentzopoulos.dyn_el_Pentzopoulos.dyn_el_Pentzopoulos.dyn_el_Pentzopoulos
		dyn_el_Pepelasis.dyn_el_Pepelasis.dyn_el_Pepelasis.dyn_el_Pepelasis
		dyn_el_Perris.dyn_el_Perris.dyn_el_Perris.dyn_el_Perris
		dyn_el_Petimezas.dyn_el_Petimezas.dyn_el_Petimezas.dyn_el_Petimezas
		dyn_el_Petrakis.dyn_el_Petrakis.dyn_el_Petrakis.dyn_el_Petrakis
		dyn_el_Petrakos.dyn_el_Petrakos.dyn_el_Petrakos.dyn_el_Petrakos
		dyn_el_Petrides.dyn_el_Petrides.dyn_el_Petrides.dyn_el_Petrides
		dyn_el_Petridou.dyn_el_Petridou.dyn_el_Petridou.dyn_el_Petridou
		dyn_el_Petropoulos.dyn_el_Petropoulos.dyn_el_Petropoulos.dyn_el_Petropoulos
		dyn_el_Petropoulou.dyn_el_Petropoulou.dyn_el_Petropoulou.dyn_el_Petropoulou
		dyn_el_Petros.dyn_el_Petros.dyn_el_Petros.dyn_el_Petros
		dyn_el_Petrou.dyn_el_Petrou.dyn_el_Petrou.dyn_el_Petrou
		dyn_el_Pezas.dyn_el_Pezas.dyn_el_Pezas.dyn_el_Pezas
		dyn_el_Pezos.dyn_el_Pezos.dyn_el_Pezos.dyn_el_Pezos
		dyn_el_Philipousis.dyn_el_Philipousis.dyn_el_Philipousis.dyn_el_Philipousis
		dyn_el_Picoulas.dyn_el_Picoulas.dyn_el_Picoulas.dyn_el_Picoulas
		dyn_el_Pintzopoulos.dyn_el_Pintzopoulos.dyn_el_Pintzopoulos.dyn_el_Pintzopoulos
		dyn_el_Plevritis.dyn_el_Plevritis.dyn_el_Plevritis.dyn_el_Plevritis
		dyn_el_Polakis.dyn_el_Polakis.dyn_el_Polakis.dyn_el_Polakis
		dyn_el_Polihronakis.dyn_el_Polihronakis.dyn_el_Polihronakis.dyn_el_Polihronakis
		dyn_el_Politis.dyn_el_Politis.dyn_el_Politis.dyn_el_Politis
		dyn_el_Polychrones.dyn_el_Polychrones.dyn_el_Polychrones.dyn_el_Polychrones
		dyn_el_Polychroniadis.dyn_el_Polychroniadis.dyn_el_Polychroniadis.dyn_el_Polychroniadis
		dyn_el_Polychronopoulos.dyn_el_Polychronopoulos.dyn_el_Polychronopoulos.dyn_el_Polychronopoulos
		dyn_el_Polydorides.dyn_el_Polydorides.dyn_el_Polydorides.dyn_el_Polydorides
		dyn_el_Polydoros.dyn_el_Polydoros.dyn_el_Polydoros.dyn_el_Polydoros
		dyn_el_Polymeropoulos.dyn_el_Polymeropoulos.dyn_el_Polymeropoulos.dyn_el_Polymeropoulos
		dyn_el_Polyzos.dyn_el_Polyzos.dyn_el_Polyzos.dyn_el_Polyzos
		dyn_el_Polyzou.dyn_el_Polyzou.dyn_el_Polyzou.dyn_el_Polyzou
		dyn_el_Popotas.dyn_el_Popotas.dyn_el_Popotas.dyn_el_Popotas
		dyn_el_Porpurogenitos.dyn_el_Porpurogenitos.dyn_el_Porpurogenitos.dyn_el_Porpurogenitos
		dyn_el_Potamianos.dyn_el_Potamianos.dyn_el_Potamianos.dyn_el_Potamianos
		dyn_el_Poulakidas.dyn_el_Poulakidas.dyn_el_Poulakidas.dyn_el_Poulakidas
		dyn_el_Poulakis.dyn_el_Poulakis.dyn_el_Poulakis.dyn_el_Poulakis
		dyn_el_Pouliadis.dyn_el_Pouliadis.dyn_el_Pouliadis.dyn_el_Pouliadis
		dyn_el_Poulinakis.dyn_el_Poulinakis.dyn_el_Poulinakis.dyn_el_Poulinakis
		dyn_el_Poutous.dyn_el_Poutous.dyn_el_Poutous.dyn_el_Poutous
		dyn_el_Prassas.dyn_el_Prassas.dyn_el_Prassas.dyn_el_Prassas
		dyn_el_Pratkanis.dyn_el_Pratkanis.dyn_el_Pratkanis.dyn_el_Pratkanis
		dyn_el_Preftokis.dyn_el_Preftokis.dyn_el_Preftokis.dyn_el_Preftokis
		dyn_el_Prevalakis.dyn_el_Prevalakis.dyn_el_Prevalakis.dyn_el_Prevalakis
		dyn_el_Protopapas.dyn_el_Protopapas.dyn_el_Protopapas.dyn_el_Protopapas
		dyn_el_Protopsaltis.dyn_el_Protopsaltis.dyn_el_Protopsaltis.dyn_el_Protopsaltis
		dyn_el_Proussalidi.dyn_el_Proussalidi.dyn_el_Proussalidi.dyn_el_Proussalidi
		dyn_el_Psacharopoulos.dyn_el_Psacharopoulos.dyn_el_Psacharopoulos.dyn_el_Psacharopoulos
		dyn_el_Psaros.dyn_el_Psaros.dyn_el_Psaros.dyn_el_Psaros
		dyn_el_Psaroulakis.dyn_el_Psaroulakis.dyn_el_Psaroulakis.dyn_el_Psaroulakis
		dyn_el_Psiharis.dyn_el_Psiharis.dyn_el_Psiharis.dyn_el_Psiharis
		dyn_el_Ptohos.dyn_el_Ptohos.dyn_el_Ptohos.dyn_el_Ptohos
		dyn_el_Pulos.dyn_el_Pulos.dyn_el_Pulos.dyn_el_Pulos
		dyn_el_Rachiotis.dyn_el_Rachiotis.dyn_el_Rachiotis.dyn_el_Rachiotis
		dyn_el_Rallis.dyn_el_Rallis.dyn_el_Rallis.dyn_el_Rallis
		dyn_el_Rapsomanikis.dyn_el_Rapsomanikis.dyn_el_Rapsomanikis.dyn_el_Rapsomanikis
		dyn_el_Raptis.dyn_el_Raptis.dyn_el_Raptis.dyn_el_Raptis
		dyn_el_Razakis.dyn_el_Razakis.dyn_el_Razakis.dyn_el_Razakis
		dyn_el_Razelos.dyn_el_Razelos.dyn_el_Razelos.dyn_el_Razelos
		dyn_el_Rellis.dyn_el_Rellis.dyn_el_Rellis.dyn_el_Rellis
		dyn_el_Res.dyn_el_Res.dyn_el_Res.dyn_el_Res
		dyn_el_Rigas.dyn_el_Rigas.dyn_el_Rigas.dyn_el_Rigas
		dyn_el_Rigatos.dyn_el_Rigatos.dyn_el_Rigatos.dyn_el_Rigatos
		dyn_el_Rigopoulos.dyn_el_Rigopoulos.dyn_el_Rigopoulos.dyn_el_Rigopoulos
		dyn_el_Rizos.dyn_el_Rizos.dyn_el_Rizos.dyn_el_Rizos
		dyn_el_Romanides.dyn_el_Romanides.dyn_el_Romanides.dyn_el_Romanides
		dyn_el_Rorris.dyn_el_Rorris.dyn_el_Rorris.dyn_el_Rorris
		dyn_el_Roufanis.dyn_el_Roufanis.dyn_el_Roufanis.dyn_el_Roufanis
		dyn_el_Rousakis.dyn_el_Rousakis.dyn_el_Rousakis.dyn_el_Rousakis
		dyn_el_Rousses.dyn_el_Rousses.dyn_el_Rousses.dyn_el_Rousses
		dyn_el_Roussos.dyn_el_Roussos.dyn_el_Roussos.dyn_el_Roussos
		dyn_el_Roussou.dyn_el_Roussou.dyn_el_Roussou.dyn_el_Roussou
		dyn_el_Routsis.dyn_el_Routsis.dyn_el_Routsis.dyn_el_Routsis
		dyn_el_Rozaklis.dyn_el_Rozaklis.dyn_el_Rozaklis.dyn_el_Rozaklis
		dyn_el_Saatsakis.dyn_el_Saatsakis.dyn_el_Saatsakis.dyn_el_Saatsakis
		dyn_el_Saias.dyn_el_Saias.dyn_el_Saias.dyn_el_Saias
		dyn_el_Sakelaris.dyn_el_Sakelaris.dyn_el_Sakelaris.dyn_el_Sakelaris
		dyn_el_Sakellaridis.dyn_el_Sakellaridis.dyn_el_Sakellaridis.dyn_el_Sakellaridis
		dyn_el_Sakellariou.dyn_el_Sakellariou.dyn_el_Sakellariou.dyn_el_Sakellariou
		dyn_el_Sakis.dyn_el_Sakis.dyn_el_Sakis.dyn_el_Sakis
		dyn_el_Sakkas.dyn_el_Sakkas.dyn_el_Sakkas.dyn_el_Sakkas
		dyn_el_Sakkis.dyn_el_Sakkis.dyn_el_Sakkis.dyn_el_Sakkis
		dyn_el_Samaras.dyn_el_Samaras.dyn_el_Samaras.dyn_el_Samaras
		dyn_el_Samiotis.dyn_el_Samiotis.dyn_el_Samiotis.dyn_el_Samiotis
		dyn_el_Samos.dyn_el_Samos.dyn_el_Samos.dyn_el_Samos
		dyn_el_Sanassis.dyn_el_Sanassis.dyn_el_Sanassis.dyn_el_Sanassis
		dyn_el_Sarandakos.dyn_el_Sarandakos.dyn_el_Sarandakos.dyn_el_Sarandakos
		dyn_el_Sarantakis.dyn_el_Sarantakis.dyn_el_Sarantakis.dyn_el_Sarantakis
		dyn_el_Sarantis.dyn_el_Sarantis.dyn_el_Sarantis.dyn_el_Sarantis
		dyn_el_Sarantopoulos.dyn_el_Sarantopoulos.dyn_el_Sarantopoulos.dyn_el_Sarantopoulos
		dyn_el_Sarbanes.dyn_el_Sarbanes.dyn_el_Sarbanes.dyn_el_Sarbanes
		dyn_el_Sardzetakis.dyn_el_Sardzetakis.dyn_el_Sardzetakis.dyn_el_Sardzetakis
		dyn_el_Sargetakis.dyn_el_Sargetakis.dyn_el_Sargetakis.dyn_el_Sargetakis
		dyn_el_Sarhanis.dyn_el_Sarhanis.dyn_el_Sarhanis.dyn_el_Sarhanis
		dyn_el_Saris.dyn_el_Saris.dyn_el_Saris.dyn_el_Saris
		dyn_el_Saropoulos.dyn_el_Saropoulos.dyn_el_Saropoulos.dyn_el_Saropoulos
		dyn_el_Sarris.dyn_el_Sarris.dyn_el_Sarris.dyn_el_Sarris
		dyn_el_Savakis.dyn_el_Savakis.dyn_el_Savakis.dyn_el_Savakis
		dyn_el_Savalos.dyn_el_Savalos.dyn_el_Savalos.dyn_el_Savalos
		dyn_el_Savidis.dyn_el_Savidis.dyn_el_Savidis.dyn_el_Savidis
		dyn_el_Savvaides.dyn_el_Savvaides.dyn_el_Savvaides.dyn_el_Savvaides
		dyn_el_Savvas.dyn_el_Savvas.dyn_el_Savvas.dyn_el_Savvas
		dyn_el_Savvidis.dyn_el_Savvidis.dyn_el_Savvidis.dyn_el_Savvidis
		dyn_el_Serghis.dyn_el_Serghis.dyn_el_Serghis.dyn_el_Serghis
		dyn_el_Shinas.dyn_el_Shinas.dyn_el_Shinas.dyn_el_Shinas
		dyn_el_Siannas.dyn_el_Siannas.dyn_el_Siannas.dyn_el_Siannas
		dyn_el_Siantos.dyn_el_Siantos.dyn_el_Siantos.dyn_el_Siantos
		dyn_el_Sideris.dyn_el_Sideris.dyn_el_Sideris.dyn_el_Sideris
		dyn_el_Sidiropoulos.dyn_el_Sidiropoulos.dyn_el_Sidiropoulos.dyn_el_Sidiropoulos
		dyn_el_Sidiropoulou.dyn_el_Sidiropoulou.dyn_el_Sidiropoulou.dyn_el_Sidiropoulou
		dyn_el_Sigountos.dyn_el_Sigountos.dyn_el_Sigountos.dyn_el_Sigountos
		dyn_el_Simoulis.dyn_el_Simoulis.dyn_el_Simoulis.dyn_el_Simoulis
		dyn_el_Sioutas.dyn_el_Sioutas.dyn_el_Sioutas.dyn_el_Sioutas
		dyn_el_Siozopoulos.dyn_el_Siozopoulos.dyn_el_Siozopoulos.dyn_el_Siozopoulos
		dyn_el_Sitaras.dyn_el_Sitaras.dyn_el_Sitaras.dyn_el_Sitaras
		dyn_el_Sitilis.dyn_el_Sitilis.dyn_el_Sitilis.dyn_el_Sitilis
		dyn_el_Skalkidis.dyn_el_Skalkidis.dyn_el_Skalkidis.dyn_el_Skalkidis
		dyn_el_Skandalis.dyn_el_Skandalis.dyn_el_Skandalis.dyn_el_Skandalis
		dyn_el_Skarlatos.dyn_el_Skarlatos.dyn_el_Skarlatos.dyn_el_Skarlatos
		dyn_el_Skiotis.dyn_el_Skiotis.dyn_el_Skiotis.dyn_el_Skiotis
		dyn_el_Sklavenitis.dyn_el_Sklavenitis.dyn_el_Sklavenitis.dyn_el_Sklavenitis
		dyn_el_Skouloudis.dyn_el_Skouloudis.dyn_el_Skouloudis.dyn_el_Skouloudis
		dyn_el_Skouphas.dyn_el_Skouphas.dyn_el_Skouphas.dyn_el_Skouphas
		dyn_el_Skouras.dyn_el_Skouras.dyn_el_Skouras.dyn_el_Skouras
		dyn_el_Skouzas.dyn_el_Skouzas.dyn_el_Skouzas.dyn_el_Skouzas
		dyn_el_Softhis.dyn_el_Softhis.dyn_el_Softhis.dyn_el_Softhis
		dyn_el_Sokorelis.dyn_el_Sokorelis.dyn_el_Sokorelis.dyn_el_Sokorelis
		dyn_el_Sophoulis.dyn_el_Sophoulis.dyn_el_Sophoulis.dyn_el_Sophoulis
		dyn_el_Sordinas.dyn_el_Sordinas.dyn_el_Sordinas.dyn_el_Sordinas
		dyn_el_Sortras.dyn_el_Sortras.dyn_el_Sortras.dyn_el_Sortras
		dyn_el_Sotiriou.dyn_el_Sotiriou.dyn_el_Sotiriou.dyn_el_Sotiriou
		dyn_el_Sotiris.dyn_el_Sotiris.dyn_el_Sotiris.dyn_el_Sotiris
		dyn_el_Sotiropoulos.dyn_el_Sotiropoulos.dyn_el_Sotiropoulos.dyn_el_Sotiropoulos
		dyn_el_Sotiropoulou.dyn_el_Sotiropoulou.dyn_el_Sotiropoulou.dyn_el_Sotiropoulou
		dyn_el_Souflas.dyn_el_Souflas.dyn_el_Souflas.dyn_el_Souflas
		dyn_el_Soukis.dyn_el_Soukis.dyn_el_Soukis.dyn_el_Soukis
		dyn_el_Souris.dyn_el_Souris.dyn_el_Souris.dyn_el_Souris
		dyn_el_Sousanis.dyn_el_Sousanis.dyn_el_Sousanis.dyn_el_Sousanis
		dyn_el_Souvaltzis.dyn_el_Souvaltzis.dyn_el_Souvaltzis.dyn_el_Souvaltzis
		dyn_el_Spanos.dyn_el_Spanos.dyn_el_Spanos.dyn_el_Spanos
		dyn_el_Spanou.dyn_el_Spanou.dyn_el_Spanou.dyn_el_Spanou
		dyn_el_Spanoudis.dyn_el_Spanoudis.dyn_el_Spanoudis.dyn_el_Spanoudis
		dyn_el_Spelas.dyn_el_Spelas.dyn_el_Spelas.dyn_el_Spelas
		dyn_el_Speliopoulos.dyn_el_Speliopoulos.dyn_el_Speliopoulos.dyn_el_Speliopoulos
		dyn_el_Speronis.dyn_el_Speronis.dyn_el_Speronis.dyn_el_Speronis
		dyn_el_Spilitopoulos.dyn_el_Spilitopoulos.dyn_el_Spilitopoulos.dyn_el_Spilitopoulos
		dyn_el_Spiridakou.dyn_el_Spiridakou.dyn_el_Spiridakou.dyn_el_Spiridakou
		dyn_el_Spirodakis.dyn_el_Spirodakis.dyn_el_Spirodakis.dyn_el_Spirodakis
		dyn_el_Spiropoulos.dyn_el_Spiropoulos.dyn_el_Spiropoulos.dyn_el_Spiropoulos
		dyn_el_Spyridonidis.dyn_el_Spyridonidis.dyn_el_Spyridonidis.dyn_el_Spyridonidis
		dyn_el_Spyropoulos.dyn_el_Spyropoulos.dyn_el_Spyropoulos.dyn_el_Spyropoulos
		dyn_el_Spyropoulou.dyn_el_Spyropoulou.dyn_el_Spyropoulou.dyn_el_Spyropoulou
		dyn_el_Stagias.dyn_el_Stagias.dyn_el_Stagias.dyn_el_Stagias
		dyn_el_Stamatas.dyn_el_Stamatas.dyn_el_Stamatas.dyn_el_Stamatas
		dyn_el_Stamatelopoulos.dyn_el_Stamatelopoulos.dyn_el_Stamatelopoulos.dyn_el_Stamatelopoulos
		dyn_el_Stamatelos.dyn_el_Stamatelos.dyn_el_Stamatelos.dyn_el_Stamatelos
		dyn_el_Stamatiou.dyn_el_Stamatiou.dyn_el_Stamatiou.dyn_el_Stamatiou
		dyn_el_Stamatopoulos.dyn_el_Stamatopoulos.dyn_el_Stamatopoulos.dyn_el_Stamatopoulos
		dyn_el_Stamos.dyn_el_Stamos.dyn_el_Stamos.dyn_el_Stamos
		dyn_el_Stamou.dyn_el_Stamou.dyn_el_Stamou.dyn_el_Stamou
		dyn_el_Stasinopoulos.dyn_el_Stasinopoulos.dyn_el_Stasinopoulos.dyn_el_Stasinopoulos
		dyn_el_Stathakis.dyn_el_Stathakis.dyn_el_Stathakis.dyn_el_Stathakis
		dyn_el_Stathopoulos.dyn_el_Stathopoulos.dyn_el_Stathopoulos.dyn_el_Stathopoulos
		dyn_el_Stavrakis.dyn_el_Stavrakis.dyn_el_Stavrakis.dyn_el_Stavrakis
		dyn_el_Stavrianakis.dyn_el_Stavrianakis.dyn_el_Stavrianakis.dyn_el_Stavrianakis
		dyn_el_Stavrianos.dyn_el_Stavrianos.dyn_el_Stavrianos.dyn_el_Stavrianos
		dyn_el_Stavrides.dyn_el_Stavrides.dyn_el_Stavrides.dyn_el_Stavrides
		dyn_el_Stavropoulos.dyn_el_Stavropoulos.dyn_el_Stavropoulos.dyn_el_Stavropoulos
		dyn_el_Stavropoulou.dyn_el_Stavropoulou.dyn_el_Stavropoulou.dyn_el_Stavropoulou
		dyn_el_Stavros.dyn_el_Stavros.dyn_el_Stavros.dyn_el_Stavros
		dyn_el_Stavrou.dyn_el_Stavrou.dyn_el_Stavrou.dyn_el_Stavrou
		dyn_el_Stavroula.dyn_el_Stavroula.dyn_el_Stavroula.dyn_el_Stavroula
		dyn_el_Stefanidis.dyn_el_Stefanidis.dyn_el_Stefanidis.dyn_el_Stefanidis
		dyn_el_Stefanos.dyn_el_Stefanos.dyn_el_Stefanos.dyn_el_Stefanos
		dyn_el_Stefanou.dyn_el_Stefanou.dyn_el_Stefanou.dyn_el_Stefanou
		dyn_el_Stephanopoulos.dyn_el_Stephanopoulos.dyn_el_Stephanopoulos.dyn_el_Stephanopoulos
		dyn_el_Stephanos.dyn_el_Stephanos.dyn_el_Stephanos.dyn_el_Stephanos
		dyn_el_Stergiopoulos.dyn_el_Stergiopoulos.dyn_el_Stergiopoulos.dyn_el_Stergiopoulos
		dyn_el_Stergiou.dyn_el_Stergiou.dyn_el_Stergiou.dyn_el_Stergiou
		dyn_el_Stigas.dyn_el_Stigas.dyn_el_Stigas.dyn_el_Stigas
		dyn_el_Stournas.dyn_el_Stournas.dyn_el_Stournas.dyn_el_Stournas
		dyn_el_Strategakis.dyn_el_Strategakis.dyn_el_Strategakis.dyn_el_Strategakis
		dyn_el_Stratigos.dyn_el_Stratigos.dyn_el_Stratigos.dyn_el_Stratigos
		dyn_el_Stratis.dyn_el_Stratis.dyn_el_Stratis.dyn_el_Stratis
		dyn_el_Strilakos.dyn_el_Strilakos.dyn_el_Strilakos.dyn_el_Strilakos
		dyn_el_Stroggylis.dyn_el_Stroggylis.dyn_el_Stroggylis.dyn_el_Stroggylis
		dyn_el_Stroubakos.dyn_el_Stroubakos.dyn_el_Stroubakos.dyn_el_Stroubakos
		dyn_el_Stylianopoulos.dyn_el_Stylianopoulos.dyn_el_Stylianopoulos.dyn_el_Stylianopoulos
		dyn_el_Stylianou.dyn_el_Stylianou.dyn_el_Stylianou.dyn_el_Stylianou
		dyn_el_Suflas.dyn_el_Suflas.dyn_el_Suflas.dyn_el_Suflas
		dyn_el_Surphlis.dyn_el_Surphlis.dyn_el_Surphlis.dyn_el_Surphlis
		dyn_el_Svoronos.dyn_el_Svoronos.dyn_el_Svoronos.dyn_el_Svoronos
		dyn_el_Symiakos.dyn_el_Symiakos.dyn_el_Symiakos.dyn_el_Symiakos
		dyn_el_Syriopoulos.dyn_el_Syriopoulos.dyn_el_Syriopoulos.dyn_el_Syriopoulos
		dyn_el_Tableriou.dyn_el_Tableriou.dyn_el_Tableriou.dyn_el_Tableriou
		dyn_el_Taflambas.dyn_el_Taflambas.dyn_el_Taflambas.dyn_el_Taflambas
		dyn_el_Takes.dyn_el_Takes.dyn_el_Takes.dyn_el_Takes
		dyn_el_Talimanidis.dyn_el_Talimanidis.dyn_el_Talimanidis.dyn_el_Talimanidis
		dyn_el_Talitsikas.dyn_el_Talitsikas.dyn_el_Talitsikas.dyn_el_Talitsikas
		dyn_el_Tavoularis.dyn_el_Tavoularis.dyn_el_Tavoularis.dyn_el_Tavoularis
		dyn_el_Telis.dyn_el_Telis.dyn_el_Telis.dyn_el_Telis
		dyn_el_Terovolas.dyn_el_Terovolas.dyn_el_Terovolas.dyn_el_Terovolas
		dyn_el_Thanopoulou.dyn_el_Thanopoulou.dyn_el_Thanopoulou.dyn_el_Thanopoulou
		dyn_el_Theodorakis.dyn_el_Theodorakis.dyn_el_Theodorakis.dyn_el_Theodorakis
		dyn_el_Theodorakos.dyn_el_Theodorakos.dyn_el_Theodorakos.dyn_el_Theodorakos
		dyn_el_Theodoratos.dyn_el_Theodoratos.dyn_el_Theodoratos.dyn_el_Theodoratos
		dyn_el_Theodoridis.dyn_el_Theodoridis.dyn_el_Theodoridis.dyn_el_Theodoridis
		dyn_el_Theodoropoulos.dyn_el_Theodoropoulos.dyn_el_Theodoropoulos.dyn_el_Theodoropoulos
		dyn_el_Theodoropoulou.dyn_el_Theodoropoulou.dyn_el_Theodoropoulou.dyn_el_Theodoropoulou
		dyn_el_Theodorou.dyn_el_Theodorou.dyn_el_Theodorou.dyn_el_Theodorou
		dyn_el_Theofilopoulos.dyn_el_Theofilopoulos.dyn_el_Theofilopoulos.dyn_el_Theofilopoulos
		dyn_el_Theophilos.dyn_el_Theophilos.dyn_el_Theophilos.dyn_el_Theophilos
		dyn_el_Theotokis.dyn_el_Theotokis.dyn_el_Theotokis.dyn_el_Theotokis
		dyn_el_Thermos.dyn_el_Thermos.dyn_el_Thermos.dyn_el_Thermos
		dyn_el_Thexorthopolis.dyn_el_Thexorthopolis.dyn_el_Thexorthopolis.dyn_el_Thexorthopolis
		dyn_el_Toles.dyn_el_Toles.dyn_el_Toles.dyn_el_Toles
		dyn_el_Tomaras.dyn_el_Tomaras.dyn_el_Tomaras.dyn_el_Tomaras
		dyn_el_Tomopoulos.dyn_el_Tomopoulos.dyn_el_Tomopoulos.dyn_el_Tomopoulos
		dyn_el_Topalis.dyn_el_Topalis.dyn_el_Topalis.dyn_el_Topalis
		dyn_el_Totolos.dyn_el_Totolos.dyn_el_Totolos.dyn_el_Totolos
		dyn_el_Touchakis.dyn_el_Touchakis.dyn_el_Touchakis.dyn_el_Touchakis
		dyn_el_Toulopoulos.dyn_el_Toulopoulos.dyn_el_Toulopoulos.dyn_el_Toulopoulos
		dyn_el_Tountas.dyn_el_Tountas.dyn_el_Tountas.dyn_el_Tountas
		dyn_el_Tourna.dyn_el_Tourna.dyn_el_Tourna.dyn_el_Tourna
		dyn_el_Toutoulis.dyn_el_Toutoulis.dyn_el_Toutoulis.dyn_el_Toutoulis
		dyn_el_Trachanas.dyn_el_Trachanas.dyn_el_Trachanas.dyn_el_Trachanas
		dyn_el_Tragakes.dyn_el_Tragakes.dyn_el_Tragakes.dyn_el_Tragakes
		dyn_el_Trakatellis.dyn_el_Trakatellis.dyn_el_Trakatellis.dyn_el_Trakatellis
		dyn_el_Trampakoulos.dyn_el_Trampakoulos.dyn_el_Trampakoulos.dyn_el_Trampakoulos
		dyn_el_Triantafillou.dyn_el_Triantafillou.dyn_el_Triantafillou.dyn_el_Triantafillou
		dyn_el_Triantafyllou.dyn_el_Triantafyllou.dyn_el_Triantafyllou.dyn_el_Triantafyllou
		dyn_el_Triantis.dyn_el_Triantis.dyn_el_Triantis.dyn_el_Triantis
		dyn_el_Trikoupis.dyn_el_Trikoupis.dyn_el_Trikoupis.dyn_el_Trikoupis
		dyn_el_Tripatsas.dyn_el_Tripatsas.dyn_el_Tripatsas.dyn_el_Tripatsas
		dyn_el_Triphyllis.dyn_el_Triphyllis.dyn_el_Triphyllis.dyn_el_Triphyllis
		dyn_el_Tripodakis.dyn_el_Tripodakis.dyn_el_Tripodakis.dyn_el_Tripodakis
		dyn_el_Tsahalis.dyn_el_Tsahalis.dyn_el_Tsahalis.dyn_el_Tsahalis
		dyn_el_Tsakiris.dyn_el_Tsakiris.dyn_el_Tsakiris.dyn_el_Tsakiris
		dyn_el_Tsakonas.dyn_el_Tsakonas.dyn_el_Tsakonas.dyn_el_Tsakonas
		dyn_el_Tsakoumis.dyn_el_Tsakoumis.dyn_el_Tsakoumis.dyn_el_Tsakoumis
		dyn_el_Tsakrios.dyn_el_Tsakrios.dyn_el_Tsakrios.dyn_el_Tsakrios
		dyn_el_Tsaldaris.dyn_el_Tsaldaris.dyn_el_Tsaldaris.dyn_el_Tsaldaris
		dyn_el_Tsambourlis.dyn_el_Tsambourlis.dyn_el_Tsambourlis.dyn_el_Tsambourlis
		dyn_el_Tsamis.dyn_el_Tsamis.dyn_el_Tsamis.dyn_el_Tsamis
		dyn_el_Tsangaris.dyn_el_Tsangaris.dyn_el_Tsangaris.dyn_el_Tsangaris
		dyn_el_Tsantakis.dyn_el_Tsantakis.dyn_el_Tsantakis.dyn_el_Tsantakis
		dyn_el_Tsaousidis.dyn_el_Tsaousidis.dyn_el_Tsaousidis.dyn_el_Tsaousidis
		dyn_el_Tsardikos.dyn_el_Tsardikos.dyn_el_Tsardikos.dyn_el_Tsardikos
		dyn_el_Tsatsas.dyn_el_Tsatsas.dyn_el_Tsatsas.dyn_el_Tsatsas
		dyn_el_Tsatsos.dyn_el_Tsatsos.dyn_el_Tsatsos.dyn_el_Tsatsos
		dyn_el_Tsavdaridou.dyn_el_Tsavdaridou.dyn_el_Tsavdaridou.dyn_el_Tsavdaridou
		dyn_el_Tselikas.dyn_el_Tselikas.dyn_el_Tselikas.dyn_el_Tselikas
		dyn_el_Tselios.dyn_el_Tselios.dyn_el_Tselios.dyn_el_Tselios
		dyn_el_Tsembelis.dyn_el_Tsembelis.dyn_el_Tsembelis.dyn_el_Tsembelis
		dyn_el_Tsiakkas.dyn_el_Tsiakkas.dyn_el_Tsiakkas.dyn_el_Tsiakkas
		dyn_el_Tsiaris.dyn_el_Tsiaris.dyn_el_Tsiaris.dyn_el_Tsiaris
		dyn_el_Tsibris.dyn_el_Tsibris.dyn_el_Tsibris.dyn_el_Tsibris
		dyn_el_Tsichrintzis.dyn_el_Tsichrintzis.dyn_el_Tsichrintzis.dyn_el_Tsichrintzis
		dyn_el_Tsikouna.dyn_el_Tsikouna.dyn_el_Tsikouna.dyn_el_Tsikouna
		dyn_el_Tsimicalis.dyn_el_Tsimicalis.dyn_el_Tsimicalis.dyn_el_Tsimicalis
		dyn_el_Tsiolakoudi.dyn_el_Tsiolakoudi.dyn_el_Tsiolakoudi.dyn_el_Tsiolakoudi
		dyn_el_Tsirigolis.dyn_el_Tsirigolis.dyn_el_Tsirigolis.dyn_el_Tsirigolis
		dyn_el_Tsirimokos.dyn_el_Tsirimokos.dyn_el_Tsirimokos.dyn_el_Tsirimokos
		dyn_el_Tsokas.dyn_el_Tsokas.dyn_el_Tsokas.dyn_el_Tsokas
		dyn_el_Tsongas.dyn_el_Tsongas.dyn_el_Tsongas.dyn_el_Tsongas
		dyn_el_Tsoni.dyn_el_Tsoni.dyn_el_Tsoni.dyn_el_Tsoni
		dyn_el_Tsopelas.dyn_el_Tsopelas.dyn_el_Tsopelas.dyn_el_Tsopelas
		dyn_el_Tsouderos.dyn_el_Tsouderos.dyn_el_Tsouderos.dyn_el_Tsouderos
		dyn_el_Tsoumada.dyn_el_Tsoumada.dyn_el_Tsoumada.dyn_el_Tsoumada
		dyn_el_Tzannetakis.dyn_el_Tzannetakis.dyn_el_Tzannetakis.dyn_el_Tzannetakis
		dyn_el_Tzelepis.dyn_el_Tzelepis.dyn_el_Tzelepis.dyn_el_Tzelepis
		dyn_el_Tzivas.dyn_el_Tzivas.dyn_el_Tzivas.dyn_el_Tzivas
		dyn_el_Vadeki.dyn_el_Vadeki.dyn_el_Vadeki.dyn_el_Vadeki
		dyn_el_Vaitsos.dyn_el_Vaitsos.dyn_el_Vaitsos.dyn_el_Vaitsos
		dyn_el_Vakirtzis.dyn_el_Vakirtzis.dyn_el_Vakirtzis.dyn_el_Vakirtzis
		dyn_el_Vakros.dyn_el_Vakros.dyn_el_Vakros.dyn_el_Vakros
		dyn_el_Valaoritis.dyn_el_Valaoritis.dyn_el_Valaoritis.dyn_el_Valaoritis
		dyn_el_Valasellis.dyn_el_Valasellis.dyn_el_Valasellis.dyn_el_Valasellis
		dyn_el_Valkanas.dyn_el_Valkanas.dyn_el_Valkanas.dyn_el_Valkanas
		dyn_el_Vamvakidis.dyn_el_Vamvakidis.dyn_el_Vamvakidis.dyn_el_Vamvakidis
		dyn_el_Vaphiadis.dyn_el_Vaphiadis.dyn_el_Vaphiadis.dyn_el_Vaphiadis
		dyn_el_Vardakas.dyn_el_Vardakas.dyn_el_Vardakas.dyn_el_Vardakas
		dyn_el_Vardakastanis.dyn_el_Vardakastanis.dyn_el_Vardakastanis.dyn_el_Vardakastanis
		dyn_el_Vardoulakis.dyn_el_Vardoulakis.dyn_el_Vardoulakis.dyn_el_Vardoulakis
		dyn_el_Varvaressos.dyn_el_Varvaressos.dyn_el_Varvaressos.dyn_el_Varvaressos
		dyn_el_Varvitsiotes.dyn_el_Varvitsiotes.dyn_el_Varvitsiotes.dyn_el_Varvitsiotes
		dyn_el_Vasdeki.dyn_el_Vasdeki.dyn_el_Vasdeki.dyn_el_Vasdeki
		dyn_el_Vasdekis.dyn_el_Vasdekis.dyn_el_Vasdekis.dyn_el_Vasdekis
		dyn_el_Vasil.dyn_el_Vasil.dyn_el_Vasil.dyn_el_Vasil
		dyn_el_Vasilakis.dyn_el_Vasilakis.dyn_el_Vasilakis.dyn_el_Vasilakis
		dyn_el_Vasilas.dyn_el_Vasilas.dyn_el_Vasilas.dyn_el_Vasilas
		dyn_el_Vasileiou.dyn_el_Vasileiou.dyn_el_Vasileiou.dyn_el_Vasileiou
		dyn_el_Vasiliadis.dyn_el_Vasiliadis.dyn_el_Vasiliadis.dyn_el_Vasiliadis
		dyn_el_Vasiliou.dyn_el_Vasiliou.dyn_el_Vasiliou.dyn_el_Vasiliou
		dyn_el_Vasilopoulos.dyn_el_Vasilopoulos.dyn_el_Vasilopoulos.dyn_el_Vasilopoulos
		dyn_el_Vassiliadis.dyn_el_Vassiliadis.dyn_el_Vassiliadis.dyn_el_Vassiliadis
		dyn_el_Vassilides.dyn_el_Vassilides.dyn_el_Vassilides.dyn_el_Vassilides
		dyn_el_Vassiliou.dyn_el_Vassiliou.dyn_el_Vassiliou.dyn_el_Vassiliou
		dyn_el_Vassilopoulos.dyn_el_Vassilopoulos.dyn_el_Vassilopoulos.dyn_el_Vassilopoulos
		dyn_el_Vastakis.dyn_el_Vastakis.dyn_el_Vastakis.dyn_el_Vastakis
		dyn_el_Vatatzes.dyn_el_Vatatzes.dyn_el_Vatatzes.dyn_el_Vatatzes
		dyn_el_Vavourakis.dyn_el_Vavourakis.dyn_el_Vavourakis.dyn_el_Vavourakis
		dyn_el_Velissaropoulos.dyn_el_Velissaropoulos.dyn_el_Velissaropoulos.dyn_el_Velissaropoulos
		dyn_el_Veloukhiotis.dyn_el_Veloukhiotis.dyn_el_Veloukhiotis.dyn_el_Veloukhiotis
		dyn_el_Veremis.dyn_el_Veremis.dyn_el_Veremis.dyn_el_Veremis
		dyn_el_Vergopoulos.dyn_el_Vergopoulos.dyn_el_Vergopoulos.dyn_el_Vergopoulos
		dyn_el_Veriopoulos.dyn_el_Veriopoulos.dyn_el_Veriopoulos.dyn_el_Veriopoulos
		dyn_el_Violakis.dyn_el_Violakis.dyn_el_Violakis.dyn_el_Violakis
		dyn_el_Vlachos.dyn_el_Vlachos.dyn_el_Vlachos.dyn_el_Vlachos
		dyn_el_Vlachou.dyn_el_Vlachou.dyn_el_Vlachou.dyn_el_Vlachou
		dyn_el_Vlachoutsicos.dyn_el_Vlachoutsicos.dyn_el_Vlachoutsicos.dyn_el_Vlachoutsicos
		dyn_el_Vlakhos.dyn_el_Vlakhos.dyn_el_Vlakhos.dyn_el_Vlakhos
		dyn_el_Vlakhou.dyn_el_Vlakhou.dyn_el_Vlakhou.dyn_el_Vlakhou
		dyn_el_Volakis.dyn_el_Volakis.dyn_el_Volakis.dyn_el_Volakis
		dyn_el_Vossos.dyn_el_Vossos.dyn_el_Vossos.dyn_el_Vossos
		dyn_el_Voudouris.dyn_el_Voudouris.dyn_el_Voudouris.dyn_el_Voudouris
		dyn_el_Voulgaris.dyn_el_Voulgaris.dyn_el_Voulgaris.dyn_el_Voulgaris
		dyn_el_Vourlis.dyn_el_Vourlis.dyn_el_Vourlis.dyn_el_Vourlis
		dyn_el_Voutira.dyn_el_Voutira.dyn_el_Voutira.dyn_el_Voutira
		dyn_el_Voutsas.dyn_el_Voutsas.dyn_el_Voutsas.dyn_el_Voutsas
		dyn_el_Vouyoukilis.dyn_el_Vouyoukilis.dyn_el_Vouyoukilis.dyn_el_Vouyoukilis
		dyn_el_Vozoras.dyn_el_Vozoras.dyn_el_Vozoras.dyn_el_Vozoras
		dyn_el_Vrettos.dyn_el_Vrettos.dyn_el_Vrettos.dyn_el_Vrettos
		dyn_el_Vrionis.dyn_el_Vrionis.dyn_el_Vrionis.dyn_el_Vrionis
		dyn_el_Vrotsis.dyn_el_Vrotsis.dyn_el_Vrotsis.dyn_el_Vrotsis
		dyn_el_Vrotsos.dyn_el_Vrotsos.dyn_el_Vrotsos.dyn_el_Vrotsos
		dyn_el_Xanthos.dyn_el_Xanthos.dyn_el_Xanthos.dyn_el_Xanthos
		dyn_el_Xanthou.dyn_el_Xanthou.dyn_el_Xanthou.dyn_el_Xanthou
		dyn_el_Xenakes.dyn_el_Xenakes.dyn_el_Xenakes.dyn_el_Xenakes
		dyn_el_Xenakis.dyn_el_Xenakis.dyn_el_Xenakis.dyn_el_Xenakis
		dyn_el_Xenos.dyn_el_Xenos.dyn_el_Xenos.dyn_el_Xenos
		dyn_el_Xirafis.dyn_el_Xirafis.dyn_el_Xirafis.dyn_el_Xirafis
		dyn_el_Xydis.dyn_el_Xydis.dyn_el_Xydis.dyn_el_Xydis
		dyn_el_Yanakakis.dyn_el_Yanakakis.dyn_el_Yanakakis.dyn_el_Yanakakis
		dyn_el_Yannakis.dyn_el_Yannakis.dyn_el_Yannakis.dyn_el_Yannakis
		dyn_el_Yannas.dyn_el_Yannas.dyn_el_Yannas.dyn_el_Yannas
		dyn_el_Yannopoulos.dyn_el_Yannopoulos.dyn_el_Yannopoulos.dyn_el_Yannopoulos
		dyn_el_Yantsios.dyn_el_Yantsios.dyn_el_Yantsios.dyn_el_Yantsios
		dyn_el_Yeroulanos.dyn_el_Yeroulanos.dyn_el_Yeroulanos.dyn_el_Yeroulanos
		dyn_el_Yfantis.dyn_el_Yfantis.dyn_el_Yfantis.dyn_el_Yfantis
		dyn_el_Yialouris.dyn_el_Yialouris.dyn_el_Yialouris.dyn_el_Yialouris
		dyn_el_Ypsilantis.dyn_el_Ypsilantis.dyn_el_Ypsilantis.dyn_el_Ypsilantis
		dyn_el_Zafiropoulos.dyn_el_Zafiropoulos.dyn_el_Zafiropoulos.dyn_el_Zafiropoulos
		dyn_el_Zahakis.dyn_el_Zahakis.dyn_el_Zahakis.dyn_el_Zahakis
		dyn_el_Zakhariadis.dyn_el_Zakhariadis.dyn_el_Zakhariadis.dyn_el_Zakhariadis
		dyn_el_Zarikos.dyn_el_Zarikos.dyn_el_Zarikos.dyn_el_Zarikos
		dyn_el_Zavos.dyn_el_Zavos.dyn_el_Zavos.dyn_el_Zavos
		dyn_el_Zemenides.dyn_el_Zemenides.dyn_el_Zemenides.dyn_el_Zemenides
		dyn_el_Zenakes.dyn_el_Zenakes.dyn_el_Zenakes.dyn_el_Zenakes
		dyn_el_Zengos.dyn_el_Zengos.dyn_el_Zengos.dyn_el_Zengos
		dyn_el_Zenos.dyn_el_Zenos.dyn_el_Zenos.dyn_el_Zenos
		dyn_el_Ziembekakis.dyn_el_Ziembekakis.dyn_el_Ziembekakis.dyn_el_Ziembekakis
		dyn_el_Zikos.dyn_el_Zikos.dyn_el_Zikos.dyn_el_Zikos
		dyn_el_Zogopoulos.dyn_el_Zogopoulos.dyn_el_Zogopoulos.dyn_el_Zogopoulos
		dyn_el_Zografos.dyn_el_Zografos.dyn_el_Zografos.dyn_el_Zografos
		dyn_el_Zomopoulos.dyn_el_Zomopoulos.dyn_el_Zomopoulos.dyn_el_Zomopoulos
		dyn_el_Zorbas.dyn_el_Zorbas.dyn_el_Zorbas.dyn_el_Zorbas
		dyn_el_Zouvelekis.dyn_el_Zouvelekis.dyn_el_Zouvelekis.dyn_el_Zouvelekis
		dyn_el_Zuliamis.dyn_el_Zuliamis.dyn_el_Zuliamis.dyn_el_Zuliamis
	}

	culture = {
		greek = {}
		pontic = {}
		tsakonian = {}
	}
	
	barbarian_names = { GREEK }
	
	graphical_culture = western_1815_gfx
	
	ethnicities = {
		10 = western
	}	
}