jurchen = {
	color = hsv { 0.9  0.9  0.1 }

	male_names = {
		mnc_Aguda mnc_Ahacu mnc_Atai mnc_Bahai mnc_Baindari mnc_Bugan
		mnc_Bujantai mnc_BukU_ri mnc_Buyan mnc_Cinggiyanu mnc_Cirgani mnc_Cukungge
		mnc_CungS_an mnc_Darhan mnc_Fanca mnc_FiyanggU_ mnc_Fuman mnc_Giocangga
		mnc_Hanpu mnc_Helibo mnc_Hurhan mnc_Jintaiji mnc_Kesina mnc_Limanchu
		mnc_Mantai mnc_Menggebulu mnc_Minggatu mnc_MO_ngke mnc_Narimbulu mnc_Nikan
		mnc_Nurhaci mnc_Pochishu mnc_Shilu mnc_Sibeoci mnc_Singgen mnc_Sirke mnc_Suike
		mnc_S_igiyanu mnc_Taicu mnc_Taksi mnc_Tolo mnc_UlhU_da mnc_Wailan mnc_Wangginu
		mnc_Wangji mnc_Wugunai mnc_Wulu mnc_Wuyashu mnc_Yangginu mnc_Yingge
		mnc_YongS_on
	}
	female_names = {
		Fen Jian Wen Hejing Hejia Zhuangjing Naryiaana Aiyyna Kydaana Tuskulaana Khaarchaana Temulen Borte Mandukhai Samar Zaufishan MonggoJerjer HahanaJacing
	}
	family = {
		dyn_mnc_Aangang.dyn_mnc_Aangang.dyn_mnc_Aangang.dyn_mnc_Aangang
		dyn_mnc_Acigecalr.dyn_mnc_Acigecalr.dyn_mnc_Acigecalr.dyn_mnc_Acigecalr
		dyn_mnc_Aha_Gioro.dyn_mnc_Aha_Gioro.dyn_mnc_Aha_Gioro.dyn_mnc_Aha_Gioro
		dyn_mnc_Aihui.dyn_mnc_Aihui.dyn_mnc_Aihui.dyn_mnc_Aihui
		dyn_mnc_Aisin_Gioro.dyn_mnc_Aisin_Gioro.dyn_mnc_Aisin_Gioro.dyn_mnc_Aisin_Gioro
		dyn_mnc_Aiyi.dyn_mnc_Aiyi.dyn_mnc_Aiyi.dyn_mnc_Aiyi
		dyn_mnc_Aiyos.dyn_mnc_Aiyos.dyn_mnc_Aiyos.dyn_mnc_Aiyos
		dyn_mnc_Akjan.dyn_mnc_Akjan.dyn_mnc_Akjan.dyn_mnc_Akjan
		dyn_mnc_Ala.dyn_mnc_Ala.dyn_mnc_Ala.dyn_mnc_Ala
		dyn_mnc_Alai.dyn_mnc_Alai.dyn_mnc_Alai.dyn_mnc_Alai
		dyn_mnc_Alar.dyn_mnc_Alar.dyn_mnc_Alar.dyn_mnc_Alar
		dyn_mnc_Albaki.dyn_mnc_Albaki.dyn_mnc_Albaki.dyn_mnc_Albaki
		dyn_mnc_Altanemok.dyn_mnc_Altanemok.dyn_mnc_Altanemok.dyn_mnc_Altanemok
		dyn_mnc_Alte.dyn_mnc_Alte.dyn_mnc_Alte.dyn_mnc_Alte
		dyn_mnc_Amuharnu.dyn_mnc_Amuharnu.dyn_mnc_Amuharnu.dyn_mnc_Amuharnu
		dyn_mnc_Amunibutas.dyn_mnc_Amunibutas.dyn_mnc_Amunibutas.dyn_mnc_Amunibutas
		dyn_mnc_Amuru.dyn_mnc_Amuru.dyn_mnc_Amuru.dyn_mnc_Amuru
		dyn_mnc_Andara.dyn_mnc_Andara.dyn_mnc_Andara.dyn_mnc_Andara
		dyn_mnc_Angiya.dyn_mnc_Angiya.dyn_mnc_Angiya.dyn_mnc_Angiya
		dyn_mnc_Aogiya.dyn_mnc_Aogiya.dyn_mnc_Aogiya.dyn_mnc_Aogiya
		dyn_mnc_Aora.dyn_mnc_Aora.dyn_mnc_Aora.dyn_mnc_Aora
		dyn_mnc_Aoratosin.dyn_mnc_Aoratosin.dyn_mnc_Aoratosin.dyn_mnc_Aoratosin
		dyn_mnc_Arabiancian.dyn_mnc_Arabiancian.dyn_mnc_Arabiancian.dyn_mnc_Arabiancian
		dyn_mnc_Arakcou.dyn_mnc_Arakcou.dyn_mnc_Arakcou.dyn_mnc_Arakcou
		dyn_mnc_Arakta.dyn_mnc_Arakta.dyn_mnc_Arakta.dyn_mnc_Arakta
		dyn_mnc_Arbentcang.dyn_mnc_Arbentcang.dyn_mnc_Arbentcang.dyn_mnc_Arbentcang
		dyn_mnc_Arbu.dyn_mnc_Arbu.dyn_mnc_Arbu.dyn_mnc_Arbu
		dyn_mnc_Ardan.dyn_mnc_Ardan.dyn_mnc_Ardan.dyn_mnc_Ardan
		dyn_mnc_Argi.dyn_mnc_Argi.dyn_mnc_Argi.dyn_mnc_Argi
		dyn_mnc_Ariha.dyn_mnc_Ariha.dyn_mnc_Ariha.dyn_mnc_Ariha
		dyn_mnc_Arla.dyn_mnc_Arla.dyn_mnc_Arla.dyn_mnc_Arla
		dyn_mnc_Artas.dyn_mnc_Artas.dyn_mnc_Artas.dyn_mnc_Artas
		dyn_mnc_Aru.dyn_mnc_Aru.dyn_mnc_Aru.dyn_mnc_Aru
		dyn_mnc_Arurote.dyn_mnc_Arurote.dyn_mnc_Arurote.dyn_mnc_Arurote
		dyn_mnc_Arute.dyn_mnc_Arute.dyn_mnc_Arute.dyn_mnc_Arute
		dyn_mnc_Asuke.dyn_mnc_Asuke.dyn_mnc_Asuke.dyn_mnc_Asuke
		dyn_mnc_Asute.dyn_mnc_Asute.dyn_mnc_Asute.dyn_mnc_Asute
		dyn_mnc_Atamu.dyn_mnc_Atamu.dyn_mnc_Atamu.dyn_mnc_Atamu
		dyn_mnc_Aturamo.dyn_mnc_Aturamo.dyn_mnc_Aturamo.dyn_mnc_Aturamo
		dyn_mnc_Ayan_Gioro.dyn_mnc_Ayan_Gioro.dyn_mnc_Ayan_Gioro.dyn_mnc_Ayan_Gioro
		dyn_mnc_Ayantatar.dyn_mnc_Ayantatar.dyn_mnc_Ayantatar.dyn_mnc_Ayantatar
		dyn_mnc_Ba.dyn_mnc_Ba.dyn_mnc_Ba.dyn_mnc_Ba
		dyn_mnc_Bagiri.dyn_mnc_Bagiri.dyn_mnc_Bagiri.dyn_mnc_Bagiri
		dyn_mnc_Bai.dyn_mnc_Bai.dyn_mnc_Bai.dyn_mnc_Bai
		dyn_mnc_Bai1.dyn_mnc_Bai1.dyn_mnc_Bai1.dyn_mnc_Bai1
		dyn_mnc_Baica.dyn_mnc_Baica.dyn_mnc_Baica.dyn_mnc_Baica
		dyn_mnc_Baican.dyn_mnc_Baican.dyn_mnc_Baican.dyn_mnc_Baican
		dyn_mnc_Baidar.dyn_mnc_Baidar.dyn_mnc_Baidar.dyn_mnc_Baidar
		dyn_mnc_Baidu.dyn_mnc_Baidu.dyn_mnc_Baidu.dyn_mnc_Baidu
		dyn_mnc_Baige.dyn_mnc_Baige.dyn_mnc_Baige.dyn_mnc_Baige
		dyn_mnc_Baigiya.dyn_mnc_Baigiya.dyn_mnc_Baigiya.dyn_mnc_Baigiya
		dyn_mnc_Baigiyara.dyn_mnc_Baigiyara.dyn_mnc_Baigiyara.dyn_mnc_Baigiyara
		dyn_mnc_Baijin.dyn_mnc_Baijin.dyn_mnc_Baijin.dyn_mnc_Baijin
		dyn_mnc_Baksang.dyn_mnc_Baksang.dyn_mnc_Baksang.dyn_mnc_Baksang
		dyn_mnc_Barda.dyn_mnc_Barda.dyn_mnc_Barda.dyn_mnc_Barda
		dyn_mnc_Bari.dyn_mnc_Bari.dyn_mnc_Bari.dyn_mnc_Bari
		dyn_mnc_Barin.dyn_mnc_Barin.dyn_mnc_Barin.dyn_mnc_Barin
		dyn_mnc_Barra.dyn_mnc_Barra.dyn_mnc_Barra.dyn_mnc_Barra
		dyn_mnc_Barut.dyn_mnc_Barut.dyn_mnc_Barut.dyn_mnc_Barut
		dyn_mnc_Basun.dyn_mnc_Basun.dyn_mnc_Basun.dyn_mnc_Basun
		dyn_mnc_Bayak.dyn_mnc_Bayak.dyn_mnc_Bayak.dyn_mnc_Bayak
		dyn_mnc_Bayan.dyn_mnc_Bayan.dyn_mnc_Bayan.dyn_mnc_Bayan
		dyn_mnc_Bayantu.dyn_mnc_Bayantu.dyn_mnc_Bayantu.dyn_mnc_Bayantu
		dyn_mnc_Bayara.dyn_mnc_Bayara.dyn_mnc_Bayara.dyn_mnc_Bayara
		dyn_mnc_Bayarki.dyn_mnc_Bayarki.dyn_mnc_Bayarki.dyn_mnc_Bayarki
		dyn_mnc_Bayingeri.dyn_mnc_Bayingeri.dyn_mnc_Bayingeri.dyn_mnc_Bayingeri
		dyn_mnc_Bayot.dyn_mnc_Bayot.dyn_mnc_Bayot.dyn_mnc_Bayot
		dyn_mnc_Bayotu.dyn_mnc_Bayotu.dyn_mnc_Bayotu.dyn_mnc_Bayotu
		dyn_mnc_Beisu.dyn_mnc_Beisu.dyn_mnc_Beisu.dyn_mnc_Beisu
		dyn_mnc_Beisut.dyn_mnc_Beisut.dyn_mnc_Beisut.dyn_mnc_Beisut
		dyn_mnc_Bektu.dyn_mnc_Bektu.dyn_mnc_Bektu.dyn_mnc_Bektu
		dyn_mnc_Bian.dyn_mnc_Bian.dyn_mnc_Bian.dyn_mnc_Bian
		dyn_mnc_Biangiya.dyn_mnc_Biangiya.dyn_mnc_Biangiya.dyn_mnc_Biangiya
		dyn_mnc_Biaot.dyn_mnc_Biaot.dyn_mnc_Biaot.dyn_mnc_Biaot
		dyn_mnc_Bira.dyn_mnc_Bira.dyn_mnc_Bira.dyn_mnc_Bira
		dyn_mnc_Biru.dyn_mnc_Biru.dyn_mnc_Biru.dyn_mnc_Biru
		dyn_mnc_Birure.dyn_mnc_Birure.dyn_mnc_Birure.dyn_mnc_Birure
		dyn_mnc_Birya.dyn_mnc_Birya.dyn_mnc_Birya.dyn_mnc_Birya
		dyn_mnc_Bodisi.dyn_mnc_Bodisi.dyn_mnc_Bodisi.dyn_mnc_Bodisi
		dyn_mnc_Boduot.dyn_mnc_Boduot.dyn_mnc_Boduot.dyn_mnc_Boduot
		dyn_mnc_Boduri.dyn_mnc_Boduri.dyn_mnc_Boduri.dyn_mnc_Boduri
		dyn_mnc_Bogulot.dyn_mnc_Bogulot.dyn_mnc_Bogulot.dyn_mnc_Bogulot
		dyn_mnc_Bohelok.dyn_mnc_Bohelok.dyn_mnc_Bohelok.dyn_mnc_Bohelok
		dyn_mnc_Bohite.dyn_mnc_Bohite.dyn_mnc_Bohite.dyn_mnc_Bohite
		dyn_mnc_Boholo.dyn_mnc_Boholo.dyn_mnc_Boholo.dyn_mnc_Boholo
		dyn_mnc_Bohori.dyn_mnc_Bohori.dyn_mnc_Bohori.dyn_mnc_Bohori
		dyn_mnc_Boljok.dyn_mnc_Boljok.dyn_mnc_Boljok.dyn_mnc_Boljok
		dyn_mnc_Bolo.dyn_mnc_Bolo.dyn_mnc_Bolo.dyn_mnc_Bolo
		dyn_mnc_Bolot.dyn_mnc_Bolot.dyn_mnc_Bolot.dyn_mnc_Bolot
		dyn_mnc_Boogi.dyn_mnc_Boogi.dyn_mnc_Boogi.dyn_mnc_Boogi
		dyn_mnc_Boogiya.dyn_mnc_Boogiya.dyn_mnc_Boogiya.dyn_mnc_Boogiya
		dyn_mnc_Boorigit.dyn_mnc_Boorigit.dyn_mnc_Boorigit.dyn_mnc_Boorigit
		dyn_mnc_Borgi.dyn_mnc_Borgi.dyn_mnc_Borgi.dyn_mnc_Borgi
		dyn_mnc_Borgigin.dyn_mnc_Borgigin.dyn_mnc_Borgigin.dyn_mnc_Borgigin
		dyn_mnc_Borgik.dyn_mnc_Borgik.dyn_mnc_Borgik.dyn_mnc_Borgik
		dyn_mnc_Borgisi.dyn_mnc_Borgisi.dyn_mnc_Borgisi.dyn_mnc_Borgisi
		dyn_mnc_Borgun.dyn_mnc_Borgun.dyn_mnc_Borgun.dyn_mnc_Borgun
		dyn_mnc_Borhigis.dyn_mnc_Borhigis.dyn_mnc_Borhigis.dyn_mnc_Borhigis
		dyn_mnc_Borholo.dyn_mnc_Borholo.dyn_mnc_Borholo.dyn_mnc_Borholo
		dyn_mnc_Borjigin.dyn_mnc_Borjigin.dyn_mnc_Borjigin.dyn_mnc_Borjigin
		dyn_mnc_Borjigit.dyn_mnc_Borjigit.dyn_mnc_Borjigit.dyn_mnc_Borjigit
		dyn_mnc_Bork.dyn_mnc_Bork.dyn_mnc_Bork.dyn_mnc_Bork
		dyn_mnc_Borkit.dyn_mnc_Borkit.dyn_mnc_Borkit.dyn_mnc_Borkit
		dyn_mnc_Borsut.dyn_mnc_Borsut.dyn_mnc_Borsut.dyn_mnc_Borsut
		dyn_mnc_Bosoo.dyn_mnc_Bosoo.dyn_mnc_Bosoo.dyn_mnc_Bosoo
		dyn_mnc_Budara.dyn_mnc_Budara.dyn_mnc_Budara.dyn_mnc_Budara
		dyn_mnc_Bugirgen.dyn_mnc_Bugirgen.dyn_mnc_Bugirgen.dyn_mnc_Bugirgen
		dyn_mnc_Bugulut.dyn_mnc_Bugulut.dyn_mnc_Bugulut.dyn_mnc_Bugulut
		dyn_mnc_Bukur.dyn_mnc_Bukur.dyn_mnc_Bukur.dyn_mnc_Bukur
		dyn_mnc_Bulamu.dyn_mnc_Bulamu.dyn_mnc_Bulamu.dyn_mnc_Bulamu
		dyn_mnc_Bulca.dyn_mnc_Bulca.dyn_mnc_Bulca.dyn_mnc_Bulca
		dyn_mnc_Buldurben.dyn_mnc_Buldurben.dyn_mnc_Buldurben.dyn_mnc_Buldurben
		dyn_mnc_Bulhaci.dyn_mnc_Bulhaci.dyn_mnc_Bulhaci.dyn_mnc_Bulhaci
		dyn_mnc_Bulni.dyn_mnc_Bulni.dyn_mnc_Bulni.dyn_mnc_Bulni
		dyn_mnc_Bultu.dyn_mnc_Bultu.dyn_mnc_Bultu.dyn_mnc_Bultu
		dyn_mnc_Buni.dyn_mnc_Buni.dyn_mnc_Buni.dyn_mnc_Buni
		dyn_mnc_Burhacit.dyn_mnc_Burhacit.dyn_mnc_Burhacit.dyn_mnc_Burhacit
		dyn_mnc_Burut.dyn_mnc_Burut.dyn_mnc_Burut.dyn_mnc_Burut
		dyn_mnc_Busa.dyn_mnc_Busa.dyn_mnc_Busa.dyn_mnc_Busa
		dyn_mnc_Busai.dyn_mnc_Busai.dyn_mnc_Busai.dyn_mnc_Busai
		dyn_mnc_Busi.dyn_mnc_Busi.dyn_mnc_Busi.dyn_mnc_Busi
		dyn_mnc_Busuk.dyn_mnc_Busuk.dyn_mnc_Busuk.dyn_mnc_Busuk
		dyn_mnc_Buyamuci.dyn_mnc_Buyamuci.dyn_mnc_Buyamuci.dyn_mnc_Buyamuci
		dyn_mnc_C_ygiya.dyn_mnc_C_ygiya.dyn_mnc_C_ygiya.dyn_mnc_C_ygiya
		dyn_mnc_Ca.dyn_mnc_Ca.dyn_mnc_Ca.dyn_mnc_Ca
		dyn_mnc_Cagiya.dyn_mnc_Cagiya.dyn_mnc_Cagiya.dyn_mnc_Cagiya
		dyn_mnc_Cahala.dyn_mnc_Cahala.dyn_mnc_Cahala.dyn_mnc_Cahala
		dyn_mnc_Cai.dyn_mnc_Cai.dyn_mnc_Cai.dyn_mnc_Cai
		dyn_mnc_Cai1.dyn_mnc_Cai1.dyn_mnc_Cai1.dyn_mnc_Cai1
		dyn_mnc_Caigiya.dyn_mnc_Caigiya.dyn_mnc_Caigiya.dyn_mnc_Caigiya
		dyn_mnc_Calagiolo.dyn_mnc_Calagiolo.dyn_mnc_Calagiolo.dyn_mnc_Calagiolo
		dyn_mnc_Canggiya.dyn_mnc_Canggiya.dyn_mnc_Canggiya.dyn_mnc_Canggiya
		dyn_mnc_Cao.dyn_mnc_Cao.dyn_mnc_Cao.dyn_mnc_Cao
		dyn_mnc_Caodan.dyn_mnc_Caodan.dyn_mnc_Caodan.dyn_mnc_Caodan
		dyn_mnc_Caogiya.dyn_mnc_Caogiya.dyn_mnc_Caogiya.dyn_mnc_Caogiya
		dyn_mnc_Caomut.dyn_mnc_Caomut.dyn_mnc_Caomut.dyn_mnc_Caomut
		dyn_mnc_Ce.dyn_mnc_Ce.dyn_mnc_Ce.dyn_mnc_Ce
		dyn_mnc_Cemgun.dyn_mnc_Cemgun.dyn_mnc_Cemgun.dyn_mnc_Cemgun
		dyn_mnc_Cen.dyn_mnc_Cen.dyn_mnc_Cen.dyn_mnc_Cen
		dyn_mnc_Ceng.dyn_mnc_Ceng.dyn_mnc_Ceng.dyn_mnc_Ceng
		dyn_mnc_Cenggiya.dyn_mnc_Cenggiya.dyn_mnc_Cenggiya.dyn_mnc_Cenggiya
		dyn_mnc_Cengiya.dyn_mnc_Cengiya.dyn_mnc_Cengiya.dyn_mnc_Cengiya
		dyn_mnc_Cengni.dyn_mnc_Cengni.dyn_mnc_Cengni.dyn_mnc_Cengni
		dyn_mnc_Ceyere.dyn_mnc_Ceyere.dyn_mnc_Ceyere.dyn_mnc_Ceyere
		dyn_mnc_Ci.dyn_mnc_Ci.dyn_mnc_Ci.dyn_mnc_Ci
		dyn_mnc_Ci1.dyn_mnc_Ci1.dyn_mnc_Ci1.dyn_mnc_Ci1
		dyn_mnc_Cian.dyn_mnc_Cian.dyn_mnc_Cian.dyn_mnc_Cian
		dyn_mnc_Ciangiya.dyn_mnc_Ciangiya.dyn_mnc_Ciangiya.dyn_mnc_Ciangiya
		dyn_mnc_Ciao.dyn_mnc_Ciao.dyn_mnc_Ciao.dyn_mnc_Ciao
		dyn_mnc_Ciaogamuk.dyn_mnc_Ciaogamuk.dyn_mnc_Ciaogamuk.dyn_mnc_Ciaogamuk
		dyn_mnc_Ciaogiya.dyn_mnc_Ciaogiya.dyn_mnc_Ciaogiya.dyn_mnc_Ciaogiya
		dyn_mnc_Cibogio.dyn_mnc_Cibogio.dyn_mnc_Cibogio.dyn_mnc_Cibogio
		dyn_mnc_Cibucut.dyn_mnc_Cibucut.dyn_mnc_Cibucut.dyn_mnc_Cibucut
		dyn_mnc_Cibukit.dyn_mnc_Cibukit.dyn_mnc_Cibukit.dyn_mnc_Cibukit
		dyn_mnc_Cidare.dyn_mnc_Cidare.dyn_mnc_Cidare.dyn_mnc_Cidare
		dyn_mnc_Cideri.dyn_mnc_Cideri.dyn_mnc_Cideri.dyn_mnc_Cideri
		dyn_mnc_Cidumu.dyn_mnc_Cidumu.dyn_mnc_Cidumu.dyn_mnc_Cidumu
		dyn_mnc_Cigiya.dyn_mnc_Cigiya.dyn_mnc_Cigiya.dyn_mnc_Cigiya
		dyn_mnc_Cikteng.dyn_mnc_Cikteng.dyn_mnc_Cikteng.dyn_mnc_Cikteng
		dyn_mnc_Cilei.dyn_mnc_Cilei.dyn_mnc_Cilei.dyn_mnc_Cilei
		dyn_mnc_Cileng.dyn_mnc_Cileng.dyn_mnc_Cileng.dyn_mnc_Cileng
		dyn_mnc_Cilik.dyn_mnc_Cilik.dyn_mnc_Cilik.dyn_mnc_Cilik
		dyn_mnc_Cimketu.dyn_mnc_Cimketu.dyn_mnc_Cimketu.dyn_mnc_Cimketu
		dyn_mnc_Cimo.dyn_mnc_Cimo.dyn_mnc_Cimo.dyn_mnc_Cimo
		dyn_mnc_Cimos.dyn_mnc_Cimos.dyn_mnc_Cimos.dyn_mnc_Cimos
		dyn_mnc_Cimot.dyn_mnc_Cimot.dyn_mnc_Cimot.dyn_mnc_Cimot
		dyn_mnc_Cimuk.dyn_mnc_Cimuk.dyn_mnc_Cimuk.dyn_mnc_Cimuk
		dyn_mnc_Cin.dyn_mnc_Cin.dyn_mnc_Cin.dyn_mnc_Cin
		dyn_mnc_Cinera.dyn_mnc_Cinera.dyn_mnc_Cinera.dyn_mnc_Cinera
		dyn_mnc_Cinggeri.dyn_mnc_Cinggeri.dyn_mnc_Cinggeri.dyn_mnc_Cinggeri
		dyn_mnc_Ciog.dyn_mnc_Ciog.dyn_mnc_Ciog.dyn_mnc_Ciog
		dyn_mnc_Ciog1.dyn_mnc_Ciog1.dyn_mnc_Ciog1.dyn_mnc_Ciog1
		dyn_mnc_Ciogiya.dyn_mnc_Ciogiya.dyn_mnc_Ciogiya.dyn_mnc_Ciogiya
		dyn_mnc_CioS_uri.dyn_mnc_CioS_uri.dyn_mnc_CioS_uri.dyn_mnc_CioS_uri
		dyn_mnc_Cirbosu.dyn_mnc_Cirbosu.dyn_mnc_Cirbosu.dyn_mnc_Cirbosu
		dyn_mnc_Cirgote.dyn_mnc_Cirgote.dyn_mnc_Cirgote.dyn_mnc_Cirgote
		dyn_mnc_Citela.dyn_mnc_Citela.dyn_mnc_Citela.dyn_mnc_Citela
		dyn_mnc_Ciu.dyn_mnc_Ciu.dyn_mnc_Ciu.dyn_mnc_Ciu
		dyn_mnc_Ciu1.dyn_mnc_Ciu1.dyn_mnc_Ciu1.dyn_mnc_Ciu1
		dyn_mnc_Ciugiya.dyn_mnc_Ciugiya.dyn_mnc_Ciugiya.dyn_mnc_Ciugiya
		dyn_mnc_Ciwangiya.dyn_mnc_Ciwangiya.dyn_mnc_Ciwangiya.dyn_mnc_Ciwangiya
		dyn_mnc_Ciya.dyn_mnc_Ciya.dyn_mnc_Ciya.dyn_mnc_Ciya
		dyn_mnc_Ciyahiri.dyn_mnc_Ciyahiri.dyn_mnc_Ciyahiri.dyn_mnc_Ciyahiri
		dyn_mnc_Ciyakala.dyn_mnc_Ciyakala.dyn_mnc_Ciyakala.dyn_mnc_Ciyakala
		dyn_mnc_Ciyala.dyn_mnc_Ciyala.dyn_mnc_Ciyala.dyn_mnc_Ciyala
		dyn_mnc_Ciyarya.dyn_mnc_Ciyarya.dyn_mnc_Ciyarya.dyn_mnc_Ciyarya
		dyn_mnc_Ciyat.dyn_mnc_Ciyat.dyn_mnc_Ciyat.dyn_mnc_Ciyat
		dyn_mnc_Cogira.dyn_mnc_Cogira.dyn_mnc_Cogira.dyn_mnc_Cogira
		dyn_mnc_Cogoru.dyn_mnc_Cogoru.dyn_mnc_Cogoru.dyn_mnc_Cogoru
		dyn_mnc_Cokcin.dyn_mnc_Cokcin.dyn_mnc_Cokcin.dyn_mnc_Cokcin
		dyn_mnc_Colo.dyn_mnc_Colo.dyn_mnc_Colo.dyn_mnc_Colo
		dyn_mnc_Colos.dyn_mnc_Colos.dyn_mnc_Colos.dyn_mnc_Colos
		dyn_mnc_Congnile.dyn_mnc_Congnile.dyn_mnc_Congnile.dyn_mnc_Congnile
		dyn_mnc_Cu.dyn_mnc_Cu.dyn_mnc_Cu.dyn_mnc_Cu
		dyn_mnc_Cui.dyn_mnc_Cui.dyn_mnc_Cui.dyn_mnc_Cui
		dyn_mnc_Cuigiya.dyn_mnc_Cuigiya.dyn_mnc_Cuigiya.dyn_mnc_Cuigiya
		dyn_mnc_Cuihokin.dyn_mnc_Cuihokin.dyn_mnc_Cuihokin.dyn_mnc_Cuihokin
		dyn_mnc_Cuijuk.dyn_mnc_Cuijuk.dyn_mnc_Cuijuk.dyn_mnc_Cuijuk
		dyn_mnc_Cuimulu.dyn_mnc_Cuimulu.dyn_mnc_Cuimulu.dyn_mnc_Cuimulu
		dyn_mnc_Cukule.dyn_mnc_Cukule.dyn_mnc_Cukule.dyn_mnc_Cukule
		dyn_mnc_Cibukinut.dyn_mnc_Cibukinut.dyn_mnc_Cibukinut.dyn_mnc_Cibukinut
		dyn_mnc_Ciyogamut.dyn_mnc_Ciyogamut.dyn_mnc_Ciyogamut.dyn_mnc_Ciyogamut
		dyn_mnc_Dagiya.dyn_mnc_Dagiya.dyn_mnc_Dagiya.dyn_mnc_Dagiya
		dyn_mnc_Dahuri.dyn_mnc_Dahuri.dyn_mnc_Dahuri.dyn_mnc_Dahuri
		dyn_mnc_Dai.dyn_mnc_Dai.dyn_mnc_Dai.dyn_mnc_Dai
		dyn_mnc_Daibolo.dyn_mnc_Daibolo.dyn_mnc_Daibolo.dyn_mnc_Daibolo
		dyn_mnc_Daicit.dyn_mnc_Daicit.dyn_mnc_Daicit.dyn_mnc_Daicit
		dyn_mnc_Daigiya.dyn_mnc_Daigiya.dyn_mnc_Daigiya.dyn_mnc_Daigiya
		dyn_mnc_Dalaminan.dyn_mnc_Dalaminan.dyn_mnc_Dalaminan.dyn_mnc_Dalaminan
		dyn_mnc_Dalok.dyn_mnc_Dalok.dyn_mnc_Dalok.dyn_mnc_Dalok
		dyn_mnc_Dalute.dyn_mnc_Dalute.dyn_mnc_Dalute.dyn_mnc_Dalute
		dyn_mnc_Daputu.dyn_mnc_Daputu.dyn_mnc_Daputu.dyn_mnc_Daputu
		dyn_mnc_Darcongga.dyn_mnc_Darcongga.dyn_mnc_Darcongga.dyn_mnc_Darcongga
		dyn_mnc_Darkun.dyn_mnc_Darkun.dyn_mnc_Darkun.dyn_mnc_Darkun
		dyn_mnc_Dartao.dyn_mnc_Dartao.dyn_mnc_Dartao.dyn_mnc_Dartao
		dyn_mnc_Dedun.dyn_mnc_Dedun.dyn_mnc_Dedun.dyn_mnc_Dedun
		dyn_mnc_Dedure.dyn_mnc_Dedure.dyn_mnc_Dedure.dyn_mnc_Dedure
		dyn_mnc_Deng.dyn_mnc_Deng.dyn_mnc_Deng.dyn_mnc_Deng
		dyn_mnc_Detecit.dyn_mnc_Detecit.dyn_mnc_Detecit.dyn_mnc_Detecit
		dyn_mnc_Ding.dyn_mnc_Ding.dyn_mnc_Ding.dyn_mnc_Ding
		dyn_mnc_Dinggiri.dyn_mnc_Dinggiri.dyn_mnc_Dinggiri.dyn_mnc_Dinggiri
		dyn_mnc_Dkdari.dyn_mnc_Dkdari.dyn_mnc_Dkdari.dyn_mnc_Dkdari
		dyn_mnc_Docin.dyn_mnc_Docin.dyn_mnc_Docin.dyn_mnc_Docin
		dyn_mnc_Dogin.dyn_mnc_Dogin.dyn_mnc_Dogin.dyn_mnc_Dogin
		dyn_mnc_Dohing.dyn_mnc_Dohing.dyn_mnc_Dohing.dyn_mnc_Dohing
		dyn_mnc_Dolar.dyn_mnc_Dolar.dyn_mnc_Dolar.dyn_mnc_Dolar
		dyn_mnc_Dolo.dyn_mnc_Dolo.dyn_mnc_Dolo.dyn_mnc_Dolo
		dyn_mnc_Dolohog.dyn_mnc_Dolohog.dyn_mnc_Dolohog.dyn_mnc_Dolohog
		dyn_mnc_Dolok.dyn_mnc_Dolok.dyn_mnc_Dolok.dyn_mnc_Dolok
		dyn_mnc_Dong.dyn_mnc_Dong.dyn_mnc_Dong.dyn_mnc_Dong
		dyn_mnc_Dongga.dyn_mnc_Dongga.dyn_mnc_Dongga.dyn_mnc_Dongga
		dyn_mnc_Donggiya.dyn_mnc_Donggiya.dyn_mnc_Donggiya.dyn_mnc_Donggiya
		dyn_mnc_Donggo.dyn_mnc_Donggo.dyn_mnc_Donggo.dyn_mnc_Donggo
		dyn_mnc_Donggor.dyn_mnc_Donggor.dyn_mnc_Donggor.dyn_mnc_Donggor
		dyn_mnc_Dorgun.dyn_mnc_Dorgun.dyn_mnc_Dorgun.dyn_mnc_Dorgun
		dyn_mnc_Dortara.dyn_mnc_Dortara.dyn_mnc_Dortara.dyn_mnc_Dortara
		dyn_mnc_Du.dyn_mnc_Du.dyn_mnc_Du.dyn_mnc_Du
		dyn_mnc_Duan.dyn_mnc_Duan.dyn_mnc_Duan.dyn_mnc_Duan
		dyn_mnc_Ducile.dyn_mnc_Ducile.dyn_mnc_Ducile.dyn_mnc_Ducile
		dyn_mnc_Dugiya.dyn_mnc_Dugiya.dyn_mnc_Dugiya.dyn_mnc_Dugiya
		dyn_mnc_Dukda.dyn_mnc_Dukda.dyn_mnc_Dukda.dyn_mnc_Dukda
		dyn_mnc_Dulara.dyn_mnc_Dulara.dyn_mnc_Dulara.dyn_mnc_Dulara
		dyn_mnc_Duneheng.dyn_mnc_Duneheng.dyn_mnc_Duneheng.dyn_mnc_Duneheng
		dyn_mnc_Dure.dyn_mnc_Dure.dyn_mnc_Dure.dyn_mnc_Dure
		dyn_mnc_Durha.dyn_mnc_Durha.dyn_mnc_Durha.dyn_mnc_Durha
		dyn_mnc_Duri.dyn_mnc_Duri.dyn_mnc_Duri.dyn_mnc_Duri
		dyn_mnc_Durre.dyn_mnc_Durre.dyn_mnc_Durre.dyn_mnc_Durre
		dyn_mnc_Duru.dyn_mnc_Duru.dyn_mnc_Duru.dyn_mnc_Duru
		dyn_mnc_Dusan.dyn_mnc_Dusan.dyn_mnc_Dusan.dyn_mnc_Dusan
		dyn_mnc_Duwargiya.dyn_mnc_Duwargiya.dyn_mnc_Duwargiya.dyn_mnc_Duwargiya
		dyn_mnc_Duyar.dyn_mnc_Duyar.dyn_mnc_Duyar.dyn_mnc_Duyar
		dyn_mnc_Elhuiejet.dyn_mnc_Elhuiejet.dyn_mnc_Elhuiejet.dyn_mnc_Elhuiejet
		dyn_mnc_Ecin.dyn_mnc_Ecin.dyn_mnc_Ecin.dyn_mnc_Ecin
		dyn_mnc_Ecolo.dyn_mnc_Ecolo.dyn_mnc_Ecolo.dyn_mnc_Ecolo
		dyn_mnc_Egiri.dyn_mnc_Egiri.dyn_mnc_Egiri.dyn_mnc_Egiri
		dyn_mnc_Egit.dyn_mnc_Egit.dyn_mnc_Egit.dyn_mnc_Egit
		dyn_mnc_Eje.dyn_mnc_Eje.dyn_mnc_Eje.dyn_mnc_Eje
		dyn_mnc_Ejet.dyn_mnc_Ejet.dyn_mnc_Ejet.dyn_mnc_Ejet
		dyn_mnc_Ejo.dyn_mnc_Ejo.dyn_mnc_Ejo.dyn_mnc_Ejo
		dyn_mnc_Eju.dyn_mnc_Eju.dyn_mnc_Eju.dyn_mnc_Eju
		dyn_mnc_Ejut.dyn_mnc_Ejut.dyn_mnc_Ejut.dyn_mnc_Ejut
		dyn_mnc_Elakun.dyn_mnc_Elakun.dyn_mnc_Elakun.dyn_mnc_Elakun
		dyn_mnc_Elcol.dyn_mnc_Elcol.dyn_mnc_Elcol.dyn_mnc_Elcol
		dyn_mnc_Elgeji.dyn_mnc_Elgeji.dyn_mnc_Elgeji.dyn_mnc_Elgeji
		dyn_mnc_Elgetu.dyn_mnc_Elgetu.dyn_mnc_Elgetu.dyn_mnc_Elgetu
		dyn_mnc_Elhe.dyn_mnc_Elhe.dyn_mnc_Elhe.dyn_mnc_Elhe
		dyn_mnc_Elo.dyn_mnc_Elo.dyn_mnc_Elo.dyn_mnc_Elo
		dyn_mnc_Emit.dyn_mnc_Emit.dyn_mnc_Emit.dyn_mnc_Emit
		dyn_mnc_Emok.dyn_mnc_Emok.dyn_mnc_Emok.dyn_mnc_Emok
		dyn_mnc_Emoto.dyn_mnc_Emoto.dyn_mnc_Emoto.dyn_mnc_Emoto
		dyn_mnc_Emuco.dyn_mnc_Emuco.dyn_mnc_Emuco.dyn_mnc_Emuco
		dyn_mnc_Emutri.dyn_mnc_Emutri.dyn_mnc_Emutri.dyn_mnc_Emutri
		dyn_mnc_Engite.dyn_mnc_Engite.dyn_mnc_Engite.dyn_mnc_Engite
		dyn_mnc_Eno.dyn_mnc_Eno.dyn_mnc_Eno.dyn_mnc_Eno
		dyn_mnc_Eraben.dyn_mnc_Eraben.dyn_mnc_Eraben.dyn_mnc_Eraben
		dyn_mnc_Ercin.dyn_mnc_Ercin.dyn_mnc_Ercin.dyn_mnc_Ercin
		dyn_mnc_Erdet.dyn_mnc_Erdet.dyn_mnc_Erdet.dyn_mnc_Erdet
		dyn_mnc_Erdo.dyn_mnc_Erdo.dyn_mnc_Erdo.dyn_mnc_Erdo
		dyn_mnc_Erdun.dyn_mnc_Erdun.dyn_mnc_Erdun.dyn_mnc_Erdun
		dyn_mnc_Ergeten.dyn_mnc_Ergeten.dyn_mnc_Ergeten.dyn_mnc_Ergeten
		dyn_mnc_Ergi.dyn_mnc_Ergi.dyn_mnc_Ergi.dyn_mnc_Ergi
		dyn_mnc_Ergis.dyn_mnc_Ergis.dyn_mnc_Ergis.dyn_mnc_Ergis
		...
		dyn_mnc_Ergonote.dyn_mnc_Ergonote.dyn_mnc_Ergonote.dyn_mnc_Ergonote
		dyn_mnc_Erik.dyn_mnc_Erik.dyn_mnc_Erik.dyn_mnc_Erik
		dyn_mnc_Erimusu.dyn_mnc_Erimusu.dyn_mnc_Erimusu.dyn_mnc_Erimusu
		dyn_mnc_Erket.dyn_mnc_Erket.dyn_mnc_Erket.dyn_mnc_Erket
		dyn_mnc_Erkule.dyn_mnc_Erkule.dyn_mnc_Erkule.dyn_mnc_Erkule
		dyn_mnc_Ertu.dyn_mnc_Ertu.dyn_mnc_Ertu.dyn_mnc_Ertu
		dyn_mnc_Ertut.dyn_mnc_Ertut.dyn_mnc_Ertut.dyn_mnc_Ertut
		dyn_mnc_Ese.dyn_mnc_Ese.dyn_mnc_Ese.dyn_mnc_Ese
		dyn_mnc_Esolo.dyn_mnc_Esolo.dyn_mnc_Esolo.dyn_mnc_Esolo
		dyn_mnc_Esurhu.dyn_mnc_Esurhu.dyn_mnc_Esurhu.dyn_mnc_Esurhu
		dyn_mnc_Esuri.dyn_mnc_Esuri.dyn_mnc_Esuri.dyn_mnc_Esuri
		dyn_mnc_Eto.dyn_mnc_Eto.dyn_mnc_Eto.dyn_mnc_Eto
		dyn_mnc_Etung.dyn_mnc_Etung.dyn_mnc_Etung.dyn_mnc_Etung
		dyn_mnc_Eyisu.dyn_mnc_Eyisu.dyn_mnc_Eyisu.dyn_mnc_Eyisu
		dyn_mnc_Eyo.dyn_mnc_Eyo.dyn_mnc_Eyo.dyn_mnc_Eyo
		dyn_mnc_Eyot.dyn_mnc_Eyot.dyn_mnc_Eyot.dyn_mnc_Eyot
		dyn_mnc_Fan.dyn_mnc_Fan.dyn_mnc_Fan.dyn_mnc_Fan
		dyn_mnc_Fang.dyn_mnc_Fang.dyn_mnc_Fang.dyn_mnc_Fang
		dyn_mnc_Fang1.dyn_mnc_Fang1.dyn_mnc_Fang1.dyn_mnc_Fang1
		dyn_mnc_Fanggiya.dyn_mnc_Fanggiya.dyn_mnc_Fanggiya.dyn_mnc_Fanggiya
		dyn_mnc_Fangiya.dyn_mnc_Fangiya.dyn_mnc_Fangiya.dyn_mnc_Fangiya
		dyn_mnc_Fedosimori.dyn_mnc_Fedosimori.dyn_mnc_Fedosimori.dyn_mnc_Fedosimori
		dyn_mnc_Fei.dyn_mnc_Fei.dyn_mnc_Fei.dyn_mnc_Fei
		dyn_mnc_Feigiya.dyn_mnc_Feigiya.dyn_mnc_Feigiya.dyn_mnc_Feigiya
		dyn_mnc_Feimo.dyn_mnc_Feimo.dyn_mnc_Feimo.dyn_mnc_Feimo
		dyn_mnc_Feiya.dyn_mnc_Feiya.dyn_mnc_Feiya.dyn_mnc_Feiya
		dyn_mnc_Feiyangu.dyn_mnc_Feiyangu.dyn_mnc_Feiyangu.dyn_mnc_Feiyangu
		dyn_mnc_Feng.dyn_mnc_Feng.dyn_mnc_Feng.dyn_mnc_Feng
		dyn_mnc_Fenggiya.dyn_mnc_Fenggiya.dyn_mnc_Fenggiya.dyn_mnc_Fenggiya
		dyn_mnc_Fu.dyn_mnc_Fu.dyn_mnc_Fu.dyn_mnc_Fu
		dyn_mnc_Fuca.dyn_mnc_Fuca.dyn_mnc_Fuca.dyn_mnc_Fuca
		dyn_mnc_Fucen.dyn_mnc_Fucen.dyn_mnc_Fucen.dyn_mnc_Fucen
		dyn_mnc_Fuciri.dyn_mnc_Fuciri.dyn_mnc_Fuciri.dyn_mnc_Fuciri
		dyn_mnc_Fugiya.dyn_mnc_Fugiya.dyn_mnc_Fugiya.dyn_mnc_Fugiya
		dyn_mnc_Fujuri.dyn_mnc_Fujuri.dyn_mnc_Fujuri.dyn_mnc_Fujuri
		dyn_mnc_Fulha.dyn_mnc_Fulha.dyn_mnc_Fulha.dyn_mnc_Fulha
		dyn_mnc_Fulkuru.dyn_mnc_Fulkuru.dyn_mnc_Fulkuru.dyn_mnc_Fulkuru
		dyn_mnc_Fuse.dyn_mnc_Fuse.dyn_mnc_Fuse.dyn_mnc_Fuse
		dyn_mnc_Fusere.dyn_mnc_Fusere.dyn_mnc_Fusere.dyn_mnc_Fusere
		dyn_mnc_Fusi.dyn_mnc_Fusi.dyn_mnc_Fusi.dyn_mnc_Fusi
		dyn_mnc_Fusuhu.dyn_mnc_Fusuhu.dyn_mnc_Fusuhu.dyn_mnc_Fusuhu
		dyn_mnc_Fusuku.dyn_mnc_Fusuku.dyn_mnc_Fusuku.dyn_mnc_Fusuku
		dyn_mnc_Futa.dyn_mnc_Futa.dyn_mnc_Futa.dyn_mnc_Futa
		dyn_mnc_Garja.dyn_mnc_Garja.dyn_mnc_Garja.dyn_mnc_Garja
		dyn_mnc_Gilaminemat.dyn_mnc_Gilaminemat.dyn_mnc_Gilaminemat.dyn_mnc_Gilaminemat
		dyn_mnc_Giranggiwarka.dyn_mnc_Giranggiwarka.dyn_mnc_Giranggiwarka.dyn_mnc_Giranggiwarka
		dyn_mnc_Girgi.dyn_mnc_Girgi.dyn_mnc_Girgi.dyn_mnc_Girgi
		dyn_mnc_Gi.dyn_mnc_Gi.dyn_mnc_Gi.dyn_mnc_Gi
		dyn_mnc_Gi1.dyn_mnc_Gi1.dyn_mnc_Gi1.dyn_mnc_Gi1
		dyn_mnc_Gi2.dyn_mnc_Gi2.dyn_mnc_Gi2.dyn_mnc_Gi2
		dyn_mnc_Giagiya.dyn_mnc_Giagiya.dyn_mnc_Giagiya.dyn_mnc_Giagiya
		dyn_mnc_Giao.dyn_mnc_Giao.dyn_mnc_Giao.dyn_mnc_Giao
		dyn_mnc_Gibucu.dyn_mnc_Gibucu.dyn_mnc_Gibucu.dyn_mnc_Gibucu
		dyn_mnc_Gigiya.dyn_mnc_Gigiya.dyn_mnc_Gigiya.dyn_mnc_Gigiya
		dyn_mnc_Gilara.dyn_mnc_Gilara.dyn_mnc_Gilara.dyn_mnc_Gilara
		dyn_mnc_Gilat.dyn_mnc_Gilat.dyn_mnc_Gilat.dyn_mnc_Gilat
		dyn_mnc_Gilet.dyn_mnc_Gilet.dyn_mnc_Gilet.dyn_mnc_Gilet
		dyn_mnc_Gilut.dyn_mnc_Gilut.dyn_mnc_Gilut.dyn_mnc_Gilut
		dyn_mnc_Gin.dyn_mnc_Gin.dyn_mnc_Gin.dyn_mnc_Gin
		dyn_mnc_Gin1.dyn_mnc_Gin1.dyn_mnc_Gin1.dyn_mnc_Gin1
		dyn_mnc_Gin2.dyn_mnc_Gin2.dyn_mnc_Gin2.dyn_mnc_Gin2
		dyn_mnc_Ging.dyn_mnc_Ging.dyn_mnc_Ging.dyn_mnc_Ging
		dyn_mnc_Gingciri.dyn_mnc_Gingciri.dyn_mnc_Gingciri.dyn_mnc_Gingciri
		dyn_mnc_Ginggeri.dyn_mnc_Ginggeri.dyn_mnc_Ginggeri.dyn_mnc_Ginggeri
		dyn_mnc_Ginggi.dyn_mnc_Ginggi.dyn_mnc_Ginggi.dyn_mnc_Ginggi
		dyn_mnc_Ginggigi.dyn_mnc_Ginggigi.dyn_mnc_Ginggigi.dyn_mnc_Ginggigi
		dyn_mnc_Ginggiya.dyn_mnc_Ginggiya.dyn_mnc_Ginggiya.dyn_mnc_Ginggiya
		dyn_mnc_Gingiya.dyn_mnc_Gingiya.dyn_mnc_Gingiya.dyn_mnc_Gingiya
		dyn_mnc_Ginmit.dyn_mnc_Ginmit.dyn_mnc_Ginmit.dyn_mnc_Ginmit
		dyn_mnc_Giocan.dyn_mnc_Giocan.dyn_mnc_Giocan.dyn_mnc_Giocan
		dyn_mnc_Giogiya.dyn_mnc_Giogiya.dyn_mnc_Giogiya.dyn_mnc_Giogiya
		dyn_mnc_Giolocan.dyn_mnc_Giolocan.dyn_mnc_Giolocan.dyn_mnc_Giolocan
		dyn_mnc_Giorca.dyn_mnc_Giorca.dyn_mnc_Giorca.dyn_mnc_Giorca
		dyn_mnc_Gioro.dyn_mnc_Gioro.dyn_mnc_Gioro.dyn_mnc_Gioro
		dyn_mnc_Girbis.dyn_mnc_Girbis.dyn_mnc_Girbis.dyn_mnc_Girbis
		dyn_mnc_Giri.dyn_mnc_Giri.dyn_mnc_Giri.dyn_mnc_Giri
		dyn_mnc_Giritu.dyn_mnc_Giritu.dyn_mnc_Giritu.dyn_mnc_Giritu
		dyn_mnc_Giru.dyn_mnc_Giru.dyn_mnc_Giru.dyn_mnc_Giru
		dyn_mnc_Git.dyn_mnc_Git.dyn_mnc_Git.dyn_mnc_Git
		dyn_mnc_Giya.dyn_mnc_Giya.dyn_mnc_Giya.dyn_mnc_Giya
		dyn_mnc_Giya1.dyn_mnc_Giya1.dyn_mnc_Giya1.dyn_mnc_Giya1
		...
		dyn_mnc_Giyabutala.dyn_mnc_Giyabutala.dyn_mnc_Giyabutala.dyn_mnc_Giyabutala
		dyn_mnc_Giyagiri.dyn_mnc_Giyagiri.dyn_mnc_Giyagiri.dyn_mnc_Giyagiri
		dyn_mnc_Giyagiya.dyn_mnc_Giyagiya.dyn_mnc_Giyagiya.dyn_mnc_Giyagiya
		dyn_mnc_Giyahama.dyn_mnc_Giyahama.dyn_mnc_Giyahama.dyn_mnc_Giyahama
		dyn_mnc_Giyajan.dyn_mnc_Giyajan.dyn_mnc_Giyajan.dyn_mnc_Giyajan
		dyn_mnc_Giyamhu.dyn_mnc_Giyamhu.dyn_mnc_Giyamhu.dyn_mnc_Giyamhu
		dyn_mnc_Giyamuhut_Gioro.dyn_mnc_Giyamuhut_Gioro.dyn_mnc_Giyamuhut_Gioro.dyn_mnc_Giyamuhut_Gioro
		dyn_mnc_Giyang.dyn_mnc_Giyang.dyn_mnc_Giyang.dyn_mnc_Giyang
		dyn_mnc_Giyang1.dyn_mnc_Giyang1.dyn_mnc_Giyang1.dyn_mnc_Giyang1
		dyn_mnc_Giyang2.dyn_mnc_Giyang2.dyn_mnc_Giyang2.dyn_mnc_Giyang2
		dyn_mnc_Giyanggi.dyn_mnc_Giyanggi.dyn_mnc_Giyanggi.dyn_mnc_Giyanggi
		dyn_mnc_Giyanggiya.dyn_mnc_Giyanggiya.dyn_mnc_Giyanggiya.dyn_mnc_Giyanggiya
		dyn_mnc_Giyanggiya1.dyn_mnc_Giyanggiya1.dyn_mnc_Giyanggiya1.dyn_mnc_Giyanggiya1
		dyn_mnc_Gobulo.dyn_mnc_Gobulo.dyn_mnc_Gobulo.dyn_mnc_Gobulo
		dyn_mnc_Gogiya.dyn_mnc_Gogiya.dyn_mnc_Gogiya.dyn_mnc_Gogiya
		dyn_mnc_Gorolo.dyn_mnc_Gorolo.dyn_mnc_Gorolo.dyn_mnc_Gorolo
		...
		dyn_mnc_GU_walgiya.dyn_mnc_GU_walgiya.dyn_mnc_GU_walgiya.dyn_mnc_GU_walgiya
		dyn_mnc_Gurhas.dyn_mnc_Gurhas.dyn_mnc_Gurhas.dyn_mnc_Gurhas
		dyn_mnc_Hanggata.dyn_mnc_Hanggata.dyn_mnc_Hanggata.dyn_mnc_Hanggata
		dyn_mnc_Hegiya.dyn_mnc_Hegiya.dyn_mnc_Hegiya.dyn_mnc_Hegiya
		dyn_mnc_HeS_eri.dyn_mnc_HeS_eri.dyn_mnc_HeS_eri.dyn_mnc_HeS_eri
		dyn_mnc_Hinggiya.dyn_mnc_Hinggiya.dyn_mnc_Hinggiya.dyn_mnc_Hinggiya
		dyn_mnc_Hitara.dyn_mnc_Hitara.dyn_mnc_Hitara.dyn_mnc_Hitara
		dyn_mnc_Hoifa_Nara.dyn_mnc_Hoifa_Nara.dyn_mnc_Hoifa_Nara.dyn_mnc_Hoifa_Nara
		dyn_mnc_Huoshuote.dyn_mnc_Huoshuote.dyn_mnc_Huoshuote.dyn_mnc_Huoshuote
		dyn_mnc_Ilrgi.dyn_mnc_Ilrgi.dyn_mnc_Ilrgi.dyn_mnc_Ilrgi
		dyn_mnc_I.dyn_mnc_I.dyn_mnc_I.dyn_mnc_I
		dyn_mnc_I1.dyn_mnc_I1.dyn_mnc_I1.dyn_mnc_I1
		dyn_mnc_Ibe.dyn_mnc_Ibe.dyn_mnc_Ibe.dyn_mnc_Ibe
		dyn_mnc_Ibucit.dyn_mnc_Ibucit.dyn_mnc_Ibucit.dyn_mnc_Ibucit
		dyn_mnc_Iin.dyn_mnc_Iin.dyn_mnc_Iin.dyn_mnc_Iin
		dyn_mnc_Iingiya.dyn_mnc_Iingiya.dyn_mnc_Iingiya.dyn_mnc_Iingiya
		dyn_mnc_Ijar.dyn_mnc_Ijar.dyn_mnc_Ijar.dyn_mnc_Ijar
		dyn_mnc_Ikderi.dyn_mnc_Ikderi.dyn_mnc_Ikderi.dyn_mnc_Ikderi
		dyn_mnc_Ikminga.dyn_mnc_Ikminga.dyn_mnc_Ikminga.dyn_mnc_Ikminga
		dyn_mnc_Ikulu.dyn_mnc_Ikulu.dyn_mnc_Ikulu.dyn_mnc_Ikulu
		dyn_mnc_Ilaci.dyn_mnc_Ilaci.dyn_mnc_Ilaci.dyn_mnc_Ilaci
		dyn_mnc_Ilan.dyn_mnc_Ilan.dyn_mnc_Ilan.dyn_mnc_Ilan
		dyn_mnc_Ilari.dyn_mnc_Ilari.dyn_mnc_Ilari.dyn_mnc_Ilari
		dyn_mnc_Ilmen.dyn_mnc_Ilmen.dyn_mnc_Ilmen.dyn_mnc_Ilmen
		dyn_mnc_Ilmu.dyn_mnc_Ilmu.dyn_mnc_Ilmu.dyn_mnc_Ilmu
		dyn_mnc_Imu.dyn_mnc_Imu.dyn_mnc_Imu.dyn_mnc_Imu
		dyn_mnc_Imutu.dyn_mnc_Imutu.dyn_mnc_Imutu.dyn_mnc_Imutu
		dyn_mnc_Inde.dyn_mnc_Inde.dyn_mnc_Inde.dyn_mnc_Inde
		dyn_mnc_Io.dyn_mnc_Io.dyn_mnc_Io.dyn_mnc_Io
		dyn_mnc_Ioge.dyn_mnc_Ioge.dyn_mnc_Ioge.dyn_mnc_Ioge
		dyn_mnc_Iogiya.dyn_mnc_Iogiya.dyn_mnc_Iogiya.dyn_mnc_Iogiya
		dyn_mnc_Iohulu.dyn_mnc_Iohulu.dyn_mnc_Iohulu.dyn_mnc_Iohulu
		dyn_mnc_Iongloku.dyn_mnc_Iongloku.dyn_mnc_Iongloku.dyn_mnc_Iongloku
		dyn_mnc_Iongsebu.dyn_mnc_Iongsebu.dyn_mnc_Iongsebu.dyn_mnc_Iongsebu
		dyn_mnc_Irgen_Gioro.dyn_mnc_Irgen_Gioro.dyn_mnc_Irgen_Gioro.dyn_mnc_Irgen_Gioro
		dyn_mnc_Irgiya.dyn_mnc_Irgiya.dyn_mnc_Irgiya.dyn_mnc_Irgiya
		dyn_mnc_Irha.dyn_mnc_Irha.dyn_mnc_Irha.dyn_mnc_Irha
		dyn_mnc_Irkule.dyn_mnc_Irkule.dyn_mnc_Irkule.dyn_mnc_Irkule
		dyn_mnc_Isu.dyn_mnc_Isu.dyn_mnc_Isu.dyn_mnc_Isu
		dyn_mnc_Itemo.dyn_mnc_Itemo.dyn_mnc_Itemo.dyn_mnc_Itemo
		dyn_mnc_Itumo.dyn_mnc_Itumo.dyn_mnc_Itumo.dyn_mnc_Itumo
		dyn_mnc_Jayajala.dyn_mnc_Jayajala.dyn_mnc_Jayajala.dyn_mnc_Jayajala
		dyn_mnc_Joyan.dyn_mnc_Joyan.dyn_mnc_Joyan.dyn_mnc_Joyan
		dyn_mnc_Jurgitemok.dyn_mnc_Jurgitemok.dyn_mnc_Jurgitemok.dyn_mnc_Jurgitemok
		dyn_mnc_Jahacit.dyn_mnc_Jahacit.dyn_mnc_Jahacit.dyn_mnc_Jahacit
		dyn_mnc_Ja.dyn_mnc_Ja.dyn_mnc_Ja.dyn_mnc_Ja
		dyn_mnc_Jahama.dyn_mnc_Jahama.dyn_mnc_Jahama.dyn_mnc_Jahama
		dyn_mnc_Jahasucin.dyn_mnc_Jahasucin.dyn_mnc_Jahasucin.dyn_mnc_Jahasucin
		dyn_mnc_Jaigiya.dyn_mnc_Jaigiya.dyn_mnc_Jaigiya.dyn_mnc_Jaigiya
		dyn_mnc_Jakta.dyn_mnc_Jakta.dyn_mnc_Jakta.dyn_mnc_Jakta
		dyn_mnc_Jaku.dyn_mnc_Jaku.dyn_mnc_Jaku.dyn_mnc_Jaku
		dyn_mnc_Jakuta.dyn_mnc_Jakuta.dyn_mnc_Jakuta.dyn_mnc_Jakuta
		dyn_mnc_Jala.dyn_mnc_Jala.dyn_mnc_Jala.dyn_mnc_Jala
		dyn_mnc_Jalai.dyn_mnc_Jalai.dyn_mnc_Jalai.dyn_mnc_Jalai
		dyn_mnc_Jalar.dyn_mnc_Jalar.dyn_mnc_Jalar.dyn_mnc_Jalar
		dyn_mnc_Jalari.dyn_mnc_Jalari.dyn_mnc_Jalari.dyn_mnc_Jalari
		dyn_mnc_Jalarora.dyn_mnc_Jalarora.dyn_mnc_Jalarora.dyn_mnc_Jalarora
		dyn_mnc_Jaluca.dyn_mnc_Jaluca.dyn_mnc_Jaluca.dyn_mnc_Jaluca
		dyn_mnc_Jalut.dyn_mnc_Jalut.dyn_mnc_Jalut.dyn_mnc_Jalut
		dyn_mnc_Jamtai.dyn_mnc_Jamtai.dyn_mnc_Jamtai.dyn_mnc_Jamtai
		dyn_mnc_Jamuken.dyn_mnc_Jamuken.dyn_mnc_Jamuken.dyn_mnc_Jamuken
		dyn_mnc_Jamur.dyn_mnc_Jamur.dyn_mnc_Jamur.dyn_mnc_Jamur
		dyn_mnc_Jamuya.dyn_mnc_Jamuya.dyn_mnc_Jamuya.dyn_mnc_Jamuya
		dyn_mnc_Jancuhun.dyn_mnc_Jancuhun.dyn_mnc_Jancuhun.dyn_mnc_Jancuhun
		dyn_mnc_Jang.dyn_mnc_Jang.dyn_mnc_Jang.dyn_mnc_Jang
		dyn_mnc_Jang1.dyn_mnc_Jang1.dyn_mnc_Jang1.dyn_mnc_Jang1
		dyn_mnc_Jangci.dyn_mnc_Jangci.dyn_mnc_Jangci.dyn_mnc_Jangci
		dyn_mnc_Janggin.dyn_mnc_Janggin.dyn_mnc_Janggin.dyn_mnc_Janggin
		dyn_mnc_Janggiya.dyn_mnc_Janggiya.dyn_mnc_Janggiya.dyn_mnc_Janggiya
		dyn_mnc_Jangjar.dyn_mnc_Jangjar.dyn_mnc_Jangjar.dyn_mnc_Jangjar
		dyn_mnc_Jangmu.dyn_mnc_Jangmu.dyn_mnc_Jangmu.dyn_mnc_Jangmu
		dyn_mnc_Jangturi.dyn_mnc_Jangturi.dyn_mnc_Jangturi.dyn_mnc_Jangturi
		dyn_mnc_Janni.dyn_mnc_Janni.dyn_mnc_Janni.dyn_mnc_Janni
		dyn_mnc_Jarit.dyn_mnc_Jarit.dyn_mnc_Jarit.dyn_mnc_Jarit
		dyn_mnc_Jas_huuri.dyn_mnc_Jas_huuri.dyn_mnc_Jas_huuri.dyn_mnc_Jas_huuri
		dyn_mnc_Jasuri.dyn_mnc_Jasuri.dyn_mnc_Jasuri.dyn_mnc_Jasuri
		dyn_mnc_Jatehei.dyn_mnc_Jatehei.dyn_mnc_Jatehei.dyn_mnc_Jatehei
		dyn_mnc_Jebe.dyn_mnc_Jebe.dyn_mnc_Jebe.dyn_mnc_Jebe
		dyn_mnc_Jeng.dyn_mnc_Jeng.dyn_mnc_Jeng.dyn_mnc_Jeng
		dyn_mnc_Jenggiya.dyn_mnc_Jenggiya.dyn_mnc_Jenggiya.dyn_mnc_Jenggiya
		dyn_mnc_Jengnelut.dyn_mnc_Jengnelut.dyn_mnc_Jengnelut.dyn_mnc_Jengnelut
		dyn_mnc_Jerde.dyn_mnc_Jerde.dyn_mnc_Jerde.dyn_mnc_Jerde
		dyn_mnc_Jergi.dyn_mnc_Jergi.dyn_mnc_Jergi.dyn_mnc_Jergi
		dyn_mnc_Jeri.dyn_mnc_Jeri.dyn_mnc_Jeri.dyn_mnc_Jeri
		dyn_mnc_Jo.dyn_mnc_Jo.dyn_mnc_Jo.dyn_mnc_Jo
		dyn_mnc_Jobalut.dyn_mnc_Jobalut.dyn_mnc_Jobalut.dyn_mnc_Jobalut
		dyn_mnc_Joceng.dyn_mnc_Joceng.dyn_mnc_Joceng.dyn_mnc_Joceng
		dyn_mnc_Joci.dyn_mnc_Joci.dyn_mnc_Joci.dyn_mnc_Joci
		dyn_mnc_Jocicubut.dyn_mnc_Jocicubut.dyn_mnc_Jocicubut.dyn_mnc_Jocicubut
		dyn_mnc_Jocis.dyn_mnc_Jocis.dyn_mnc_Jocis.dyn_mnc_Jocis
		dyn_mnc_Jodomu.dyn_mnc_Jodomu.dyn_mnc_Jodomu.dyn_mnc_Jodomu
		dyn_mnc_Jogin.dyn_mnc_Jogin.dyn_mnc_Jogin.dyn_mnc_Jogin
		dyn_mnc_Jogiya.dyn_mnc_Jogiya.dyn_mnc_Jogiya.dyn_mnc_Jogiya
		dyn_mnc_Jok.dyn_mnc_Jok.dyn_mnc_Jok.dyn_mnc_Jok
		dyn_mnc_Jokgiya.dyn_mnc_Jokgiya.dyn_mnc_Jokgiya.dyn_mnc_Jokgiya
		dyn_mnc_Jong.dyn_mnc_Jong.dyn_mnc_Jong.dyn_mnc_Jong
		dyn_mnc_Jong1.dyn_mnc_Jong1.dyn_mnc_Jong1.dyn_mnc_Jong1
		dyn_mnc_Jonggi.dyn_mnc_Jonggi.dyn_mnc_Jonggi.dyn_mnc_Jonggi
		dyn_mnc_Jonggiya.dyn_mnc_Jonggiya.dyn_mnc_Jonggiya.dyn_mnc_Jonggiya
		dyn_mnc_Joo.dyn_mnc_Joo.dyn_mnc_Joo.dyn_mnc_Joo
		dyn_mnc_Joo1.dyn_mnc_Joo1.dyn_mnc_Joo1.dyn_mnc_Joo1
		dyn_mnc_Joobar.dyn_mnc_Joobar.dyn_mnc_Joobar.dyn_mnc_Joobar
		dyn_mnc_Joodarhan.dyn_mnc_Joodarhan.dyn_mnc_Joodarhan.dyn_mnc_Joodarhan
		dyn_mnc_Joogiya.dyn_mnc_Joogiya.dyn_mnc_Joogiya.dyn_mnc_Joogiya
		dyn_mnc_Joogiya1.dyn_mnc_Joogiya1.dyn_mnc_Joogiya1.dyn_mnc_Joogiya1
		dyn_mnc_Joogiya2.dyn_mnc_Joogiya2.dyn_mnc_Joogiya2.dyn_mnc_Joogiya2
		dyn_mnc_Jookit.dyn_mnc_Jookit.dyn_mnc_Jookit.dyn_mnc_Jookit
		dyn_mnc_Joole.dyn_mnc_Joole.dyn_mnc_Joole.dyn_mnc_Joole
		dyn_mnc_Joolot.dyn_mnc_Joolot.dyn_mnc_Joolot.dyn_mnc_Joolot
		dyn_mnc_Jooyut.dyn_mnc_Jooyut.dyn_mnc_Jooyut.dyn_mnc_Jooyut
		dyn_mnc_Jorgut.dyn_mnc_Jorgut.dyn_mnc_Jorgut.dyn_mnc_Jorgut
		dyn_mnc_Jorhecin.dyn_mnc_Jorhecin.dyn_mnc_Jorhecin.dyn_mnc_Jorhecin
		dyn_mnc_Jort.dyn_mnc_Jort.dyn_mnc_Jort.dyn_mnc_Jort
		dyn_mnc_Josan.dyn_mnc_Josan.dyn_mnc_Josan.dyn_mnc_Josan
		dyn_mnc_Ju.dyn_mnc_Ju.dyn_mnc_Ju.dyn_mnc_Ju
		dyn_mnc_Juge.dyn_mnc_Juge.dyn_mnc_Juge.dyn_mnc_Juge
		dyn_mnc_Jugede.dyn_mnc_Jugede.dyn_mnc_Jugede.dyn_mnc_Jugede
		dyn_mnc_Jugiya.dyn_mnc_Jugiya.dyn_mnc_Jugiya.dyn_mnc_Jugiya
		dyn_mnc_Jugiya1.dyn_mnc_Jugiya1.dyn_mnc_Jugiya1.dyn_mnc_Jugiya1
		dyn_mnc_Juhere.dyn_mnc_Juhere.dyn_mnc_Juhere.dyn_mnc_Juhere
		dyn_mnc_Jurgen.dyn_mnc_Jurgen.dyn_mnc_Jurgen.dyn_mnc_Jurgen
		dyn_mnc_Jurgun.dyn_mnc_Jurgun.dyn_mnc_Jurgun.dyn_mnc_Jurgun
		dyn_mnc_Jurk.dyn_mnc_Jurk.dyn_mnc_Jurk.dyn_mnc_Jurk
		dyn_mnc_Jurki.dyn_mnc_Jurki.dyn_mnc_Jurki.dyn_mnc_Jurki
		dyn_mnc_Jurkit.dyn_mnc_Jurkit.dyn_mnc_Jurkit.dyn_mnc_Jurkit
		dyn_mnc_Jursu.dyn_mnc_Jursu.dyn_mnc_Jursu.dyn_mnc_Jursu
		dyn_mnc_Juru.dyn_mnc_Juru.dyn_mnc_Juru.dyn_mnc_Juru
		dyn_mnc_Jusiri.dyn_mnc_Jusiri.dyn_mnc_Jusiri.dyn_mnc_Jusiri
		dyn_mnc_Juweci.dyn_mnc_Juweci.dyn_mnc_Juweci.dyn_mnc_Juweci
		dyn_mnc_Juweta.dyn_mnc_Juweta.dyn_mnc_Juweta.dyn_mnc_Juweta
		dyn_mnc_Juwete.dyn_mnc_Juwete.dyn_mnc_Juwete.dyn_mnc_Juwete
		dyn_mnc_Juyala.dyn_mnc_Juyala.dyn_mnc_Juyala.dyn_mnc_Juyala
		dyn_mnc_Kacut.dyn_mnc_Kacut.dyn_mnc_Kacut.dyn_mnc_Kacut
		dyn_mnc_Kagelr.dyn_mnc_Kagelr.dyn_mnc_Kagelr.dyn_mnc_Kagelr
		dyn_mnc_Kailun.dyn_mnc_Kailun.dyn_mnc_Kailun.dyn_mnc_Kailun
		dyn_mnc_Kaiyan.dyn_mnc_Kaiyan.dyn_mnc_Kaiyan.dyn_mnc_Kaiyan
		dyn_mnc_Kaksiri.dyn_mnc_Kaksiri.dyn_mnc_Kaksiri.dyn_mnc_Kaksiri
		dyn_mnc_Kala.dyn_mnc_Kala.dyn_mnc_Kala.dyn_mnc_Kala
		dyn_mnc_Kaldasu.dyn_mnc_Kaldasu.dyn_mnc_Kaldasu.dyn_mnc_Kaldasu
		dyn_mnc_Kang.dyn_mnc_Kang.dyn_mnc_Kang.dyn_mnc_Kang
		dyn_mnc_Kanggeda.dyn_mnc_Kanggeda.dyn_mnc_Kanggeda.dyn_mnc_Kanggeda
		dyn_mnc_Kangsiri.dyn_mnc_Kangsiri.dyn_mnc_Kangsiri.dyn_mnc_Kangsiri
		dyn_mnc_Kangyili.dyn_mnc_Kangyili.dyn_mnc_Kangyili.dyn_mnc_Kangyili
		dyn_mnc_Karcin.dyn_mnc_Karcin.dyn_mnc_Karcin.dyn_mnc_Karcin
		dyn_mnc_Karja.dyn_mnc_Karja.dyn_mnc_Karja.dyn_mnc_Karja
		dyn_mnc_Karku.dyn_mnc_Karku.dyn_mnc_Karku.dyn_mnc_Karku
		dyn_mnc_Karla.dyn_mnc_Karla.dyn_mnc_Karla.dyn_mnc_Karla
		dyn_mnc_Karlaha.dyn_mnc_Karlaha.dyn_mnc_Karlaha.dyn_mnc_Karlaha
		dyn_mnc_Karnot.dyn_mnc_Karnot.dyn_mnc_Karnot.dyn_mnc_Karnot
		dyn_mnc_Karnuk.dyn_mnc_Karnuk.dyn_mnc_Karnuk.dyn_mnc_Karnuk
		dyn_mnc_Kartagir.dyn_mnc_Kartagir.dyn_mnc_Kartagir.dyn_mnc_Kartagir
		dyn_mnc_Kay.dyn_mnc_Kay.dyn_mnc_Kay.dyn_mnc_Kay
		dyn_mnc_Kertelr.dyn_mnc_Kertelr.dyn_mnc_Kertelr.dyn_mnc_Kertelr
		dyn_mnc_Keben.dyn_mnc_Keben.dyn_mnc_Keben.dyn_mnc_Keben
		dyn_mnc_Keciri.dyn_mnc_Keciri.dyn_mnc_Keciri.dyn_mnc_Keciri
		dyn_mnc_Kein.dyn_mnc_Kein.dyn_mnc_Kein.dyn_mnc_Kein
		dyn_mnc_Kelde.dyn_mnc_Kelde.dyn_mnc_Kelde.dyn_mnc_Kelde
		dyn_mnc_Kemucu.dyn_mnc_Kemucu.dyn_mnc_Kemucu.dyn_mnc_Kemucu
		dyn_mnc_Kemucut.dyn_mnc_Kemucut.dyn_mnc_Kemucut.dyn_mnc_Kemucut
		dyn_mnc_Kemukit.dyn_mnc_Kemukit.dyn_mnc_Kemukit.dyn_mnc_Kemukit
		dyn_mnc_Kercin.dyn_mnc_Kercin.dyn_mnc_Kercin.dyn_mnc_Kercin
		dyn_mnc_Kerde.dyn_mnc_Kerde.dyn_mnc_Kerde.dyn_mnc_Kerde
		dyn_mnc_Kere.dyn_mnc_Kere.dyn_mnc_Kere.dyn_mnc_Kere
		dyn_mnc_Kerit.dyn_mnc_Kerit.dyn_mnc_Kerit.dyn_mnc_Kerit
		dyn_mnc_Kersun.dyn_mnc_Kersun.dyn_mnc_Kersun.dyn_mnc_Kersun
		dyn_mnc_Kerut.dyn_mnc_Kerut.dyn_mnc_Kerut.dyn_mnc_Kerut
		dyn_mnc_Kesiketeng.dyn_mnc_Kesiketeng.dyn_mnc_Kesiketeng.dyn_mnc_Kesiketeng
		dyn_mnc_Kete.dyn_mnc_Kete.dyn_mnc_Kete.dyn_mnc_Kete
		dyn_mnc_Keyere.dyn_mnc_Keyere.dyn_mnc_Keyere.dyn_mnc_Keyere
		yn_mnc_Keykere.yn_mnc_Keykere.yn_mnc_Keykere.yn_mnc_Keykere
		dyn_mnc_Keyilkelei.dyn_mnc_Keyilkelei.dyn_mnc_Keyilkelei.dyn_mnc_Keyilkelei
		dyn_mnc_Kodai.dyn_mnc_Kodai.dyn_mnc_Kodai.dyn_mnc_Kodai
		dyn_mnc_Kode.dyn_mnc_Kode.dyn_mnc_Kode.dyn_mnc_Kode
		dyn_mnc_Koken.dyn_mnc_Koken.dyn_mnc_Koken.dyn_mnc_Koken
		dyn_mnc_Kong.dyn_mnc_Kong.dyn_mnc_Kong.dyn_mnc_Kong
		dyn_mnc_Konggolo.dyn_mnc_Konggolo.dyn_mnc_Konggolo.dyn_mnc_Konggolo
		dyn_mnc_Kongkeri.dyn_mnc_Kongkeri.dyn_mnc_Kongkeri.dyn_mnc_Kongkeri
		dyn_mnc_Kongnila.dyn_mnc_Kongnila.dyn_mnc_Kongnila.dyn_mnc_Kongnila
		dyn_mnc_Koocoli.dyn_mnc_Koocoli.dyn_mnc_Koocoli.dyn_mnc_Koocoli
		dyn_mnc_Kubuke.dyn_mnc_Kubuke.dyn_mnc_Kubuke.dyn_mnc_Kubuke
		dyn_mnc_Kubut.dyn_mnc_Kubut.dyn_mnc_Kubut.dyn_mnc_Kubut
		dyn_mnc_Kubut1.dyn_mnc_Kubut1.dyn_mnc_Kubut1.dyn_mnc_Kubut1
		dyn_mnc_Kuicelik.dyn_mnc_Kuicelik.dyn_mnc_Kuicelik.dyn_mnc_Kuicelik
		dyn_mnc_Kuigiya.dyn_mnc_Kuigiya.dyn_mnc_Kuigiya.dyn_mnc_Kuigiya
		dyn_mnc_Kuilong.dyn_mnc_Kuilong.dyn_mnc_Kuilong.dyn_mnc_Kuilong
		dyn_mnc_Kumutu.dyn_mnc_Kumutu.dyn_mnc_Kumutu.dyn_mnc_Kumutu
		dyn_mnc_Kundule.dyn_mnc_Kundule.dyn_mnc_Kundule.dyn_mnc_Kundule
		dyn_mnc_Kuwarda.dyn_mnc_Kuwarda.dyn_mnc_Kuwarda.dyn_mnc_Kuwarda
		dyn_mnc_Kuyala.dyn_mnc_Kuyala.dyn_mnc_Kuyala.dyn_mnc_Kuyala
		dyn_mnc_Lai.dyn_mnc_Lai.dyn_mnc_Lai.dyn_mnc_Lai
		dyn_mnc_Laibu.dyn_mnc_Laibu.dyn_mnc_Laibu.dyn_mnc_Laibu
		dyn_mnc_Laimo.dyn_mnc_Laimo.dyn_mnc_Laimo.dyn_mnc_Laimo
		dyn_mnc_Lakule.dyn_mnc_Lakule.dyn_mnc_Lakule.dyn_mnc_Lakule
		dyn_mnc_Lang.dyn_mnc_Lang.dyn_mnc_Lang.dyn_mnc_Lang
		dyn_mnc_Langgiya.dyn_mnc_Langgiya.dyn_mnc_Langgiya.dyn_mnc_Langgiya
		dyn_mnc_Layan.dyn_mnc_Layan.dyn_mnc_Layan.dyn_mnc_Layan
		dyn_mnc_Ledi.dyn_mnc_Ledi.dyn_mnc_Ledi.dyn_mnc_Ledi
		dyn_mnc_Lei.dyn_mnc_Lei.dyn_mnc_Lei.dyn_mnc_Lei
		dyn_mnc_Lengburcin.dyn_mnc_Lengburcin.dyn_mnc_Lengburcin.dyn_mnc_Lengburcin
		dyn_mnc_Li.dyn_mnc_Li.dyn_mnc_Li.dyn_mnc_Li
		dyn_mnc_Liang.dyn_mnc_Liang.dyn_mnc_Liang.dyn_mnc_Liang
		dyn_mnc_Lianggiya.dyn_mnc_Lianggiya.dyn_mnc_Lianggiya.dyn_mnc_Lianggiya
		dyn_mnc_Ligiya.dyn_mnc_Ligiya.dyn_mnc_Ligiya.dyn_mnc_Ligiya
		dyn_mnc_Liu.dyn_mnc_Liu.dyn_mnc_Liu.dyn_mnc_Liu
		dyn_mnc_Lin.dyn_mnc_Lin.dyn_mnc_Lin.dyn_mnc_Lin
		dyn_mnc_Linggirl.dyn_mnc_Linggirl.dyn_mnc_Linggirl.dyn_mnc_Linggirl
		dyn_mnc_Lingiya.dyn_mnc_Lingiya.dyn_mnc_Lingiya.dyn_mnc_Lingiya
		dyn_mnc_Liugiya.dyn_mnc_Liugiya.dyn_mnc_Liugiya.dyn_mnc_Liugiya
		dyn_mnc_Litari.dyn_mnc_Litari.dyn_mnc_Litari.dyn_mnc_Litari
		dyn_mnc_Liyala.dyn_mnc_Liyala.dyn_mnc_Liyala.dyn_mnc_Liyala
		dyn_mnc_Liyu.dyn_mnc_Liyu.dyn_mnc_Liyu.dyn_mnc_Liyu
		dyn_mnc_Lo.dyn_mnc_Lo.dyn_mnc_Lo.dyn_mnc_Lo
		dyn_mnc_Loca.dyn_mnc_Loca.dyn_mnc_Loca.dyn_mnc_Loca
		dyn_mnc_Logiya.dyn_mnc_Logiya.dyn_mnc_Logiya.dyn_mnc_Logiya
		dyn_mnc_Long.dyn_mnc_Long.dyn_mnc_Long.dyn_mnc_Long
		dyn_mnc_Loyo.dyn_mnc_Loyo.dyn_mnc_Loyo.dyn_mnc_Loyo
		dyn_mnc_Lu.dyn_mnc_Lu.dyn_mnc_Lu.dyn_mnc_Lu
		dyn_mnc_Lu1.dyn_mnc_Lu1.dyn_mnc_Lu1.dyn_mnc_Lu1
		dyn_mnc_Luruhuo.dyn_mnc_Luruhuo.dyn_mnc_Luruhuo.dyn_mnc_Luruhuo
		dyn_mnc_Morjigite.dyn_mnc_Morjigite.dyn_mnc_Morjigite.dyn_mnc_Morjigite
		dyn_mnc_Ma.dyn_mnc_Ma.dyn_mnc_Ma.dyn_mnc_Ma
		dyn_mnc_Maca.dyn_mnc_Maca.dyn_mnc_Maca.dyn_mnc_Maca
		dyn_mnc_Magiya.dyn_mnc_Magiya.dyn_mnc_Magiya.dyn_mnc_Magiya
		dyn_mnc_Magus.dyn_mnc_Magus.dyn_mnc_Magus.dyn_mnc_Magus
		dyn_mnc_Magut.dyn_mnc_Magut.dyn_mnc_Magut.dyn_mnc_Magut
		dyn_mnc_Mahalr.dyn_mnc_Mahalr.dyn_mnc_Mahalr.dyn_mnc_Mahalr
		dyn_mnc_Majak.dyn_mnc_Majak.dyn_mnc_Majak.dyn_mnc_Majak
		dyn_mnc_Malakur.dyn_mnc_Malakur.dyn_mnc_Malakur.dyn_mnc_Malakur
		dyn_mnc_Malalr.dyn_mnc_Malalr.dyn_mnc_Malalr.dyn_mnc_Malalr
		dyn_mnc_Malangga.dyn_mnc_Malangga.dyn_mnc_Malangga.dyn_mnc_Malangga
		dyn_mnc_Malara.dyn_mnc_Malara.dyn_mnc_Malara.dyn_mnc_Malara
		dyn_mnc_Manggenut.dyn_mnc_Manggenut.dyn_mnc_Manggenut.dyn_mnc_Manggenut
		dyn_mnc_Manggico.dyn_mnc_Manggico.dyn_mnc_Manggico.dyn_mnc_Manggico
		dyn_mnc_Manggiya.dyn_mnc_Manggiya.dyn_mnc_Manggiya.dyn_mnc_Manggiya
		dyn_mnc_Manggo.dyn_mnc_Manggo.dyn_mnc_Manggo.dyn_mnc_Manggo
		dyn_mnc_Mangin.dyn_mnc_Mangin.dyn_mnc_Mangin.dyn_mnc_Mangin
		dyn_mnc_Mangnut.dyn_mnc_Mangnut.dyn_mnc_Mangnut.dyn_mnc_Mangnut
		dyn_mnc_Manja.dyn_mnc_Manja.dyn_mnc_Manja.dyn_mnc_Manja
		dyn_mnc_Maoyi.dyn_mnc_Maoyi.dyn_mnc_Maoyi.dyn_mnc_Maoyi
		dyn_mnc_Mardan.dyn_mnc_Mardan.dyn_mnc_Mardan.dyn_mnc_Mardan
		dyn_mnc_Margit.dyn_mnc_Margit.dyn_mnc_Margit.dyn_mnc_Margit
		dyn_mnc_Martun.dyn_mnc_Martun.dyn_mnc_Martun.dyn_mnc_Martun
		dyn_mnc_Mei.dyn_mnc_Mei.dyn_mnc_Mei.dyn_mnc_Mei
		dyn_mnc_Meigiya.dyn_mnc_Meigiya.dyn_mnc_Meigiya.dyn_mnc_Meigiya
		dyn_mnc_Meiheri.dyn_mnc_Meiheri.dyn_mnc_Meiheri.dyn_mnc_Meiheri
		dyn_mnc_Meile.dyn_mnc_Meile.dyn_mnc_Meile.dyn_mnc_Meile
		dyn_mnc_Meileng.dyn_mnc_Meileng.dyn_mnc_Meileng.dyn_mnc_Meileng
		dyn_mnc_Meng.dyn_mnc_Meng.dyn_mnc_Meng.dyn_mnc_Meng
		dyn_mnc_Mengero.dyn_mnc_Mengero.dyn_mnc_Mengero.dyn_mnc_Mengero
		dyn_mnc_Menggiya.dyn_mnc_Menggiya.dyn_mnc_Menggiya.dyn_mnc_Menggiya
		dyn_mnc_Menggosi.dyn_mnc_Menggosi.dyn_mnc_Menggosi.dyn_mnc_Menggosi
		dyn_mnc_Menggucu.dyn_mnc_Menggucu.dyn_mnc_Menggucu.dyn_mnc_Menggucu
		dyn_mnc_Menggurgi.dyn_mnc_Menggurgi.dyn_mnc_Menggurgi.dyn_mnc_Menggurgi
		dyn_mnc_Mengkyire.dyn_mnc_Mengkyire.dyn_mnc_Mengkyire.dyn_mnc_Mengkyire
		dyn_mnc_Mengnat.dyn_mnc_Mengnat.dyn_mnc_Mengnat.dyn_mnc_Mengnat
		dyn_mnc_Miao.dyn_mnc_Miao.dyn_mnc_Miao.dyn_mnc_Miao
		dyn_mnc_Migiya.dyn_mnc_Migiya.dyn_mnc_Migiya.dyn_mnc_Migiya
		dyn_mnc_Mija.dyn_mnc_Mija.dyn_mnc_Mija.dyn_mnc_Mija
		dyn_mnc_Min.dyn_mnc_Min.dyn_mnc_Min.dyn_mnc_Min
		dyn_mnc_Minggan.dyn_mnc_Minggan.dyn_mnc_Minggan.dyn_mnc_Minggan
		dyn_mnc_Mo.dyn_mnc_Mo.dyn_mnc_Mo.dyn_mnc_Mo
		dyn_mnc_Mogiya.dyn_mnc_Mogiya.dyn_mnc_Mogiya.dyn_mnc_Mogiya
		dyn_mnc_Mohuri.dyn_mnc_Mohuri.dyn_mnc_Mohuri.dyn_mnc_Mohuri
		dyn_mnc_Mokele.dyn_mnc_Mokele.dyn_mnc_Mokele.dyn_mnc_Mokele
		dyn_mnc_Moketing.dyn_mnc_Moketing.dyn_mnc_Moketing.dyn_mnc_Moketing
		dyn_mnc_Moketo.dyn_mnc_Moketo.dyn_mnc_Moketo.dyn_mnc_Moketo
		dyn_mnc_Molci.dyn_mnc_Molci.dyn_mnc_Molci.dyn_mnc_Molci
		dyn_mnc_Molciri.dyn_mnc_Molciri.dyn_mnc_Molciri.dyn_mnc_Molciri
		dyn_mnc_Moldire.dyn_mnc_Moldire.dyn_mnc_Moldire.dyn_mnc_Moldire
		dyn_mnc_Moljere.dyn_mnc_Moljere.dyn_mnc_Moljere.dyn_mnc_Moljere
		dyn_mnc_Moneher.dyn_mnc_Moneher.dyn_mnc_Moneher.dyn_mnc_Moneher
		dyn_mnc_Mongeso.dyn_mnc_Mongeso.dyn_mnc_Mongeso.dyn_mnc_Mongeso
		dyn_mnc_Monggo.dyn_mnc_Monggo.dyn_mnc_Monggo.dyn_mnc_Monggo
		dyn_mnc_Monggu.dyn_mnc_Monggu.dyn_mnc_Monggu.dyn_mnc_Monggu
		dyn_mnc_Mongguri.dyn_mnc_Mongguri.dyn_mnc_Mongguri.dyn_mnc_Mongguri
		dyn_mnc_Morci.dyn_mnc_Morci.dyn_mnc_Morci.dyn_mnc_Morci
		dyn_mnc_Morcin.dyn_mnc_Morcin.dyn_mnc_Morcin.dyn_mnc_Morcin
		dyn_mnc_Morcit.dyn_mnc_Morcit.dyn_mnc_Morcit.dyn_mnc_Morcit
		dyn_mnc_Mordaja.dyn_mnc_Mordaja.dyn_mnc_Mordaja.dyn_mnc_Mordaja
		dyn_mnc_Mordi.dyn_mnc_Mordi.dyn_mnc_Mordi.dyn_mnc_Mordi
		dyn_mnc_Mordin.dyn_mnc_Mordin.dyn_mnc_Mordin.dyn_mnc_Mordin
		dyn_mnc_More.dyn_mnc_More.dyn_mnc_More.dyn_mnc_More
		dyn_mnc_Morgi.dyn_mnc_Morgi.dyn_mnc_Morgi.dyn_mnc_Morgi
		dyn_mnc_Morho.dyn_mnc_Morho.dyn_mnc_Morho.dyn_mnc_Morho
		dyn_mnc_Mosire.dyn_mnc_Mosire.dyn_mnc_Mosire.dyn_mnc_Mosire
		dyn_mnc_Moyolo.dyn_mnc_Moyolo.dyn_mnc_Moyolo.dyn_mnc_Moyolo
		dyn_mnc_Mu.dyn_mnc_Mu.dyn_mnc_Mu.dyn_mnc_Mu
		dyn_mnc_Mu1.dyn_mnc_Mu1.dyn_mnc_Mu1.dyn_mnc_Mu1
		dyn_mnc_Muca.dyn_mnc_Muca.dyn_mnc_Muca.dyn_mnc_Muca
		dyn_mnc_Mudaci.dyn_mnc_Mudaci.dyn_mnc_Mudaci.dyn_mnc_Mudaci
		dyn_mnc_Mugiya.dyn_mnc_Mugiya.dyn_mnc_Mugiya.dyn_mnc_Mugiya
		dyn_mnc_Muhelin.dyn_mnc_Muhelin.dyn_mnc_Muhelin.dyn_mnc_Muhelin
		dyn_mnc_Mukderi.dyn_mnc_Mukderi.dyn_mnc_Mukderi.dyn_mnc_Mukderi
		dyn_mnc_Muki.dyn_mnc_Muki.dyn_mnc_Muki.dyn_mnc_Muki
		dyn_mnc_Muktu.dyn_mnc_Muktu.dyn_mnc_Muktu.dyn_mnc_Muktu
		dyn_mnc_Mulde.dyn_mnc_Mulde.dyn_mnc_Mulde.dyn_mnc_Mulde
		dyn_mnc_Muliyalian.dyn_mnc_Muliyalian.dyn_mnc_Muliyalian.dyn_mnc_Muliyalian
		dyn_mnc_Murca.dyn_mnc_Murca.dyn_mnc_Murca.dyn_mnc_Murca
		dyn_mnc_Muru.dyn_mnc_Muru.dyn_mnc_Muru.dyn_mnc_Muru
		dyn_mnc_Musecen.dyn_mnc_Musecen.dyn_mnc_Musecen.dyn_mnc_Musecen
		dyn_mnc_Muya.dyn_mnc_Muya.dyn_mnc_Muya.dyn_mnc_Muya
		dyn_mnc_Muyan.dyn_mnc_Muyan.dyn_mnc_Muyan.dyn_mnc_Muyan
		dyn_mnc_Nahata.dyn_mnc_Nahata.dyn_mnc_Nahata.dyn_mnc_Nahata
		dyn_mnc_Naikiri.dyn_mnc_Naikiri.dyn_mnc_Naikiri.dyn_mnc_Naikiri
		dyn_mnc_Naikite.dyn_mnc_Naikite.dyn_mnc_Naikite.dyn_mnc_Naikite
		dyn_mnc_Naiman.dyn_mnc_Naiman.dyn_mnc_Naiman.dyn_mnc_Naiman
		dyn_mnc_Nakta.dyn_mnc_Nakta.dyn_mnc_Nakta.dyn_mnc_Nakta
		dyn_mnc_Nalgiya.dyn_mnc_Nalgiya.dyn_mnc_Nalgiya.dyn_mnc_Nalgiya
		dyn_mnc_Namdulu.dyn_mnc_Namdulu.dyn_mnc_Namdulu.dyn_mnc_Namdulu
		dyn_mnc_Namutu.dyn_mnc_Namutu.dyn_mnc_Namutu.dyn_mnc_Namutu
		dyn_mnc_Nanfulu.dyn_mnc_Nanfulu.dyn_mnc_Nanfulu.dyn_mnc_Nanfulu
		dyn_mnc_Nanggiya.dyn_mnc_Nanggiya.dyn_mnc_Nanggiya.dyn_mnc_Nanggiya
		dyn_mnc_Nanggiyat.dyn_mnc_Nanggiyat.dyn_mnc_Nanggiyat.dyn_mnc_Nanggiyat
		dyn_mnc_Nara.dyn_mnc_Nara.dyn_mnc_Nara.dyn_mnc_Nara
		dyn_mnc_Narai.dyn_mnc_Narai.dyn_mnc_Narai.dyn_mnc_Narai
		dyn_mnc_Nata.dyn_mnc_Nata.dyn_mnc_Nata.dyn_mnc_Nata
		dyn_mnc_Naya.dyn_mnc_Naya.dyn_mnc_Naya.dyn_mnc_Naya
		dyn_mnc_Nayi.dyn_mnc_Nayi.dyn_mnc_Nayi.dyn_mnc_Nayi
		dyn_mnc_Nedi.dyn_mnc_Nedi.dyn_mnc_Nedi.dyn_mnc_Nedi
		dyn_mnc_Nere.dyn_mnc_Nere.dyn_mnc_Nere.dyn_mnc_Nere
		dyn_mnc_Ni.dyn_mnc_Ni.dyn_mnc_Ni.dyn_mnc_Ni
		dyn_mnc_Nigele.dyn_mnc_Nigele.dyn_mnc_Nigele.dyn_mnc_Nigele
		dyn_mnc_Nigiya.dyn_mnc_Nigiya.dyn_mnc_Nigiya.dyn_mnc_Nigiya
		dyn_mnc_Niheri.dyn_mnc_Niheri.dyn_mnc_Niheri.dyn_mnc_Niheri
		dyn_mnc_Nijuhun.dyn_mnc_Nijuhun.dyn_mnc_Nijuhun.dyn_mnc_Nijuhun
		dyn_mnc_Nikiri.dyn_mnc_Nikiri.dyn_mnc_Nikiri.dyn_mnc_Nikiri
		dyn_mnc_Nila.dyn_mnc_Nila.dyn_mnc_Nila.dyn_mnc_Nila
		dyn_mnc_Nimaca.dyn_mnc_Nimaca.dyn_mnc_Nimaca.dyn_mnc_Nimaca
		dyn_mnc_Nimaci.dyn_mnc_Nimaci.dyn_mnc_Nimaci.dyn_mnc_Nimaci
		dyn_mnc_Nimaha.dyn_mnc_Nimaha.dyn_mnc_Nimaha.dyn_mnc_Nimaha
		dyn_mnc_Nimanggi.dyn_mnc_Nimanggi.dyn_mnc_Nimanggi.dyn_mnc_Nimanggi
		dyn_mnc_Ning.dyn_mnc_Ning.dyn_mnc_Ning.dyn_mnc_Ning
		dyn_mnc_Ning1.dyn_mnc_Ning1.dyn_mnc_Ning1.dyn_mnc_Ning1
		dyn_mnc_Ninggeri.dyn_mnc_Ninggeri.dyn_mnc_Ninggeri.dyn_mnc_Ninggeri
		dyn_mnc_Ninggiya.dyn_mnc_Ninggiya.dyn_mnc_Ninggiya.dyn_mnc_Ninggiya
		dyn_mnc_Ninggiya1.dyn_mnc_Ninggiya1.dyn_mnc_Ninggiya1.dyn_mnc_Ninggiya1
		dyn_mnc_Ninggiyat.dyn_mnc_Ninggiyat.dyn_mnc_Ninggiyat.dyn_mnc_Ninggiyat
		dyn_mnc_Ningguta.dyn_mnc_Ningguta.dyn_mnc_Ningguta.dyn_mnc_Ningguta
		dyn_mnc_Ninju.dyn_mnc_Ninju.dyn_mnc_Ninju.dyn_mnc_Ninju
		dyn_mnc_Nio.dyn_mnc_Nio.dyn_mnc_Nio.dyn_mnc_Nio
		dyn_mnc_Nio1.dyn_mnc_Nio1.dyn_mnc_Nio1.dyn_mnc_Nio1
		dyn_mnc_Niogiya.dyn_mnc_Niogiya.dyn_mnc_Niogiya.dyn_mnc_Niogiya
		dyn_mnc_Niohe.dyn_mnc_Niohe.dyn_mnc_Niohe.dyn_mnc_Niohe
		dyn_mnc_Niohere.dyn_mnc_Niohere.dyn_mnc_Niohere.dyn_mnc_Niohere
		dyn_mnc_Niohule.dyn_mnc_Niohule.dyn_mnc_Niohule.dyn_mnc_Niohule
		dyn_mnc_Niohuru.dyn_mnc_Niohuru.dyn_mnc_Niohuru.dyn_mnc_Niohuru
		dyn_mnc_Niohurubu.dyn_mnc_Niohurubu.dyn_mnc_Niohurubu.dyn_mnc_Niohurubu
		dyn_mnc_Niohut.dyn_mnc_Niohut.dyn_mnc_Niohut.dyn_mnc_Niohut
		dyn_mnc_Niolun.dyn_mnc_Niolun.dyn_mnc_Niolun.dyn_mnc_Niolun
		dyn_mnc_Niotu.dyn_mnc_Niotu.dyn_mnc_Niotu.dyn_mnc_Niotu
		dyn_mnc_Niowanggiyan.dyn_mnc_Niowanggiyan.dyn_mnc_Niowanggiyan.dyn_mnc_Niowanggiyan
		dyn_mnc_Nioyan.dyn_mnc_Nioyan.dyn_mnc_Nioyan.dyn_mnc_Nioyan
		dyn_mnc_Niri.dyn_mnc_Niri.dyn_mnc_Niri.dyn_mnc_Niri
		dyn_mnc_Nisa.dyn_mnc_Nisa.dyn_mnc_Nisa.dyn_mnc_Nisa
		dyn_mnc_Nisiri.dyn_mnc_Nisiri.dyn_mnc_Nisiri.dyn_mnc_Nisiri
		dyn_mnc_Niyangniya.dyn_mnc_Niyangniya.dyn_mnc_Niyangniya.dyn_mnc_Niyangniya
		dyn_mnc_Niyngtu.dyn_mnc_Niyngtu.dyn_mnc_Niyngtu.dyn_mnc_Niyngtu
		dyn_mnc_Niyongt.dyn_mnc_Niyongt.dyn_mnc_Niyongt.dyn_mnc_Niyongt
		dyn_mnc_Nolo.dyn_mnc_Nolo.dyn_mnc_Nolo.dyn_mnc_Nolo
		dyn_mnc_Nonggile.dyn_mnc_Nonggile.dyn_mnc_Nonggile.dyn_mnc_Nonggile
		dyn_mnc_Nonr.dyn_mnc_Nonr.dyn_mnc_Nonr.dyn_mnc_Nonr
		dyn_mnc_Noulet.dyn_mnc_Noulet.dyn_mnc_Noulet.dyn_mnc_Noulet
		dyn_mnc_Nouliet.dyn_mnc_Nouliet.dyn_mnc_Nouliet.dyn_mnc_Nouliet
		dyn_mnc_Nulu.dyn_mnc_Nulu.dyn_mnc_Nulu.dyn_mnc_Nulu
		dyn_mnc_Nurhan.dyn_mnc_Nurhan.dyn_mnc_Nurhan.dyn_mnc_Nurhan
		dyn_mnc_Nutelun.dyn_mnc_Nutelun.dyn_mnc_Nutelun.dyn_mnc_Nutelun
		dyn_mnc_Pan.dyn_mnc_Pan.dyn_mnc_Pan.dyn_mnc_Pan
		dyn_mnc_Pang.dyn_mnc_Pang.dyn_mnc_Pang.dyn_mnc_Pang
		dyn_mnc_Panggiya.dyn_mnc_Panggiya.dyn_mnc_Panggiya.dyn_mnc_Panggiya
		dyn_mnc_Pei.dyn_mnc_Pei.dyn_mnc_Pei.dyn_mnc_Pei
		dyn_mnc_Peigiya.dyn_mnc_Peigiya.dyn_mnc_Peigiya.dyn_mnc_Peigiya
		dyn_mnc_Peng.dyn_mnc_Peng.dyn_mnc_Peng.dyn_mnc_Peng
		dyn_mnc_Piao.dyn_mnc_Piao.dyn_mnc_Piao.dyn_mnc_Piao
		dyn_mnc_Piaogiya.dyn_mnc_Piaogiya.dyn_mnc_Piaogiya.dyn_mnc_Piaogiya
		dyn_mnc_Po.dyn_mnc_Po.dyn_mnc_Po.dyn_mnc_Po
		dyn_mnc_Pogiya.dyn_mnc_Pogiya.dyn_mnc_Pogiya.dyn_mnc_Pogiya
		dyn_mnc_Pugiya.dyn_mnc_Pugiya.dyn_mnc_Pugiya.dyn_mnc_Pugiya
		dyn_mnc_Rao.dyn_mnc_Rao.dyn_mnc_Rao.dyn_mnc_Rao
		dyn_mnc_Raoguo.dyn_mnc_Raoguo.dyn_mnc_Raoguo.dyn_mnc_Raoguo
		dyn_mnc_Ru.dyn_mnc_Ru.dyn_mnc_Ru.dyn_mnc_Ru
		dyn_mnc_Ruburi.dyn_mnc_Ruburi.dyn_mnc_Ruburi.dyn_mnc_Ruburi
		dyn_mnc_Ruyere.dyn_mnc_Ruyere.dyn_mnc_Ruyere.dyn_mnc_Ruyere
		dyn_mnc_Sailgi.dyn_mnc_Sailgi.dyn_mnc_Sailgi.dyn_mnc_Sailgi
		dyn_mnc_Sayinsartu.dyn_mnc_Sayinsartu.dyn_mnc_Sayinsartu.dyn_mnc_Sayinsartu
		dyn_mnc_Sayin_Noyan.dyn_mnc_Sayin_Noyan.dyn_mnc_Sayin_Noyan.dyn_mnc_Sayin_Noyan
		dyn_mnc_Salatuluteng.dyn_mnc_Salatuluteng.dyn_mnc_Salatuluteng.dyn_mnc_Salatuluteng
		dyn_mnc_Selje.dyn_mnc_Selje.dyn_mnc_Selje.dyn_mnc_Selje
		dyn_mnc_Sereri.dyn_mnc_Sereri.dyn_mnc_Sereri.dyn_mnc_Sereri
		dyn_mnc_Sernoloyasu.dyn_mnc_Sernoloyasu.dyn_mnc_Sernoloyasu.dyn_mnc_Sernoloyasu
		dyn_mnc_Socala.dyn_mnc_Socala.dyn_mnc_Socala.dyn_mnc_Socala
		dyn_mnc_Suduri.dyn_mnc_Suduri.dyn_mnc_Suduri.dyn_mnc_Suduri
		dyn_mnc_Saca.dyn_mnc_Saca.dyn_mnc_Saca.dyn_mnc_Saca
		...
		dyn_mnc_Saca_Giorca.dyn_mnc_Saca_Giorca.dyn_mnc_Saca_Giorca.dyn_mnc_Saca_Giorca
		dyn_mnc_Sacahai.dyn_mnc_Sacahai.dyn_mnc_Sacahai.dyn_mnc_Sacahai
		dyn_mnc_Sadala.dyn_mnc_Sadala.dyn_mnc_Sadala.dyn_mnc_Sadala
		dyn_mnc_Sahalgi.dyn_mnc_Sahalgi.dyn_mnc_Sahalgi.dyn_mnc_Sahalgi
		dyn_mnc_Sahalian.dyn_mnc_Sahalian.dyn_mnc_Sahalian.dyn_mnc_Sahalian
		dyn_mnc_Saharca.dyn_mnc_Saharca.dyn_mnc_Saharca.dyn_mnc_Saharca
		dyn_mnc_Saiheri.dyn_mnc_Saiheri.dyn_mnc_Saiheri.dyn_mnc_Saiheri
		dyn_mnc_Saiktu.dyn_mnc_Saiktu.dyn_mnc_Saiktu.dyn_mnc_Saiktu
		dyn_mnc_Saimire.dyn_mnc_Saimire.dyn_mnc_Saimire.dyn_mnc_Saimire
		dyn_mnc_Sakca.dyn_mnc_Sakca.dyn_mnc_Sakca.dyn_mnc_Sakca
		dyn_mnc_Sakda.dyn_mnc_Sakda.dyn_mnc_Sakda.dyn_mnc_Sakda
		dyn_mnc_Sala.dyn_mnc_Sala.dyn_mnc_Sala.dyn_mnc_Sala
		dyn_mnc_Salatak.dyn_mnc_Salatak.dyn_mnc_Salatak.dyn_mnc_Salatak
		dyn_mnc_Salatjo.dyn_mnc_Salatjo.dyn_mnc_Salatjo.dyn_mnc_Salatjo
		dyn_mnc_Salatu.dyn_mnc_Salatu.dyn_mnc_Salatu.dyn_mnc_Salatu
		dyn_mnc_Saljut.dyn_mnc_Saljut.dyn_mnc_Saljut.dyn_mnc_Saljut
		dyn_mnc_Samala.dyn_mnc_Samala.dyn_mnc_Samala.dyn_mnc_Samala
		dyn_mnc_Samargi.dyn_mnc_Samargi.dyn_mnc_Samargi.dyn_mnc_Samargi
		dyn_mnc_Samusir.dyn_mnc_Samusir.dyn_mnc_Samusir.dyn_mnc_Samusir
		dyn_mnc_Sang.dyn_mnc_Sang.dyn_mnc_Sang.dyn_mnc_Sang
		dyn_mnc_Sang1.dyn_mnc_Sang1.dyn_mnc_Sang1.dyn_mnc_Sang1
		dyn_mnc_Sanggiya.dyn_mnc_Sanggiya.dyn_mnc_Sanggiya.dyn_mnc_Sanggiya
		dyn_mnc_Sardu.dyn_mnc_Sardu.dyn_mnc_Sardu.dyn_mnc_Sardu
		dyn_mnc_Sartu.dyn_mnc_Sartu.dyn_mnc_Sartu.dyn_mnc_Sartu
		dyn_mnc_Sartuk.dyn_mnc_Sartuk.dyn_mnc_Sartuk.dyn_mnc_Sartuk
		dyn_mnc_Sartun.dyn_mnc_Sartun.dyn_mnc_Sartun.dyn_mnc_Sartun
		dyn_mnc_Sarut.dyn_mnc_Sarut.dyn_mnc_Sarut.dyn_mnc_Sarut
		dyn_mnc_Sayot.dyn_mnc_Sayot.dyn_mnc_Sayot.dyn_mnc_Sayot
		dyn_mnc_Sece.dyn_mnc_Sece.dyn_mnc_Sece.dyn_mnc_Sece
		dyn_mnc_Semukiri.dyn_mnc_Semukiri.dyn_mnc_Semukiri.dyn_mnc_Semukiri
		dyn_mnc_Sen.dyn_mnc_Sen.dyn_mnc_Sen.dyn_mnc_Sen
		dyn_mnc_Senggiya.dyn_mnc_Senggiya.dyn_mnc_Senggiya.dyn_mnc_Senggiya
		dyn_mnc_Sengiya.dyn_mnc_Sengiya.dyn_mnc_Sengiya.dyn_mnc_Sengiya
		dyn_mnc_Senmuri.dyn_mnc_Senmuri.dyn_mnc_Senmuri.dyn_mnc_Senmuri
		dyn_mnc_Seyan.dyn_mnc_Seyan.dyn_mnc_Seyan.dyn_mnc_Seyan
		dyn_mnc_Si.dyn_mnc_Si.dyn_mnc_Si.dyn_mnc_Si
		dyn_mnc_Si1.dyn_mnc_Si1.dyn_mnc_Si1.dyn_mnc_Si1
		dyn_mnc_Si2.dyn_mnc_Si2.dyn_mnc_Si2.dyn_mnc_Si2
		dyn_mnc_Si3.dyn_mnc_Si3.dyn_mnc_Si3.dyn_mnc_Si3
		dyn_mnc_Si4.dyn_mnc_Si4.dyn_mnc_Si4.dyn_mnc_Si4
		dyn_mnc_Sia.dyn_mnc_Sia.dyn_mnc_Sia.dyn_mnc_Sia
		dyn_mnc_Siandacan.dyn_mnc_Siandacan.dyn_mnc_Siandacan.dyn_mnc_Siandacan
		dyn_mnc_Siang.dyn_mnc_Siang.dyn_mnc_Siang.dyn_mnc_Siang
		dyn_mnc_Siboocan.dyn_mnc_Siboocan.dyn_mnc_Siboocan.dyn_mnc_Siboocan
		dyn_mnc_Siburu.dyn_mnc_Siburu.dyn_mnc_Siburu.dyn_mnc_Siburu
		dyn_mnc_Sibusu.dyn_mnc_Sibusu.dyn_mnc_Sibusu.dyn_mnc_Sibusu
		dyn_mnc_Sicigir.dyn_mnc_Sicigir.dyn_mnc_Sicigir.dyn_mnc_Sicigir
		dyn_mnc_Sie.dyn_mnc_Sie.dyn_mnc_Sie.dyn_mnc_Sie
		dyn_mnc_Sifaci.dyn_mnc_Sifaci.dyn_mnc_Sifaci.dyn_mnc_Sifaci
		dyn_mnc_Sifuca.dyn_mnc_Sifuca.dyn_mnc_Sifuca.dyn_mnc_Sifuca
		dyn_mnc_S_igiya.dyn_mnc_S_igiya.dyn_mnc_S_igiya.dyn_mnc_S_igiya
		dyn_mnc_S_igiya1.dyn_mnc_S_igiya1.dyn_mnc_S_igiya1.dyn_mnc_S_igiya1
		dyn_mnc_Sija.dyn_mnc_Sija.dyn_mnc_Sija.dyn_mnc_Sija
		dyn_mnc_Sikde.dyn_mnc_Sikde.dyn_mnc_Sikde.dyn_mnc_Sikde
		dyn_mnc_Sikegira.dyn_mnc_Sikegira.dyn_mnc_Sikegira.dyn_mnc_Sikegira
		dyn_mnc_Sikteri.dyn_mnc_Sikteri.dyn_mnc_Sikteri.dyn_mnc_Sikteri
		dyn_mnc_Silde.dyn_mnc_Silde.dyn_mnc_Silde.dyn_mnc_Silde
		dyn_mnc_Silergi.dyn_mnc_Silergi.dyn_mnc_Silergi.dyn_mnc_Silergi
		dyn_mnc_Silin.dyn_mnc_Silin.dyn_mnc_Silin.dyn_mnc_Silin
		dyn_mnc_Sirin_Gioro.dyn_mnc_Sirin_Gioro.dyn_mnc_Sirin_Gioro.dyn_mnc_Sirin_Gioro
		dyn_mnc_Siltu.dyn_mnc_Siltu.dyn_mnc_Siltu.dyn_mnc_Siltu
		dyn_mnc_Siluk.dyn_mnc_Siluk.dyn_mnc_Siluk.dyn_mnc_Siluk
		dyn_mnc_Silut.dyn_mnc_Silut.dyn_mnc_Silut.dyn_mnc_Silut
		dyn_mnc_Simara.dyn_mnc_Simara.dyn_mnc_Simara.dyn_mnc_Simara
		dyn_mnc_Simolie.dyn_mnc_Simolie.dyn_mnc_Simolie.dyn_mnc_Simolie
		dyn_mnc_Simulu.dyn_mnc_Simulu.dyn_mnc_Simulu.dyn_mnc_Simulu
		dyn_mnc_Sin.dyn_mnc_Sin.dyn_mnc_Sin.dyn_mnc_Sin
		dyn_mnc_Sinaminga.dyn_mnc_Sinaminga.dyn_mnc_Sinaminga.dyn_mnc_Sinaminga
		dyn_mnc_Sinecuk.dyn_mnc_Sinecuk.dyn_mnc_Sinecuk.dyn_mnc_Sinecuk
		dyn_mnc_Sinet.dyn_mnc_Sinet.dyn_mnc_Sinet.dyn_mnc_Sinet
		dyn_mnc_Sing.dyn_mnc_Sing.dyn_mnc_Sing.dyn_mnc_Sing
		dyn_mnc_Sinurhu.dyn_mnc_Sinurhu.dyn_mnc_Sinurhu.dyn_mnc_Sinurhu
		dyn_mnc_Sio.dyn_mnc_Sio.dyn_mnc_Sio.dyn_mnc_Sio
		dyn_mnc_Sio1.dyn_mnc_Sio1.dyn_mnc_Sio1.dyn_mnc_Sio1
		dyn_mnc_Sira.dyn_mnc_Sira.dyn_mnc_Sira.dyn_mnc_Sira
		dyn_mnc_Sirbi.dyn_mnc_Sirbi.dyn_mnc_Sirbi.dyn_mnc_Sirbi
		dyn_mnc_Sirdet.dyn_mnc_Sirdet.dyn_mnc_Sirdet.dyn_mnc_Sirdet
		dyn_mnc_Sire.dyn_mnc_Sire.dyn_mnc_Sire.dyn_mnc_Sire
		dyn_mnc_Sirgiya.dyn_mnc_Sirgiya.dyn_mnc_Sirgiya.dyn_mnc_Sirgiya
		dyn_mnc_Sirha.dyn_mnc_Sirha.dyn_mnc_Sirha.dyn_mnc_Sirha
		dyn_mnc_Sirhin.dyn_mnc_Sirhin.dyn_mnc_Sirhin.dyn_mnc_Sirhin
		dyn_mnc_Sirtu.dyn_mnc_Sirtu.dyn_mnc_Sirtu.dyn_mnc_Sirtu
		dyn_mnc_Sisar.dyn_mnc_Sisar.dyn_mnc_Sisar.dyn_mnc_Sisar
		dyn_mnc_Sisiya.dyn_mnc_Sisiya.dyn_mnc_Sisiya.dyn_mnc_Sisiya
		dyn_mnc_Sitara.dyn_mnc_Sitara.dyn_mnc_Sitara.dyn_mnc_Sitara
		dyn_mnc_Siu.dyn_mnc_Siu.dyn_mnc_Siu.dyn_mnc_Siu
		dyn_mnc_Siu1.dyn_mnc_Siu1.dyn_mnc_Siu1.dyn_mnc_Siu1
		dyn_mnc_Siuca.dyn_mnc_Siuca.dyn_mnc_Siuca.dyn_mnc_Siuca
		dyn_mnc_Siugi.dyn_mnc_Siugi.dyn_mnc_Siugi.dyn_mnc_Siugi
		dyn_mnc_Siugiya.dyn_mnc_Siugiya.dyn_mnc_Siugiya.dyn_mnc_Siugiya
		dyn_mnc_Siuncaol.dyn_mnc_Siuncaol.dyn_mnc_Siuncaol.dyn_mnc_Siuncaol
		dyn_mnc_Siungin.dyn_mnc_Siungin.dyn_mnc_Siungin.dyn_mnc_Siungin
		dyn_mnc_Siuniyaote.dyn_mnc_Siuniyaote.dyn_mnc_Siuniyaote.dyn_mnc_Siuniyaote
		dyn_mnc_Siyogiya.dyn_mnc_Siyogiya.dyn_mnc_Siyogiya.dyn_mnc_Siyogiya
		dyn_mnc_Siyoheri.dyn_mnc_Siyoheri.dyn_mnc_Siyoheri.dyn_mnc_Siyoheri
		dyn_mnc_Siyomori.dyn_mnc_Siyomori.dyn_mnc_Siyomori.dyn_mnc_Siyomori
		dyn_mnc_So.dyn_mnc_So.dyn_mnc_So.dyn_mnc_So
		dyn_mnc_Soca.dyn_mnc_Soca.dyn_mnc_Soca.dyn_mnc_Soca
		dyn_mnc_Soceri.dyn_mnc_Soceri.dyn_mnc_Soceri.dyn_mnc_Soceri
		dyn_mnc_Soceri1.dyn_mnc_Soceri1.dyn_mnc_Soceri1.dyn_mnc_Soceri1
		dyn_mnc_Socoro.dyn_mnc_Socoro.dyn_mnc_Socoro.dyn_mnc_Socoro
		dyn_mnc_Socor.dyn_mnc_Socor.dyn_mnc_Socor.dyn_mnc_Socor
		dyn_mnc_Sodoli.dyn_mnc_Sodoli.dyn_mnc_Sodoli.dyn_mnc_Sodoli
		dyn_mnc_Sogiya.dyn_mnc_Sogiya.dyn_mnc_Sogiya.dyn_mnc_Sogiya
		dyn_mnc_Sogiyala.dyn_mnc_Sogiyala.dyn_mnc_Sogiyala.dyn_mnc_Sogiyala
		dyn_mnc_Soiehogin.dyn_mnc_Soiehogin.dyn_mnc_Soiehogin.dyn_mnc_Soiehogin
		dyn_mnc_Solocia.dyn_mnc_Solocia.dyn_mnc_Solocia.dyn_mnc_Solocia
		dyn_mnc_Solongar.dyn_mnc_Solongar.dyn_mnc_Solongar.dyn_mnc_Solongar
		dyn_mnc_Solongus.dyn_mnc_Solongus.dyn_mnc_Solongus.dyn_mnc_Solongus
		dyn_mnc_Sonotu.dyn_mnc_Sonotu.dyn_mnc_Sonotu.dyn_mnc_Sonotu
		dyn_mnc_Sordo.dyn_mnc_Sordo.dyn_mnc_Sordo.dyn_mnc_Sordo
		dyn_mnc_Sorgi.dyn_mnc_Sorgi.dyn_mnc_Sorgi.dyn_mnc_Sorgi
		dyn_mnc_Su.dyn_mnc_Su.dyn_mnc_Su.dyn_mnc_Su
		dyn_mnc_Suan.dyn_mnc_Suan.dyn_mnc_Suan.dyn_mnc_Suan
		dyn_mnc_Sue.dyn_mnc_Sue.dyn_mnc_Sue.dyn_mnc_Sue
		dyn_mnc_S_ufaca.dyn_mnc_S_ufaca.dyn_mnc_S_ufaca.dyn_mnc_S_ufaca
		dyn_mnc_Sugiya.dyn_mnc_Sugiya.dyn_mnc_Sugiya.dyn_mnc_Sugiya
		dyn_mnc_S_ugiya.dyn_mnc_S_ugiya.dyn_mnc_S_ugiya.dyn_mnc_S_ugiya
		dyn_mnc_Sugiya1.dyn_mnc_Sugiya1.dyn_mnc_Sugiya1.dyn_mnc_Sugiya1
		dyn_mnc_Suigiya.dyn_mnc_Suigiya.dyn_mnc_Suigiya.dyn_mnc_Suigiya
		dyn_mnc_Sukca.dyn_mnc_Sukca.dyn_mnc_Sukca.dyn_mnc_Sukca
		dyn_mnc_S_ukduri.dyn_mnc_S_ukduri.dyn_mnc_S_ukduri.dyn_mnc_S_ukduri
		dyn_mnc_Sulara.dyn_mnc_Sulara.dyn_mnc_Sulara.dyn_mnc_Sulara
		dyn_mnc_S_ulu.dyn_mnc_S_ulu.dyn_mnc_S_ulu.dyn_mnc_S_ulu
		dyn_mnc_Sumari.dyn_mnc_Sumari.dyn_mnc_Sumari.dyn_mnc_Sumari
		dyn_mnc_Sumir.dyn_mnc_Sumir.dyn_mnc_Sumir.dyn_mnc_Sumir
		dyn_mnc_Sumuca.dyn_mnc_Sumuca.dyn_mnc_Sumuca.dyn_mnc_Sumuca
		dyn_mnc_Sumuk.dyn_mnc_Sumuk.dyn_mnc_Sumuk.dyn_mnc_Sumuk
		dyn_mnc_S_umur.dyn_mnc_S_umur.dyn_mnc_S_umur.dyn_mnc_S_umur
		dyn_mnc_S_umuri.dyn_mnc_S_umuri.dyn_mnc_S_umuri.dyn_mnc_S_umuri
		dyn_mnc_S_umuri1.dyn_mnc_S_umuri1.dyn_mnc_S_umuri1.dyn_mnc_S_umuri1
		dyn_mnc_S_umuru.dyn_mnc_S_umuru.dyn_mnc_S_umuru.dyn_mnc_S_umuru
		dyn_mnc_Sun.dyn_mnc_Sun.dyn_mnc_Sun.dyn_mnc_Sun
		dyn_mnc_Sunbulu.dyn_mnc_Sunbulu.dyn_mnc_Sunbulu.dyn_mnc_Sunbulu
		dyn_mnc_Suncor.dyn_mnc_Suncor.dyn_mnc_Suncor.dyn_mnc_Suncor
		dyn_mnc_Sung.dyn_mnc_Sung.dyn_mnc_Sung.dyn_mnc_Sung
		dyn_mnc_Sung1.dyn_mnc_Sung1.dyn_mnc_Sung1.dyn_mnc_Sung1
		dyn_mnc_Sunggi.dyn_mnc_Sunggi.dyn_mnc_Sunggi.dyn_mnc_Sunggi
		dyn_mnc_Sunggiya.dyn_mnc_Sunggiya.dyn_mnc_Sunggiya.dyn_mnc_Sunggiya
		dyn_mnc_Sungyan.dyn_mnc_Sungyan.dyn_mnc_Sungyan.dyn_mnc_Sungyan
		dyn_mnc_Sunit.dyn_mnc_Sunit.dyn_mnc_Sunit.dyn_mnc_Sunit
		dyn_mnc_S_urdu.dyn_mnc_S_urdu.dyn_mnc_S_urdu.dyn_mnc_S_urdu
		dyn_mnc_Surgiya.dyn_mnc_Surgiya.dyn_mnc_Surgiya.dyn_mnc_Surgiya
		dyn_mnc_S_uru.dyn_mnc_S_uru.dyn_mnc_S_uru.dyn_mnc_S_uru
		dyn_mnc_S_uS_an_Gioro.dyn_mnc_S_uS_an_Gioro.dyn_mnc_S_uS_an_Gioro.dyn_mnc_S_uS_an_Gioro
		dyn_mnc_S_uS_u_Gioro.dyn_mnc_S_uS_u_Gioro.dyn_mnc_S_uS_u_Gioro.dyn_mnc_S_uS_u_Gioro
		dyn_mnc_Tegi.dyn_mnc_Tegi.dyn_mnc_Tegi.dyn_mnc_Tegi
		dyn_mnc_Tie.dyn_mnc_Tie.dyn_mnc_Tie.dyn_mnc_Tie
		dyn_mnc_Tabennutuk.dyn_mnc_Tabennutuk.dyn_mnc_Tabennutuk.dyn_mnc_Tabennutuk
		dyn_mnc_Taicu.dyn_mnc_Taicu.dyn_mnc_Taicu.dyn_mnc_Taicu
		dyn_mnc_Taicuru.dyn_mnc_Taicuru.dyn_mnc_Taicuru.dyn_mnc_Taicuru
		dyn_mnc_Taicut.dyn_mnc_Taicut.dyn_mnc_Taicut.dyn_mnc_Taicut
		dyn_mnc_Taihut.dyn_mnc_Taihut.dyn_mnc_Taihut.dyn_mnc_Taihut
		dyn_mnc_Taisinara.dyn_mnc_Taisinara.dyn_mnc_Taisinara.dyn_mnc_Taisinara
		dyn_mnc_Talbacik.dyn_mnc_Talbacik.dyn_mnc_Talbacik.dyn_mnc_Talbacik
		dyn_mnc_Tamuca.dyn_mnc_Tamuca.dyn_mnc_Tamuca.dyn_mnc_Tamuca
		dyn_mnc_Tan.dyn_mnc_Tan.dyn_mnc_Tan.dyn_mnc_Tan
		dyn_mnc_Tan1.dyn_mnc_Tan1.dyn_mnc_Tan1.dyn_mnc_Tan1
		dyn_mnc_Tang.dyn_mnc_Tang.dyn_mnc_Tang.dyn_mnc_Tang
		dyn_mnc_Tang1.dyn_mnc_Tang1.dyn_mnc_Tang1.dyn_mnc_Tang1
		dyn_mnc_Tangda.dyn_mnc_Tangda.dyn_mnc_Tangda.dyn_mnc_Tangda
		dyn_mnc_Tanggiya.dyn_mnc_Tanggiya.dyn_mnc_Tanggiya.dyn_mnc_Tanggiya
		dyn_mnc_Tanggu.dyn_mnc_Tanggu.dyn_mnc_Tanggu.dyn_mnc_Tanggu
		dyn_mnc_Tanggur.dyn_mnc_Tanggur.dyn_mnc_Tanggur.dyn_mnc_Tanggur
		dyn_mnc_Tanggut.dyn_mnc_Tanggut.dyn_mnc_Tanggut.dyn_mnc_Tanggut
		dyn_mnc_Tangni.dyn_mnc_Tangni.dyn_mnc_Tangni.dyn_mnc_Tangni
		dyn_mnc_Tangyan.dyn_mnc_Tangyan.dyn_mnc_Tangyan.dyn_mnc_Tangyan
		dyn_mnc_Tankai.dyn_mnc_Tankai.dyn_mnc_Tankai.dyn_mnc_Tankai
		dyn_mnc_Tao.dyn_mnc_Tao.dyn_mnc_Tao.dyn_mnc_Tao
		dyn_mnc_Taogiya.dyn_mnc_Taogiya.dyn_mnc_Taogiya.dyn_mnc_Taogiya
		dyn_mnc_Tara.dyn_mnc_Tara.dyn_mnc_Tara.dyn_mnc_Tara
		dyn_mnc_Tarhunut.dyn_mnc_Tarhunut.dyn_mnc_Tarhunut.dyn_mnc_Tarhunut
		dyn_mnc_Tatan.dyn_mnc_Tatan.dyn_mnc_Tatan.dyn_mnc_Tatan
		dyn_mnc_Tatar.dyn_mnc_Tatar.dyn_mnc_Tatar.dyn_mnc_Tatar
		dyn_mnc_Tatara.dyn_mnc_Tatara.dyn_mnc_Tatara.dyn_mnc_Tatara
		dyn_mnc_Tergir.dyn_mnc_Tergir.dyn_mnc_Tergir.dyn_mnc_Tergir
		dyn_mnc_Tian.dyn_mnc_Tian.dyn_mnc_Tian.dyn_mnc_Tian
		dyn_mnc_Tiangiya.dyn_mnc_Tiangiya.dyn_mnc_Tiangiya.dyn_mnc_Tiangiya
		dyn_mnc_Tohercin.dyn_mnc_Tohercin.dyn_mnc_Tohercin.dyn_mnc_Tohercin
		dyn_mnc_Tohoro.dyn_mnc_Tohoro.dyn_mnc_Tohoro.dyn_mnc_Tohoro
		dyn_mnc_Tolgiya.dyn_mnc_Tolgiya.dyn_mnc_Tolgiya.dyn_mnc_Tolgiya
		dyn_mnc_Tolot.dyn_mnc_Tolot.dyn_mnc_Tolot.dyn_mnc_Tolot
		dyn_mnc_Tomo.dyn_mnc_Tomo.dyn_mnc_Tomo.dyn_mnc_Tomo
		dyn_mnc_Tong.dyn_mnc_Tong.dyn_mnc_Tong.dyn_mnc_Tong
		dyn_mnc_Tongiya.dyn_mnc_Tongiya.dyn_mnc_Tongiya.dyn_mnc_Tongiya
		dyn_mnc_Tongala.dyn_mnc_Tongala.dyn_mnc_Tongala.dyn_mnc_Tongala
		dyn_mnc_Tongelo.dyn_mnc_Tongelo.dyn_mnc_Tongelo.dyn_mnc_Tongelo
		dyn_mnc_Tonggosu.dyn_mnc_Tonggosu.dyn_mnc_Tonggosu.dyn_mnc_Tonggosu
		dyn_mnc_Tongnigot.dyn_mnc_Tongnigot.dyn_mnc_Tongnigot.dyn_mnc_Tongnigot
		dyn_mnc_Tongniyot.dyn_mnc_Tongniyot.dyn_mnc_Tongniyot.dyn_mnc_Tongniyot
		dyn_mnc_Tongyangiolo.dyn_mnc_Tongyangiolo.dyn_mnc_Tongyangiolo.dyn_mnc_Tongyangiolo
		dyn_mnc_Tori.dyn_mnc_Tori.dyn_mnc_Tori.dyn_mnc_Tori
		dyn_mnc_Tsanggiya.dyn_mnc_Tsanggiya.dyn_mnc_Tsanggiya.dyn_mnc_Tsanggiya
		dyn_mnc_Tsangmargi.dyn_mnc_Tsangmargi.dyn_mnc_Tsangmargi.dyn_mnc_Tsangmargi
		dyn_mnc_Tu.dyn_mnc_Tu.dyn_mnc_Tu.dyn_mnc_Tu
		dyn_mnc_Tu1.dyn_mnc_Tu1.dyn_mnc_Tu1.dyn_mnc_Tu1
		dyn_mnc_Tubot.dyn_mnc_Tubot.dyn_mnc_Tubot.dyn_mnc_Tubot
		dyn_mnc_Tubusu.dyn_mnc_Tubusu.dyn_mnc_Tubusu.dyn_mnc_Tubusu
		dyn_mnc_Tugiya.dyn_mnc_Tugiya.dyn_mnc_Tugiya.dyn_mnc_Tugiya
		dyn_mnc_Tukcinara.dyn_mnc_Tukcinara.dyn_mnc_Tukcinara.dyn_mnc_Tukcinara
		dyn_mnc_Tukdun.dyn_mnc_Tukdun.dyn_mnc_Tukdun.dyn_mnc_Tukdun
		dyn_mnc_Tuktan.dyn_mnc_Tuktan.dyn_mnc_Tuktan.dyn_mnc_Tuktan
		dyn_mnc_Tulolut.dyn_mnc_Tulolut.dyn_mnc_Tulolut.dyn_mnc_Tulolut
		dyn_mnc_Tulri.dyn_mnc_Tulri.dyn_mnc_Tulri.dyn_mnc_Tulri
		dyn_mnc_Tumen.dyn_mnc_Tumen.dyn_mnc_Tumen.dyn_mnc_Tumen
		dyn_mnc_Tumot.dyn_mnc_Tumot.dyn_mnc_Tumot.dyn_mnc_Tumot
		dyn_mnc_Tunggiya.dyn_mnc_Tunggiya.dyn_mnc_Tunggiya.dyn_mnc_Tunggiya
		dyn_mnc_Tungki.dyn_mnc_Tungki.dyn_mnc_Tungki.dyn_mnc_Tungki
		dyn_mnc_Tungsaire.dyn_mnc_Tungsaire.dyn_mnc_Tungsaire.dyn_mnc_Tungsaire
		dyn_mnc_Tungsairi.dyn_mnc_Tungsairi.dyn_mnc_Tungsairi.dyn_mnc_Tungsairi
		dyn_mnc_Turdun.dyn_mnc_Turdun.dyn_mnc_Turdun.dyn_mnc_Turdun
		dyn_mnc_Turge.dyn_mnc_Turge.dyn_mnc_Turge.dyn_mnc_Turge
		dyn_mnc_Turgiya.dyn_mnc_Turgiya.dyn_mnc_Turgiya.dyn_mnc_Turgiya
		dyn_mnc_Turtara.dyn_mnc_Turtara.dyn_mnc_Turtara.dyn_mnc_Turtara
		dyn_mnc_Tusala.dyn_mnc_Tusala.dyn_mnc_Tusala.dyn_mnc_Tusala
		dyn_mnc_Tuseri.dyn_mnc_Tuseri.dyn_mnc_Tuseri.dyn_mnc_Tuseri
		dyn_mnc_U.dyn_mnc_U.dyn_mnc_U.dyn_mnc_U
		dyn_mnc_Ucala.dyn_mnc_Ucala.dyn_mnc_Ucala.dyn_mnc_Ucala
		dyn_mnc_Ucehe.dyn_mnc_Ucehe.dyn_mnc_Ucehe.dyn_mnc_Ucehe
		dyn_mnc_Uceku.dyn_mnc_Uceku.dyn_mnc_Uceku.dyn_mnc_Uceku
		dyn_mnc_Ucere.dyn_mnc_Ucere.dyn_mnc_Ucere.dyn_mnc_Ucere
		dyn_mnc_Ucikiri.dyn_mnc_Ucikiri.dyn_mnc_Ucikiri.dyn_mnc_Ucikiri
		dyn_mnc_Ucikit.dyn_mnc_Ucikit.dyn_mnc_Ucikit.dyn_mnc_Ucikit
		dyn_mnc_Uciyarkan.dyn_mnc_Uciyarkan.dyn_mnc_Uciyarkan.dyn_mnc_Uciyarkan
		dyn_mnc_Ucuke.dyn_mnc_Ucuke.dyn_mnc_Ucuke.dyn_mnc_Ucuke
		dyn_mnc_Ugigiyala.dyn_mnc_Ugigiyala.dyn_mnc_Ugigiyala.dyn_mnc_Ugigiyala
		dyn_mnc_Ugiket.dyn_mnc_Ugiket.dyn_mnc_Ugiket.dyn_mnc_Ugiket
		dyn_mnc_Ugiya.dyn_mnc_Ugiya.dyn_mnc_Ugiya.dyn_mnc_Ugiya
		dyn_mnc_Ugiya1.dyn_mnc_Ugiya1.dyn_mnc_Ugiya1.dyn_mnc_Ugiya1
		dyn_mnc_Uhe.dyn_mnc_Uhe.dyn_mnc_Uhe.dyn_mnc_Uhe
		dyn_mnc_Uja.dyn_mnc_Uja.dyn_mnc_Uja.dyn_mnc_Uja
		dyn_mnc_Ujaku.dyn_mnc_Ujaku.dyn_mnc_Ujaku.dyn_mnc_Ujaku
		dyn_mnc_Ujalhu.dyn_mnc_Ujalhu.dyn_mnc_Ujalhu.dyn_mnc_Ujalhu
		...
		dyn_mnc_Ujara.dyn_mnc_Ujara.dyn_mnc_Ujara.dyn_mnc_Ujara
		dyn_mnc_Ujigit.dyn_mnc_Ujigit.dyn_mnc_Ujigit.dyn_mnc_Ujigit
		dyn_mnc_Ukeding.dyn_mnc_Ukeding.dyn_mnc_Ukeding.dyn_mnc_Ukeding
		dyn_mnc_Ukudenggi.dyn_mnc_Ukudenggi.dyn_mnc_Ukudenggi.dyn_mnc_Ukudenggi
		dyn_mnc_Ukuri.dyn_mnc_Ukuri.dyn_mnc_Ukuri.dyn_mnc_Ukuri
		dyn_mnc_Ula.dyn_mnc_Ula.dyn_mnc_Ula.dyn_mnc_Ula
		dyn_mnc_Ulan.dyn_mnc_Ulan.dyn_mnc_Ulan.dyn_mnc_Ulan
		dyn_mnc_Ulanghai.dyn_mnc_Ulanghai.dyn_mnc_Ulanghai.dyn_mnc_Ulanghai
		dyn_mnc_Ulanghaigilmo.dyn_mnc_Ulanghaigilmo.dyn_mnc_Ulanghaigilmo.dyn_mnc_Ulanghaigilmo
		dyn_mnc_Ulanghat.dyn_mnc_Ulanghat.dyn_mnc_Ulanghat.dyn_mnc_Ulanghat
		dyn_mnc_Ulat.dyn_mnc_Ulat.dyn_mnc_Ulat.dyn_mnc_Ulat
		dyn_mnc_Ulatehake.dyn_mnc_Ulatehake.dyn_mnc_Ulatehake.dyn_mnc_Ulatehake
		dyn_mnc_Ulhanga.dyn_mnc_Ulhanga.dyn_mnc_Ulhanga.dyn_mnc_Ulhanga
		dyn_mnc_Ulie.dyn_mnc_Ulie.dyn_mnc_Ulie.dyn_mnc_Ulie
		dyn_mnc_Uligin.dyn_mnc_Uligin.dyn_mnc_Uligin.dyn_mnc_Uligin
		dyn_mnc_Ulin.dyn_mnc_Ulin.dyn_mnc_Ulin.dyn_mnc_Ulin
		dyn_mnc_Uling_a.dyn_mnc_Uling_a.dyn_mnc_Uling_a.dyn_mnc_Uling_a
		dyn_mnc_Ulri.dyn_mnc_Ulri.dyn_mnc_Ulri.dyn_mnc_Ulri
		dyn_mnc_Ulsi.dyn_mnc_Ulsi.dyn_mnc_Ulsi.dyn_mnc_Ulsi
		dyn_mnc_Uluri.dyn_mnc_Uluri.dyn_mnc_Uluri.dyn_mnc_Uluri
		dyn_mnc_Ulut.dyn_mnc_Ulut.dyn_mnc_Ulut.dyn_mnc_Ulut
		dyn_mnc_Umi.dyn_mnc_Umi.dyn_mnc_Umi.dyn_mnc_Umi
		dyn_mnc_Umu.dyn_mnc_Umu.dyn_mnc_Umu.dyn_mnc_Umu
		dyn_mnc_Unat.dyn_mnc_Unat.dyn_mnc_Unat.dyn_mnc_Unat
		dyn_mnc_Unehucin.dyn_mnc_Unehucin.dyn_mnc_Unehucin.dyn_mnc_Unehucin
		dyn_mnc_Unemur.dyn_mnc_Unemur.dyn_mnc_Unemur.dyn_mnc_Unemur
		dyn_mnc_Unin.dyn_mnc_Unin.dyn_mnc_Unin.dyn_mnc_Unin
		dyn_mnc_Uninci.dyn_mnc_Uninci.dyn_mnc_Uninci.dyn_mnc_Uninci
		dyn_mnc_Unuci.dyn_mnc_Unuci.dyn_mnc_Unuci.dyn_mnc_Unuci
		dyn_mnc_Unuhu.dyn_mnc_Unuhu.dyn_mnc_Unuhu.dyn_mnc_Unuhu
		dyn_mnc_Urda.dyn_mnc_Urda.dyn_mnc_Urda.dyn_mnc_Urda
		dyn_mnc_Urgeci.dyn_mnc_Urgeci.dyn_mnc_Urgeci.dyn_mnc_Urgeci
		dyn_mnc_Urgucen.dyn_mnc_Urgucen.dyn_mnc_Urgucen.dyn_mnc_Urgucen
		dyn_mnc_Urgunkele.dyn_mnc_Urgunkele.dyn_mnc_Urgunkele.dyn_mnc_Urgunkele
		dyn_mnc_Urhan.dyn_mnc_Urhan.dyn_mnc_Urhan.dyn_mnc_Urhan
		dyn_mnc_Urhugi.dyn_mnc_Urhugi.dyn_mnc_Urhugi.dyn_mnc_Urhugi
		dyn_mnc_Urisu.dyn_mnc_Urisu.dyn_mnc_Urisu.dyn_mnc_Urisu
		dyn_mnc_Urit.dyn_mnc_Urit.dyn_mnc_Urit.dyn_mnc_Urit
		dyn_mnc_Uru.dyn_mnc_Uru.dyn_mnc_Uru.dyn_mnc_Uru
		dyn_mnc_Uru1.dyn_mnc_Uru1.dyn_mnc_Uru1.dyn_mnc_Uru1
		dyn_mnc_Use.dyn_mnc_Use.dyn_mnc_Use.dyn_mnc_Use
		dyn_mnc_Usi.dyn_mnc_Usi.dyn_mnc_Usi.dyn_mnc_Usi
		dyn_mnc_Usira.dyn_mnc_Usira.dyn_mnc_Usira.dyn_mnc_Usira
		dyn_mnc_Usujan.dyn_mnc_Usujan.dyn_mnc_Usujan.dyn_mnc_Usujan
		dyn_mnc_Usun.dyn_mnc_Usun.dyn_mnc_Usun.dyn_mnc_Usun
		dyn_mnc_Usuri.dyn_mnc_Usuri.dyn_mnc_Usuri.dyn_mnc_Usuri
		dyn_mnc_Uya.dyn_mnc_Uya.dyn_mnc_Uya.dyn_mnc_Uya
		dyn_mnc_Uyaca.dyn_mnc_Uyaca.dyn_mnc_Uyaca.dyn_mnc_Uyaca
		dyn_mnc_Uyan.dyn_mnc_Uyan.dyn_mnc_Uyan.dyn_mnc_Uyan
		dyn_mnc_Uyanki.dyn_mnc_Uyanki.dyn_mnc_Uyanki.dyn_mnc_Uyanki
		dyn_mnc_Uyara.dyn_mnc_Uyara.dyn_mnc_Uyara.dyn_mnc_Uyara
		dyn_mnc_Uyo.dyn_mnc_Uyo.dyn_mnc_Uyo.dyn_mnc_Uyo
		dyn_mnc_Uyu.dyn_mnc_Uyu.dyn_mnc_Uyu.dyn_mnc_Uyu
		dyn_mnc_Wa.dyn_mnc_Wa.dyn_mnc_Wa.dyn_mnc_Wa
		dyn_mnc_Walan.dyn_mnc_Walan.dyn_mnc_Walan.dyn_mnc_Walan
		dyn_mnc_Walgiya.dyn_mnc_Walgiya.dyn_mnc_Walgiya.dyn_mnc_Walgiya
		dyn_mnc_Wamo.dyn_mnc_Wamo.dyn_mnc_Wamo.dyn_mnc_Wamo
		dyn_mnc_Wan.dyn_mnc_Wan.dyn_mnc_Wan.dyn_mnc_Wan
		dyn_mnc_Wang.dyn_mnc_Wang.dyn_mnc_Wang.dyn_mnc_Wang
		dyn_mnc_Wang1.dyn_mnc_Wang1.dyn_mnc_Wang1.dyn_mnc_Wang1
		dyn_mnc_Wanggi.dyn_mnc_Wanggi.dyn_mnc_Wanggi.dyn_mnc_Wanggi
		dyn_mnc_Wanyan.dyn_mnc_Wanyan.dyn_mnc_Wanyan.dyn_mnc_Wanyan
		dyn_mnc_Wanggiya.dyn_mnc_Wanggiya.dyn_mnc_Wanggiya.dyn_mnc_Wanggiya
		dyn_mnc_Wanggurcin.dyn_mnc_Wanggurcin.dyn_mnc_Wanggurcin.dyn_mnc_Wanggurcin
		dyn_mnc_Wangjabu.dyn_mnc_Wangjabu.dyn_mnc_Wangjabu.dyn_mnc_Wangjabu
		dyn_mnc_Wangjar.dyn_mnc_Wangjar.dyn_mnc_Wangjar.dyn_mnc_Wangjar
		dyn_mnc_WangS_ut.dyn_mnc_WangS_ut.dyn_mnc_WangS_ut.dyn_mnc_WangS_ut
		dyn_mnc_Wanlioha.dyn_mnc_Wanlioha.dyn_mnc_Wanlioha.dyn_mnc_Wanlioha
		dyn_mnc_Wargi.dyn_mnc_Wargi.dyn_mnc_Wargi.dyn_mnc_Wargi
		dyn_mnc_Wari.dyn_mnc_Wari.dyn_mnc_Wari.dyn_mnc_Wari
		dyn_mnc_Warka.dyn_mnc_Warka.dyn_mnc_Warka.dyn_mnc_Warka
		dyn_mnc_Wasan.dyn_mnc_Wasan.dyn_mnc_Wasan.dyn_mnc_Wasan
		dyn_mnc_Wase.dyn_mnc_Wase.dyn_mnc_Wase.dyn_mnc_Wase
		dyn_mnc_Wegi.dyn_mnc_Wegi.dyn_mnc_Wegi.dyn_mnc_Wegi
		dyn_mnc_Wei.dyn_mnc_Wei.dyn_mnc_Wei.dyn_mnc_Wei
		dyn_mnc_Wei1.dyn_mnc_Wei1.dyn_mnc_Wei1.dyn_mnc_Wei1
		dyn_mnc_Weigiya.dyn_mnc_Weigiya.dyn_mnc_Weigiya.dyn_mnc_Weigiya
		dyn_mnc_Weigut.dyn_mnc_Weigut.dyn_mnc_Weigut.dyn_mnc_Weigut
		dyn_mnc_Weilalr.dyn_mnc_Weilalr.dyn_mnc_Weilalr.dyn_mnc_Weilalr
		dyn_mnc_Wen.dyn_mnc_Wen.dyn_mnc_Wen.dyn_mnc_Wen
		dyn_mnc_Wen1.dyn_mnc_Wen1.dyn_mnc_Wen1.dyn_mnc_Wen1
		dyn_mnc_Wenca.dyn_mnc_Wenca.dyn_mnc_Wenca.dyn_mnc_Wenca
		dyn_mnc_Wencara.dyn_mnc_Wencara.dyn_mnc_Wencara.dyn_mnc_Wencara
		dyn_mnc_Wenceheng.dyn_mnc_Wenceheng.dyn_mnc_Wenceheng.dyn_mnc_Wenceheng
		dyn_mnc_Wenda.dyn_mnc_Wenda.dyn_mnc_Wenda.dyn_mnc_Wenda
		dyn_mnc_Wende.dyn_mnc_Wende.dyn_mnc_Wende.dyn_mnc_Wende
		dyn_mnc_Wendenge.dyn_mnc_Wendenge.dyn_mnc_Wendenge.dyn_mnc_Wendenge
		dyn_mnc_Wendu.dyn_mnc_Wendu.dyn_mnc_Wendu.dyn_mnc_Wendu
		dyn_mnc_Wengari.dyn_mnc_Wengari.dyn_mnc_Wengari.dyn_mnc_Wengari
		dyn_mnc_Wenggilgin.dyn_mnc_Wenggilgin.dyn_mnc_Wenggilgin.dyn_mnc_Wenggilgin
		dyn_mnc_Wenggit.dyn_mnc_Wenggit.dyn_mnc_Wenggit.dyn_mnc_Wenggit
		dyn_mnc_Wenggori.dyn_mnc_Wenggori.dyn_mnc_Wenggori.dyn_mnc_Wenggori
		dyn_mnc_Wenggot.dyn_mnc_Wenggot.dyn_mnc_Wenggot.dyn_mnc_Wenggot
		dyn_mnc_Wengiya.dyn_mnc_Wengiya.dyn_mnc_Wengiya.dyn_mnc_Wengiya
		dyn_mnc_Wengket.dyn_mnc_Wengket.dyn_mnc_Wengket.dyn_mnc_Wengket
		dyn_mnc_Wengniolo.dyn_mnc_Wengniolo.dyn_mnc_Wengniolo.dyn_mnc_Wengniolo
		dyn_mnc_Wengniri.dyn_mnc_Wengniri.dyn_mnc_Wengniri.dyn_mnc_Wengniri
		dyn_mnc_Wengnit.dyn_mnc_Wengnit.dyn_mnc_Wengnit.dyn_mnc_Wengnit
		dyn_mnc_Wengnot.dyn_mnc_Wengnot.dyn_mnc_Wengnot.dyn_mnc_Wengnot
		dyn_mnc_Wengsejan.dyn_mnc_Wengsejan.dyn_mnc_Wengsejan.dyn_mnc_Wengsejan
		dyn_mnc_Wenja.dyn_mnc_Wenja.dyn_mnc_Wenja.dyn_mnc_Wenja
		dyn_mnc_Wentehe.dyn_mnc_Wentehe.dyn_mnc_Wentehe.dyn_mnc_Wentehe
		dyn_mnc_Wentun.dyn_mnc_Wentun.dyn_mnc_Wentun.dyn_mnc_Wentun
		dyn_mnc_Ya.dyn_mnc_Ya.dyn_mnc_Ya.dyn_mnc_Ya
		dyn_mnc_Yagiya.dyn_mnc_Yagiya.dyn_mnc_Yagiya.dyn_mnc_Yagiya
		dyn_mnc_Yan.dyn_mnc_Yan.dyn_mnc_Yan.dyn_mnc_Yan
		dyn_mnc_Yan1.dyn_mnc_Yan1.dyn_mnc_Yan1.dyn_mnc_Yan1
		dyn_mnc_Yan2.dyn_mnc_Yan2.dyn_mnc_Yan2.dyn_mnc_Yan2
		dyn_mnc_Yan3.dyn_mnc_Yan3.dyn_mnc_Yan3.dyn_mnc_Yan3
		dyn_mnc_Yang.dyn_mnc_Yang.dyn_mnc_Yang.dyn_mnc_Yang
		dyn_mnc_Yangai.dyn_mnc_Yangai.dyn_mnc_Yangai.dyn_mnc_Yangai
		dyn_mnc_Yangeri.dyn_mnc_Yangeri.dyn_mnc_Yangeri.dyn_mnc_Yangeri
		dyn_mnc_Yanggi.dyn_mnc_Yanggi.dyn_mnc_Yanggi.dyn_mnc_Yanggi
		dyn_mnc_Yanggiya.dyn_mnc_Yanggiya.dyn_mnc_Yanggiya.dyn_mnc_Yanggiya
		dyn_mnc_Yangi.dyn_mnc_Yangi.dyn_mnc_Yangi.dyn_mnc_Yangi
		dyn_mnc_Yangiri.dyn_mnc_Yangiri.dyn_mnc_Yangiri.dyn_mnc_Yangiri
		dyn_mnc_Yangiya.dyn_mnc_Yangiya.dyn_mnc_Yangiya.dyn_mnc_Yangiya
		dyn_mnc_Yangna.dyn_mnc_Yangna.dyn_mnc_Yangna.dyn_mnc_Yangna
		dyn_mnc_Yanja.dyn_mnc_Yanja.dyn_mnc_Yanja.dyn_mnc_Yanja
		dyn_mnc_Yanju.dyn_mnc_Yanju.dyn_mnc_Yanju.dyn_mnc_Yanju
		dyn_mnc_Yao.dyn_mnc_Yao.dyn_mnc_Yao.dyn_mnc_Yao
		dyn_mnc_Yaogiya.dyn_mnc_Yaogiya.dyn_mnc_Yaogiya.dyn_mnc_Yaogiya
		dyn_mnc_Yarhu.dyn_mnc_Yarhu.dyn_mnc_Yarhu.dyn_mnc_Yarhu
		dyn_mnc_Yarsara.dyn_mnc_Yarsara.dyn_mnc_Yarsara.dyn_mnc_Yarsara
		dyn_mnc_Yasu.dyn_mnc_Yasu.dyn_mnc_Yasu.dyn_mnc_Yasu
		dyn_mnc_Ye.dyn_mnc_Ye.dyn_mnc_Ye.dyn_mnc_Ye
		dyn_mnc_Yegulut.dyn_mnc_Yegulut.dyn_mnc_Yegulut.dyn_mnc_Yegulut
		dyn_mnc_Yehe.dyn_mnc_Yehe.dyn_mnc_Yehe.dyn_mnc_Yehe
		dyn_mnc_Yehele.dyn_mnc_Yehele.dyn_mnc_Yehele.dyn_mnc_Yehele
		dyn_mnc_Yekejong.dyn_mnc_Yekejong.dyn_mnc_Yekejong.dyn_mnc_Yekejong
		dyn_mnc_Yekuri.dyn_mnc_Yekuri.dyn_mnc_Yekuri.dyn_mnc_Yekuri
		dyn_mnc_Yelu.dyn_mnc_Yelu.dyn_mnc_Yelu.dyn_mnc_Yelu
		dyn_mnc_Yemole.dyn_mnc_Yemole.dyn_mnc_Yemole.dyn_mnc_Yemole
		dyn_mnc_Yemu.dyn_mnc_Yemu.dyn_mnc_Yemu.dyn_mnc_Yemu
		dyn_mnc_Yiogeri.dyn_mnc_Yiogeri.dyn_mnc_Yiogeri.dyn_mnc_Yiogeri
		dyn_mnc_Ying.dyn_mnc_Ying.dyn_mnc_Ying.dyn_mnc_Ying
		dyn_mnc_Yingai.dyn_mnc_Yingai.dyn_mnc_Yingai.dyn_mnc_Yingai
		dyn_mnc_Yinggiya.dyn_mnc_Yinggiya.dyn_mnc_Yinggiya.dyn_mnc_Yinggiya
		dyn_mnc_Yingiya.dyn_mnc_Yingiya.dyn_mnc_Yingiya.dyn_mnc_Yingiya
		dyn_mnc_Yo.dyn_mnc_Yo.dyn_mnc_Yo.dyn_mnc_Yo
		dyn_mnc_Yoca.dyn_mnc_Yoca.dyn_mnc_Yoca.dyn_mnc_Yoca
		dyn_mnc_Yokre.dyn_mnc_Yokre.dyn_mnc_Yokre.dyn_mnc_Yokre
		dyn_mnc_Yolocin.dyn_mnc_Yolocin.dyn_mnc_Yolocin.dyn_mnc_Yolocin
		dyn_mnc_Yonot.dyn_mnc_Yonot.dyn_mnc_Yonot.dyn_mnc_Yonot
		dyn_mnc_Yu.dyn_mnc_Yu.dyn_mnc_Yu.dyn_mnc_Yu
		dyn_mnc_Yu1.dyn_mnc_Yu1.dyn_mnc_Yu1.dyn_mnc_Yu1
		dyn_mnc_Yuan.dyn_mnc_Yuan.dyn_mnc_Yuan.dyn_mnc_Yuan
		dyn_mnc_Yugiya.dyn_mnc_Yugiya.dyn_mnc_Yugiya.dyn_mnc_Yugiya
		dyn_mnc_Yugiya1.dyn_mnc_Yugiya1.dyn_mnc_Yugiya1.dyn_mnc_Yugiya1
		dyn_mnc_Yuhuru.dyn_mnc_Yuhuru.dyn_mnc_Yuhuru.dyn_mnc_Yuhuru
		dyn_mnc_Yukmo.dyn_mnc_Yukmo.dyn_mnc_Yukmo.dyn_mnc_Yukmo
		dyn_mnc_Yukure.dyn_mnc_Yukure.dyn_mnc_Yukure.dyn_mnc_Yukure
		dyn_mnc_Yulu.dyn_mnc_Yulu.dyn_mnc_Yulu.dyn_mnc_Yulu
		dyn_mnc_Yur.dyn_mnc_Yur.dyn_mnc_Yur.dyn_mnc_Yur
		dyn_mnc_Yurku.dyn_mnc_Yurku.dyn_mnc_Yurku.dyn_mnc_Yurku
		dyn_mnc_Yurkure.dyn_mnc_Yurkure.dyn_mnc_Yurkure.dyn_mnc_Yurkure
		dyn_mnc_Yutumo.dyn_mnc_Yutumo.dyn_mnc_Yutumo.dyn_mnc_Yutumo
	}

	culture = {
		manchu = {
	male_names = {
		# Male-only
		zh_0385 zh_0474 zh_0956 zh_0981 zh_1132 zh_1226 zh_1405 zh_1484 zh_1627 zh_2525
		zh_2651 zh_3419 zh_4737 zh_5346 zh_6134
		# Either sex
		zh_0079 zh_0163 zh_0193 zh_0251 zh_0256 zh_0308 zh_0320 zh_0336 zh_0418 zh_0420
		zh_0500 zh_0516 zh_0523 zh_0670 zh_0689 zh_0689 zh_0735 zh_0948 zh_1115 zh_1164
		zh_1172 zh_1218 zh_1227 zh_1331 zh_1337 zh_1344 zh_1355 zh_1367 zh_1381 zh_1395 zh_1526
		zh_1550 zh_1565 zh_1696 zh_1730 zh_1738 zh_1792 zh_1807 zh_1813 zh_1837 zh_1837 zh_1854
		zh_1938 zh_1947 zh_1970 zh_1979 zh_2052 zh_2398 zh_2404 zh_2429 zh_2490 zh_2504 
		zh_2514 zh_2533 zh_2535 zh_2541 zh_2545 zh_2606 zh_2638 zh_2639 zh_2639 zh_2710
		zh_2734 zh_2767 zh_2837 zh_2970 zh_2973 zh_2976 zh_3015 zh_3057 zh_3068 zh_3109
		zh_3134 zh_3152 zh_3160 zh_3219 zh_3390 zh_3425 zh_3447 zh_3552 zh_3768 zh_3791
		zh_3829 zh_3940 zh_4101 zh_4102 zh_4135 zh_4176 zh_4320 zh_4382 zh_4423 zh_4428
		zh_4539 zh_4790 zh_5019 zh_5030 zh_5046 zh_5333 zh_5358 zh_5363 zh_5364 zh_5383
		zh_5440 zh_5478 zh_5593 zh_5628 zh_5633 zh_5676 zh_5816 zh_5988 zh_6297 zh_6363
		zh_6389 zh_6540 zh_6671 zh_6855 zh_6875 zh_6892 zh_6900 zh_6930 zh_7022 zh_7122
		zh_7127 zh_7161 zh_7183 zh_7185 zh_7209 zh_7227 zh_7230 zh_7234 zh_7299 zh_7311
		zh_7449 zh_7703 zh_7787 zh_7812 zh_7893 zh_8002 zh_8113
	}

	female_names = {
		# Female-only
		zh_0022 zh_0061 zh_1129 zh_1369 zh_2494 zh_2672 zh_3046 zh_3055 zh_3189 zh_3276
		zh_3810 zh_4258 zh_5126 zh_5297 zh_5468 zh_5571 zh_5695 zh_5725 zh_6591 zh_6598
		# Either sex
		zh_0079 zh_0163 zh_0193 zh_0251 zh_0256 zh_0308 zh_0320 zh_0336 zh_0418 zh_0420
		zh_0500 zh_0516 zh_0523 zh_0670 zh_0689 zh_0689 zh_0735 zh_0948 zh_1115 zh_1164
		zh_1172 zh_1218 zh_1227 zh_1331 zh_1337 zh_1344 zh_1355 zh_1367 zh_1381 zh_1395 zh_1526
		zh_1550 zh_1565 zh_1696 zh_1730 zh_1738 zh_1792 zh_1807 zh_1813 zh_1837 zh_1837 zh_1854
		zh_1938 zh_1947 zh_1970 zh_1979 zh_2052 zh_2398 zh_2404 zh_2429 zh_2490 zh_2504 
		zh_2514 zh_2533 zh_2535 zh_2541 zh_2545 zh_2606 zh_2638 zh_2639 zh_2639 zh_2710
		zh_2734 zh_2767 zh_2837 zh_2970 zh_2973 zh_2976 zh_3015 zh_3057 zh_3068 zh_3109
		zh_3134 zh_3152 zh_3160 zh_3219 zh_3390 zh_3425 zh_3447 zh_3552 zh_3768 zh_3791
		zh_3829 zh_3940 zh_4101 zh_4102 zh_4135 zh_4176 zh_4320 zh_4382 zh_4423 zh_4428
		zh_4539 zh_4790 zh_5019 zh_5030 zh_5046 zh_5333 zh_5358 zh_5363 zh_5364 zh_5383
		zh_5440 zh_5478 zh_5593 zh_5628 zh_5633 zh_5676 zh_5816 zh_5988 zh_6297 zh_6363
		zh_6389 zh_6540 zh_6671 zh_6855 zh_6875 zh_6892 zh_6900 zh_6930 zh_7022 zh_7122
		zh_7127 zh_7161 zh_7183 zh_7185 zh_7209 zh_7227 zh_7230 zh_7234 zh_7299 zh_7311
		zh_7449 zh_7703 zh_7787 zh_7812 zh_7893 zh_8002 zh_8113  
	}
		}
		oroqen = {}
		xibe = {}
		amur = {}
	}
	
	barbarian_names = { JURCHEN }
	
	graphical_culture = asian_1815_gfx
	
	ethnicities = {
		7 = east_asian
		3 = turkic
	}	
}