malayo-polynesian = {
	color = hsv { 0.5  0.5  0.7 }

    levy_template = levy_conscripts

    primary = conscripts
    secondary = conscripts
    flank = conscripts

    primary_navy = tetrere
    secondary_navy = octere
    flank_navy = liburnian
    male_names = {
		Tsau-Lha Mengtsekya Inayat Menradza Tsalenggathu Dong Sukanto Gadzabadi Yang Macaraeg Dimayuga Magbanua Panganiban Angga Pinkan Herling Gerungan
	}
	female_names = {
		Amritpal Merenui Metetini Miri Moea Moeata Moerani Mohea Nanihi Nu’utea Orama Poe Pear Poehina Poenui Poerava Puaiti Puatea Puaura Ra’ihau Ra’imere Ra’inui Ranitea Rarahu Raunui Raurii Tahiata Taiana Taina Tania Taurua Tautiare Tehani Tehea Teora Tera Tevai Titaina Titaua Tuianu Tumata Unutea Urarii Vaea Vaiana Vaianu Vaiata Vaihere Vaimiti Vairea Vaite Vaitiare Ani
	}
	family = { # Rework - Need to find out the prominant medium families duringing 19th century Malaysia
		Feng.Feng.Feng.Feng
		Yang.Yang.Yang.Yang
		Shi.Shi.Shi.Shi
		Hong.Hong.Hong.Hong
		Lai.Lai.Lai.Lai
		Yan.Yan.Yan.Yan
		Liu.Liu.Liu.Liu
		Qiu.Qiu.Qiu.Qiu
		Sun.Sun.Sun.Sun
		Liao.Liao.Liao.Liao
		Yao.Yao.Yao.Yao
		Deng.Deng.Deng.Deng
		Xue.Xue.Xue.Xue
		Zhang.Zhang.Zhang.Zhang
		Luo.Luo.Luo.Luo
		Xie.Xie.Xie.Xie
		Miao.Miao.Miao.Miao
		Wu.Wu.Wu.Wu
		Fan.Fan.Fan.Fan
		Li.Li.Li.Li
		Zhu.Zhu.Zhu.Zhu
		Ye.Ye.Ye.Ye
		Hu.Hu.Hu.Hu
		Wang.Wang.Wang.Wang
		Xiao.Xiao.Xiao.Xiao
		Ding.Ding.Ding.Ding
		Tse.Tse.Tse.Tse
		Jiang.Jiang.Jiang.Jiang
		Mui.Mui.Mui.Mui
		Kuang.Kuang.Kuang.Kuang
		Hsu.Hsu.Hsu.Hsu
		Tsui.Tsui.Tsui.Tsui
		Ma.Ma.Ma.Ma
		Chu.Chu.Chu.Chu
		Tang.Tang.Tang.Tang
		Cou.Cou.Cou.Cou
		Ngai.Ngai.Ngai.Ngai
		Sheung.Sheung.Sheung.Sheung
		Luk.Luk.Luk.Luk
		Laoh.Laoh.Laoh.Laoh
	}

	culture = {
		tagalog = {
			male_names = {
				Juan Jimeno Carlos Marcos José Miguel Luís Manuel Martín Pedro Fernando Ferdinando Francisco Velasco Mateo Santiago Sebastián Matías Diego Alejandro Samuel Adrián Joaquín Lucas Tomas Gabriel Emiliano Jerónimo Emmanuel Agustín Pablo Andrés Thiago Leonardo Felipe Ángel Maximiliano Ignacio Emilio Bruno Vicente Valentino Julián Javier Luciano Rafael Ricardo Sergio Eduardo Cristóbal Jorge Alonso Simón Gael Damián Esteban Dante Camilo Elías Benito Sancho Mengtsekya Inayat Menradza Tsalenggathu Dong Sukanto Gadzabadi Yang Macaraeg Dimayuga Magbanua Panganiban Angga Pinkan Herling Gerungan
				}
			female_names = {
				Theresa Maria Alba Manuela Carmen Luisa Sofia Isabella Camila Valentina Valeria Mariana Luciana Daniela Gabriela Victoria Martina Lucia Jimena Sara Renata Emilia Paula Amanda Fernanda Emilia Juana Bianca Florencia Carolina Maite Rafaela Regina Adriana Violeta Salomé Isabel Julia Delfina Olivia Cristina Micaela Fabiana Josefina Isidora Irena Magdalena Benita
				}
			family = {
				González.González.González.González
				Forjan.Forjan.Forjan.Forjan
				Jimenez.Jimenez.Jimenez.Jimenez
				Herrero.Herrero.Herrero.Herrero
				Obrien.Obrien.Obrien.Obrien
				García.García.García.García
				Fernández.Fernández.Fernández.Fernández
				Rodríguez.Rodríguez.Rodríguez.Rodríguez
				López.López.López.López
				Pérez.Pérez.Pérez.Pérez
				Martin.Martin.Martin.Martin
				Gómez.Gómez.Gómez.Gómez
				Franco.Franco.Franco.Franco
				Ruíz.Ruíz.Ruíz.Ruíz
				Suarez.Suarez.Suarez.Suarez
				Velazquez.Velazquez.Velazquez.Velazquez
				Velez.Velez.Velez.Velez
				Vega.Vega.Vega.Vega
				Mendoza.Mendoza.Mendoza.Mendoza
				Morales.Morales.Morales.Morales
				Torres.Torres.Torres.Torres
				Iglesias.Iglesias.Iglesias.Iglesias
				Hidalgo.Hidalgo.Hidalgo.Hidalgo
				Molinero.Molinero.Molinero.Molinero
				Romero.Romero.Romero.Romero
				Zapatero.Zapatero.Zapatero.Zapatero
				Cortes.Cortes.Cortes.Cortes
				Delgado.Delgado.Delgado.Delgado
				Rubio.Rubio.Rubio.Rubio
				Colón.Colón.Colón.Colón
				Moreno.Moreno.Moreno.Moreno
				Artiza.Artiza.Artiza.Artiza
				Campos.Campos.Campos.Campos
				Sánchez.Sánchez.Sánchez.Sánchez
				Ríos.Ríos.Ríos.Ríos
				Gutierrez
				}
			}
		bisayan = {
			male_names = {
				Juan Jimeno Carlos Marcos José Miguel Luís Manuel Martín Pedro Fernando Ferdinando Francisco Velasco Mateo Santiago Sebastián Matías Diego Alejandro Samuel Adrián Joaquín Lucas Tomas Gabriel Emiliano Jerónimo Emmanuel Agustín Pablo Andrés Thiago Leonardo Felipe Ángel Maximiliano Ignacio Emilio Dante Camilo Elías Benito Sancho Mengtsekya Inayat Menradza Tsalenggathu Dong Sukanto Gadzabadi Yang Macaraeg Dimayuga Magbanua Panganiban Angga Pinkan Herling Gerungan
				}
			female_names = {
				Theresa Maria Alba Manuela Carmen Luisa Sofia Isabella Camila Valentina Valeria Mariana Luciana Daniela Gabriela Victoria Martina Lucia Jimena Sara Renata Emilia Paula Amanda Fernanda Emilia Juana Bianca Florencia Carolina Maite Rafaela Regina Adriana Violeta Salomé Isabel Julia Delfina Olivia Cristina Micaela Fabiana Josefina Isidora Irena Magdalena Benita
				}
			family = {
				González.González.González.González
				Forjan.Forjan.Forjan.Forjan
				Jimenez.Jimenez.Jimenez.Jimenez
				Herrero.Herrero.Herrero.Herrero
				Obrien.Obrien.Obrien.Obrien
				García.García.García.García
				Fernández.Fernández.Fernández.Fernández
				Rodríguez.Rodríguez.Rodríguez.Rodríguez
				López.López.López.López
				Pérez.Pérez.Pérez.Pérez
				Martin.Martin.Martin.Martin
				Gómez.Gómez.Gómez.Gómez
				Franco.Franco.Franco.Franco
				Ruíz.Ruíz.Ruíz.Ruíz
				Suarez.Suarez.Suarez.Suarez
				Velazquez.Velazquez.Velazquez.Velazquez
				Velez.Velez.Velez.Velez
				Vega.Vega.Vega.Vega
				Mendoza.Mendoza.Mendoza.Mendoza
				Morales.Morales.Morales.Morales
				Torres.Torres.Torres.Torres
				Iglesias.Iglesias.Iglesias.Iglesias
				Hidalgo.Hidalgo.Hidalgo.Hidalgo
				Molinero.Molinero.Molinero.Molinero
				Romero.Romero.Romero.Romero
				Zapatero.Zapatero.Zapatero.Zapatero
				Cortes.Cortes.Cortes.Cortes
				Delgado.Delgado.Delgado.Delgado
				Rubio.Rubio.Rubio.Rubio
				Colón.Colón.Colón.Colón
				Moreno.Moreno.Moreno.Moreno
				Artiza.Artiza.Artiza.Artiza
				Campos.Campos.Campos.Campos
				Sánchez.Sánchez.Sánchez.Sánchez
				Ríos.Ríos.Ríos.Ríos
				Gutierrez
				}
			}
		sulawesi = {}
		ilocano = {}
		bikolan = {}
		filipino = {
			male_names = {
				Juan Jimeno Carlos Marcos José Miguel Luís Manuel Martín Pedro Fernando Ferdinando Francisco Velasco Mateo Santiago Sebastián Matías Diego Alejandro Samuel Adrián Joaquín Lucas Tomas Gabriel Emiliano Jerónimo Emmanuel Agustín Pablo Andrés Thiago Leonardo Felipe Ángel Maximiliano Ignacio Emilio Bruno Vicente Valentino Julián Javier Luciano Rafael Ricardo Sergio Eduardo Cristóbal Jorge Alonso Simón Gael Damián Esteban Dante Camilo Elías Benito Sancho
				}
			female_names = {
				Theresa Maria Alba Manuela Carmen Luisa Sofia Isabella Camila Valentina Valeria Mariana Luciana Daniela Gabriela Victoria Martina Lucia Jimena Sara Renata Emilia Paula Amanda Fernanda Emilia Juana Bianca Florencia Carolina Maite Rafaela Regina Adriana Violeta Salomé Isabel Julia Delfina Olivia Cristina Micaela Fabiana Josefina Isidora Irena Magdalena Benita
				}
			family = {
				González.González.González.González
				Forjan.Forjan.Forjan.Forjan
				Jimenez.Jimenez.Jimenez.Jimenez
				Herrero.Herrero.Herrero.Herrero
				Obrien.Obrien.Obrien.Obrien
				García.García.García.García
				Fernández.Fernández.Fernández.Fernández
				Rodríguez.Rodríguez.Rodríguez.Rodríguez
				López.López.López.López
				Pérez.Pérez.Pérez.Pérez
				Martin.Martin.Martin.Martin
				Gómez.Gómez.Gómez.Gómez
				Franco.Franco.Franco.Franco
				Ruíz.Ruíz.Ruíz.Ruíz
				Suarez.Suarez.Suarez.Suarez
				Velazquez.Velazquez.Velazquez.Velazquez
				Velez.Velez.Velez.Velez
				Vega.Vega.Vega.Vega
				Mendoza.Mendoza.Mendoza.Mendoza
				Morales.Morales.Morales.Morales
				Torres.Torres.Torres.Torres
				Iglesias.Iglesias.Iglesias.Iglesias
				Hidalgo.Hidalgo.Hidalgo.Hidalgo
				Molinero.Molinero.Molinero.Molinero
				Romero.Romero.Romero.Romero
				Zapatero.Zapatero.Zapatero.Zapatero
				Cortes.Cortes.Cortes.Cortes
				Delgado.Delgado.Delgado.Delgado
				Rubio.Rubio.Rubio.Rubio
				Colón.Colón.Colón.Colón
				Moreno.Moreno.Moreno.Moreno
				Artiza.Artiza.Artiza.Artiza
				Campos.Campos.Campos.Campos
				Sánchez.Sánchez.Sánchez.Sánchez
				Ríos.Ríos.Ríos.Ríos
				Gutierrez
				}
			} # Hispanicised filipinos
	}
	
	barbarian_names = { MALAYO-POLYNESIAN }
	
	graphical_culture = asian_1815_gfx
	
	ethnicities = {
		10 = filipino
	}	
}