metis = {
	color = hsv { 0.2  0.2  0.3 }

    levy_template = levy_conscripts

    primary = conscripts
    secondary = conscripts
    flank = conscripts

    primary_navy = tetrere
    secondary_navy = octere
    flank_navy = liburnian
    male_names = {
		Algernon Ahanu Abooksigun Abukcheech Achachak Ahanu Keme Mahigan Makkapitew Opechancanough Powhatan Samoset Vassagijik Aenohea-eotse Ahtunowhiho Akkompoin Wonohaquaham Wiishkobak Wyapiersenwah Wenepoykin Wuttunee Sunconewhew Sucki Sassamon Saswaypew Sat-okh Sehkosowayawnew Sepistokos Sikakwayan Quinnapin Quequequanachet Quadequina Paskwuw Papewes Pamantaquash Ozaawindib Ousamequin Otssimmmokoyistamik Nodin Quadequina Armand Jules Lucas Léo Gabriel Arthur Louis Hugo Thomas Nicolas Julien Quentin Maxime Alexandre Antoine Kevin Clement Romain Pierre Florian Guillaume Valentin Jérémy Alexis Anthony Theo Paul Mathieu Richard Benjamin Adrien Vincent Corentin Thibault Jordan Sebastien Simon Aurélien Victor Loïc Rémi Arnaud Davide Jonathan Damien Bastien Martin Raphael François Tristan Mathis Samuel Charles Benoit Fabien Florent Maxence Cédric Marc Jérôme Gaëtan Jean Cyril Jules Olivier Laurent Christopher Sylvain Ludovic Stephane Xavier Mael Morgan Adam Franck Grégory Cristophe Alain Antonin Philippe Elmo Michel Henri Gabin Leonard Noel Marcel Armand-Emmanuel Emmanuel JeanPhilippe CharlesMaurice Victor Erasme Étienne Hector 
	}
	female_names = {
		Amonute Chepi Chicago Hurit Matoaka Miskweminaocsqua Takhi Wapun Watseka Wawetseka Aanakwad Aapoya-ki Abedabun Abeque Alsoomse Ameohene-e Yaskuttsu-s Wenunchus Weetamoo Stsimaki Saoyi-kitstaki Siipiisai-pia-ki Sakoisakaasim Paskus Osamuskwasis Otahkoiksiskstakia-ki Niben Niigi-o Oiguina Koko
	}
	family = {
		Merat.Merat.Merat.Merat
		Chevrolet.Chevrolet.Chevrolet.Chevrolet
		Marchand.Marchand.Marchand.Marchand
		Beaulieu.Beaulieu.Beaulieu.Beaulieu
		Beaumont.Beaumont.Beaumont.Beaumont
		Travers.Travers.Travers.Travers
		Legrand.Legrand.Legrand.Legrand
		Leblanc.Leblanc.Leblanc.Leblanc
		Moreau.Moreau.Moreau.Moreau
		Bernard.Bernard.Bernard.Bernard
		Martin.Martin.Martin.Martin
		Thomas.Thomas.Thomas.Thomas
		Chartres.Chartres.Chartres.Chartres
		Durand.Durand.Durand.Durand
		Dubois.Dubois.Dubois.Dubois
		Dupont.Dupont.Dupont.Dupont
		Chastain.Chastain.Chastain.Chastain
		Fournier.Fournier.Fournier.Fournier
		Comtois.Comtois.Comtois.Comtois
		Fabron.Fabron.Fabron.Fabron
		Couture.Couture.Couture.Couture
		Caron.Caron.Caron.Caron
		Dupuis.Dupuis.Dupuis.Dupuis
		Deschamps.Deschamps.Deschamps.Deschamps
		Leroy.Leroy.Leroy.Leroy
		Rousseau.Rousseau.Rousseau.Rousseau
		Berger.Berger.Berger.Berger
		Bisset.Bisset.Bisset.Bisset
		Boucher.Boucher.Boucher.Boucher
		Charpentier.Charpentier.Charpentier.Charpentier
		Pelletier.Pelletier.Pelletier.Pelletier
		Segal.Segal.Segal.Segal
		Mercier.Mercier.Mercier.Mercier
		Brun.Brun.Brun.Brun
		Petit.Petit.Petit.Petit
		Alméras.Alméras.Alméras.Alméras
		Berengar.Berengar.Berengar.Berengar
		Berjeau.Berjeau.Berjeau.Berjeau
		Baffier.Baffier.Baffier.Baffier
		Bonhomme.Bonhomme.Bonhomme.Bonhomme
		Beaubois.Beaubois.Beaubois.Beaubois
		Beauchamp.Beauchamp.Beauchamp.Beauchamp
		Marchal.Marchal.Marchal.Marchal
		Pinchon.Pinchon.Pinchon.Pinchon
		Peyronnet.Peyronnet.Peyronnet.Peyronnet
		Raoult.Raoult.Raoult.Raoult
		Regnault.Regnault.Regnault.Regnault
		Rochefort.Rochefort.Rochefort.Rochefort
		Paquet.Paquet.Paquet.Paquet
		Nicollier.Nicollier.Nicollier.Nicollier
		Nadon.Nadon.Nadon.Nadon
		Ripert.Ripert.Ripert.Ripert
		Moulin.Moulin.Moulin.Moulin
		Vasseur.Vasseur.Vasseur.Vasseur
		Vizard.Vizard.Vizard.Vizard
		Gachet.Gachet.Gachet.Gachet
		Jeannet.Jeannet.Jeannet.Jeannet
		Jacquemin.Jacquemin.Jacquemin.Jacquemin
		Lacroix.Lacroix.Lacroix.Lacroix
		Goff.Goff.Goff.Goff
		Godeau.Godeau.Godeau.Godeau
		Hernu.Hernu.Hernu.Hernu
		Lenoir.Lenoir.Lenoir.Lenoir
		Lefebvre.Lefebvre.Lefebvre.Lefebvre
		Leclercq.Leclercq.Leclercq.Leclercq
		Leclair.Leclair.Leclair.Leclair
		Lavalette.Lavalette.Lavalette.Lavalette
		Maniwaki.Maniwaki.Maniwaki.Maniwaki
		Abitibi.Abitibi.Abitibi.Abitibi
		Tirnish.Tirnish.Tirnish.Tirnish
		Wapachiches.Wapachiches.Wapachiches.Wapachiches
		Rena.Rena.Rena.Rena
		Metatash.Metatash.Metatash.Metatash
		Nonchapo.Nonchapo.Nonchapo.Nonchapo
		Kapo.Kapo.Kapo.Kapo
		Eslo.Eslo.Eslo.Eslo
		Twinishe.Twinishe.Twinishe.Twinishe
		Cahil.Cahil.Cahil.Cahil
		Capunishin.Capunishin.Capunishin.Capunishin
		Ottawa.Ottawa.Ottawa.Ottawa
		Cakoo.Cakoo.Cakoo.Cakoo
		Tamob.Tamob.Tamob.Tamob
		Tenesco.Tenesco.Tenesco.Tenesco
		Simo.Simo.Simo.Simo
		Ampuchue.Ampuchue.Ampuchue.Ampuchue
		Agushin.Agushin.Agushin.Agushin
		Carnaasnce.Carnaasnce.Carnaasnce.Carnaasnce
		Kestapeb.Kestapeb.Kestapeb.Kestapeb
		Jamicheway.Jamicheway.Jamicheway.Jamicheway
		Magineigripak.Magineigripak.Magineigripak.Magineigripak
		Maglourgik.Maglourgik.Maglourgik.Maglourgik
		Mowat.Mowat.Mowat.Mowat
		Winatobro.Winatobro.Winatobro.Winatobro

	}

	culture = {
		metis = {}
		anglo-metis = {
			male_names = {
				Algernon Ahanu Abooksigun Abukcheech Achachak Ahanu Keme Mahigan Makkapitew Opechancanough Powhatan Samoset Vassagijik Aenohea-eotse Ahtunowhiho Akkompoin Wonohaquaham Wiishkobak Wyapiersenwah Wenepoykin Wuttunee Sunconewhew Sucki Sassamon Saswaypew Sat-okh Sehkosowayawnew Sepistokos Sikakwayan Quinnapin Quequequanachet Quadequina Paskwuw Papewes Pamantaquash Ozaawindib Ousamequin Otssimmmokoyistamik Nodin Quadequina Armand Kevin David Johnathan William Anthony Stephen Ian Thomas Robin Henry Adam Cuthbert Philip Horatio Horace Andrew James Wilbur Oswald Victor Jack Stuart Eric George Charles Frank Joseph Robert Edward Harold Walter Arthur Frederick Samuel Clarence Louis Richard Ernest Roy Oscar Daniel Benjamin Alfred Peter Howard Ralph Herbert Paul Jacob Claude Edwin Edgar Lawrence Hugo Theodore Leonard Bernard Julius Alexander Rufus Percival Nathan Matthew Stanley Maurice Gilbert Mark Virgil Christopher Oliver Edmund Geoffrey Marvin Vernon Hubert Mortimer Kenneth Winston Arnold Nicholas Norman Roderick Elijah Sylvester Cecil Noah Noel Aaron Constantine Angus Brian Douglas
			}
			female_names = {
				Laura Felicity Janet Jane Victoria Elizabeth Henrietta Philippa Annie Anne Winnie Jean Hariett Mary Emma Margaret Clara Alice Florence Grace Ethel Sarah Eleanor Ella Martha Mabel Helen Lillian Gertrude Jennifer Myrtle Louise Samantha Josephine Clare Georgia Georgina Isabelle Fanny Gail Susan Cornelia Sally Bernice Lucille Hilda Gladys Barbara Dorothy Theresa Eliza Esther Nancy Ruth Daisy Nora Jemima Permilia Tabitha Cordelia Lydia Violet Mildred Eunice Cecilia Dahlia Caroline Carol Frances Priscilla Wilma Amanda Irene Mandy Cynthia Selene Amelia Bethany Abigail Rose Ellen Constance
			}
			family = {
				Donoghue.Donoghue.Donoghue.Donoghue
				McAllister.McAllister.McAllister.McAllister
				Buchannan.Buchannan.Buchannan.Buchannan
				McDonald.McDonald.McDonald.McDonald
				Abercrombie.Abercrombie.Abercrombie.Abercrombie
				Barrie.Barrie.Barrie.Barrie
				Argyle.Argyle.Argyle.Argyle
				Currie.Currie.Currie.Currie
				Salmond.Salmond.Salmond.Salmond
				Cunningham.Cunningham.Cunningham.Cunningham
				Craighead.Craighead.Craighead.Craighead
				Crosbie.Crosbie.Crosbie.Crosbie
				Gillmore.Gillmore.Gillmore.Gillmore
				Lyle.Lyle.Lyle.Lyle
				MacAffee.MacAffee.MacAffee.MacAffee
				MacBain.MacBain.MacBain.MacBain
			}
		}
	}
	
	barbarian_names = { FRENCH }
	
	graphical_culture = western_1815_gfx
	
	ethnicities = {
		10 = iberian
	}	
}