north_ugric = {
	color = hsv { 0.8  0.8  0.8 }

    levy_template = levy_conscripts

    primary = conscripts
    secondary = conscripts
    flank = conscripts

    primary_navy = tetrere
    secondary_navy = octere
    flank_navy = liburnian
	male_names = {
		fi_Aapeli fi_Aappo fi_Aaro fi_Aatami fi_Ahvo fi_Aimo fi_Aku fi_Aleksi fi_Alpo fi_Altti
		fi_Anselmi fi_Anssi fi_Antero fi_Antti fi_Arhippa fi_Ari-Pekka fi_Arsi fi_Artti fi_Arttu
		fi_Arvi fi_Arvo fi_Asko fi_Atso fi_Auli fi_Eelis fi_Eemil fi_Eero fi_Eetu fi_Eevert fi_Eino
		fi_Ere fi_Erkka fi_Erkki fi_Erno fi_Esko fi_Hannu fi_Heikki fi_Hiski fi_Iikka fi_Iiro fi_Iivo
		fi_Ilkka fi_Ilmari fi_Ilmo fi_Ilppo fi_Jalo fi_Janne fi_Jarmo fi_Jasu fi_Jere fi_Jesse fi_Jiri
		fi_Joni fi_Joona fi_Joonas fi_Jori fi_Jorma fi_Jouko fi_Jouo fi_Juha-Matti fi_Juhani
		fi_Juha-Pekka fi_Juho fi_Jyrki fi_Kaapo fi_Kale fi_Kalervo fi_Kalevi fi_Kauno fi_Keijo
		fi_Keimo fi_Kerkko fi_Kimmo fi_Kullervo fi_Kustaa fi_Lasse fi_Launo fi_Lauri fi_Lyly
		fi_Manne fi_Manu fi_Markku fi_Mato fi_Matti fi_Mauno fi_Maunu fi_Mikko fi_Nikke
		fi_Niko fi_Nuutti fi_Nyyrikki fi_Ohto fi_Oiva fi_Okko fi_Olavi fi_Otto fi_Paavo fi_Panu
		fi_Pasi fi_Pekka fi_Pellervo fi_Pertti fi_Pirkka fi_Raimo fi_Rami fi_Rauli fi_Reko fi_Retu
		fi_Riku fi_Risto fi_Sakari fi_Saku fi_Sameli fi_Sani fi_Santeri fi_Santtu fi_Seppo fi_Simi
		fi_Sippo fi_Soini fi_Taavi fi_Tane fi_Tapani fi_Tapio fi_Tarmo fi_Tarvo fi_Teemu fi_Tenho
		fi_Terjo fi_Teuvo fi_Topi fi_Tuomas fi_Tuomo-Markus fi_Turo fi_Ukko fi_Uoti fi_Urho
		fi_Urpo fi_Uuno fi_Valo fi_Valto fi_Valtteri fi_Veikko fi_Veli fi_Vilho fi_Ville fi_Vilppu
		fi_Visa fi_Voitto fi_Yrjo
	}

	female_names = {
		fi_Aamu fi_Aija fi_Aili fi_Aina fi_Aini fi_Aino fi_Aira fi_Anna fi_Anna-Kaisa fi_Anna-Liisa
		fi_Anni fi_Anniina fi_Annikki fi_Annukka fi_Ansa fi_Anu fi_Arja fi_Armi fi_Asla fi_Auli
		fi_Aulikki fi_Aune fi_Auni fi_Auno fi_Aura fi_Eeva fi_Eevi fi_Eija fi_Eija-Riita fi_Eila fi_Eine
		fi_Elina fi_Ella fi_Elna fi_Elsa fi_Emilia fi_Emma fi_Erja fi_Essi fi_Eveliina fi_Hanna fi_Heli
		fi_Helja fi_Hellevi fi_Helmi fi_Helvi fi_Henna fi_Henriikka fi_Heta fi_Hilja fi_Hilla fi_Hillevi
		fi_Hilppa fi_Iida fi_Iina fi_Iines fi_Ilma fi_Ilmi fi_Ilta fi_Inari fi_Irja fi_Jaana fi_Jenna
		fi_Jenni fi_Julia fi_Jutta fi_Kaarina fi_Kaisa fi_Kaisla fi_Kaisu fi_Kanerva fi_Kerttu fi_Kielo
		fi_Kirsi fi_Kylli fi_Kyllikki fi_Lahja fi_Laura fi_Lempi fi_Liina fi_Lilja fi_Lilli fi_Lumikki
		fi_Luuta fi_Lyydia fi_Lyyli fi_Maija fi_Maija-Liisa fi_Maini fi_Manta fi_Marjatta fi_Mattila
		fi_Meeri fi_Merja fi_Mervi fi_Mielikki fi_Miia fi_Miimu fi_Milja fi_Milla fi_Minttu fi_Mirja
		fi_Mirva fi_Nea fi_Neea fi_Noora fi_Oili fi_Oivi fi_Oona fi_Osma fi_Outi fi_Pilvi fi_Pirita
		fi_Pirjo fi_Pirkko fi_Raija fi_Raila fi_Rauha fi_Riitta fi_Ritva fi_Roosa fi_Saana fi_Saara
		fi_Saila fi_Sani fi_Sara fi_Satu fi_Senni fi_Siiri fi_Sirkku fi_Sirpa fi_Sisko fi_Sivi fi_Sohvi
		fi_Suoma fi_Suvi fi_Syksy fi_Taimi fi_Taina fi_Talvi fi_Tellervo fi_Titta fi_Tuovi fi_Tuttu
		fi_Tuukka fi_Tyni fi_Tyyne fi_Ulla-Maija fi_Varma fi_Veera fi_Vieno fi_Viivi
	}
	family = {
		dyn_fi_Maki.dyn_fi_Maki.dyn_fi_Maki.dyn_fi_Maki
		dyn_fi_Koski.dyn_fi_Koski.dyn_fi_Koski.dyn_fi_Koski
		dyn_fi_Niemi.dyn_fi_Niemi.dyn_fi_Niemi.dyn_fi_Niemi
		dyn_fi_Saari.dyn_fi_Saari.dyn_fi_Saari.dyn_fi_Saari
		dyn_fi_Aho.dyn_fi_Aho.dyn_fi_Aho.dyn_fi_Aho
		dyn_fi_Salo.dyn_fi_Salo.dyn_fi_Salo.dyn_fi_Salo
		dyn_fi_Kangas.dyn_fi_Kangas.dyn_fi_Kangas.dyn_fi_Kangas
		dyn_fi_Lahti.dyn_fi_Lahti.dyn_fi_Lahti.dyn_fi_Lahti
		dyn_fi_Luoma.dyn_fi_Luoma.dyn_fi_Luoma.dyn_fi_Luoma
		dyn_fi_Hakala.dyn_fi_Hakala.dyn_fi_Hakala.dyn_fi_Hakala
		dyn_fi_Makela.dyn_fi_Makela.dyn_fi_Makela.dyn_fi_Makela
		dyn_fi_Oja.dyn_fi_Oja.dyn_fi_Oja.dyn_fi_Oja
		dyn_fi_Heikkinen.dyn_fi_Heikkinen.dyn_fi_Heikkinen.dyn_fi_Heikkinen
		dyn_fi_Korhonen.dyn_fi_Korhonen.dyn_fi_Korhonen.dyn_fi_Korhonen
		dyn_fi_Lehto.dyn_fi_Lehto.dyn_fi_Lehto.dyn_fi_Lehto
		dyn_fi_Salmi.dyn_fi_Salmi.dyn_fi_Salmi.dyn_fi_Salmi
		dyn_fi_Harju.dyn_fi_Harju.dyn_fi_Harju.dyn_fi_Harju
		dyn_fi_Laakso.dyn_fi_Laakso.dyn_fi_Laakso.dyn_fi_Laakso
		dyn_fi_Seppala.dyn_fi_Seppala.dyn_fi_Seppala.dyn_fi_Seppala
		dyn_fi_Juntunen.dyn_fi_Juntunen.dyn_fi_Juntunen.dyn_fi_Juntunen
		dyn_fi_Aalto.dyn_fi_Aalto.dyn_fi_Aalto.dyn_fi_Aalto
		dyn_fi_Aaltonen.dyn_fi_Aaltonen.dyn_fi_Aaltonen.dyn_fi_Aaltonen
		dyn_fi_Ahola.dyn_fi_Ahola.dyn_fi_Ahola.dyn_fi_Ahola
		dyn_fi_Ahonen.dyn_fi_Ahonen.dyn_fi_Ahonen.dyn_fi_Ahonen
		dyn_fi_Ahtiala.dyn_fi_Ahtiala.dyn_fi_Ahtiala.dyn_fi_Ahtiala
		dyn_fi_Ahvenainen.dyn_fi_Ahvenainen.dyn_fi_Ahvenainen.dyn_fi_Ahvenainen
		dyn_fi_Aikio.dyn_fi_Aikio.dyn_fi_Aikio.dyn_fi_Aikio
		dyn_fi_Aikivuori.dyn_fi_Aikivuori.dyn_fi_Aikivuori.dyn_fi_Aikivuori
		dyn_fi_Alakangas.dyn_fi_Alakangas.dyn_fi_Alakangas.dyn_fi_Alakangas
		dyn_fi_Alalahti.dyn_fi_Alalahti.dyn_fi_Alalahti.dyn_fi_Alalahti
		dyn_fi_Alenen.dyn_fi_Alenen.dyn_fi_Alenen.dyn_fi_Alenen
		dyn_fi_Aloutinen.dyn_fi_Aloutinen.dyn_fi_Aloutinen.dyn_fi_Aloutinen
		dyn_fi_Antilla.dyn_fi_Antilla.dyn_fi_Antilla.dyn_fi_Antilla
		dyn_fi_Anttila.dyn_fi_Anttila.dyn_fi_Anttila.dyn_fi_Anttila
		dyn_fi_Arilahti.dyn_fi_Arilahti.dyn_fi_Arilahti.dyn_fi_Arilahti
		dyn_fi_Aro.dyn_fi_Aro.dyn_fi_Aro.dyn_fi_Aro
		dyn_fi_Arpiainen.dyn_fi_Arpiainen.dyn_fi_Arpiainen.dyn_fi_Arpiainen
		dyn_fi_Arvela.dyn_fi_Arvela.dyn_fi_Arvela.dyn_fi_Arvela
		dyn_fi_Asikainen.dyn_fi_Asikainen.dyn_fi_Asikainen.dyn_fi_Asikainen
		dyn_fi_Aula.dyn_fi_Aula.dyn_fi_Aula.dyn_fi_Aula
		dyn_fi_Autio.dyn_fi_Autio.dyn_fi_Autio.dyn_fi_Autio
		dyn_fi_Auvinen.dyn_fi_Auvinen.dyn_fi_Auvinen.dyn_fi_Auvinen
		dyn_fi_Elovaara.dyn_fi_Elovaara.dyn_fi_Elovaara.dyn_fi_Elovaara
		dyn_fi_Ensomaa.dyn_fi_Ensomaa.dyn_fi_Ensomaa.dyn_fi_Ensomaa
		dyn_fi_Erikoinen.dyn_fi_Erikoinen.dyn_fi_Erikoinen.dyn_fi_Erikoinen
		dyn_fi_Erkko.dyn_fi_Erkko.dyn_fi_Erkko.dyn_fi_Erkko
		dyn_fi_Ervamaa.dyn_fi_Ervamaa.dyn_fi_Ervamaa.dyn_fi_Ervamaa
		dyn_fi_Eskelinen.dyn_fi_Eskelinen.dyn_fi_Eskelinen.dyn_fi_Eskelinen
		dyn_fi_Eskola.dyn_fi_Eskola.dyn_fi_Eskola.dyn_fi_Eskola
		dyn_fi_Haajanen.dyn_fi_Haajanen.dyn_fi_Haajanen.dyn_fi_Haajanen
		dyn_fi_Haakana.dyn_fi_Haakana.dyn_fi_Haakana.dyn_fi_Haakana
		dyn_fi_Haapala.dyn_fi_Haapala.dyn_fi_Haapala.dyn_fi_Haapala
		dyn_fi_Haataja.dyn_fi_Haataja.dyn_fi_Haataja.dyn_fi_Haataja
		dyn_fi_Haavisto.dyn_fi_Haavisto.dyn_fi_Haavisto.dyn_fi_Haavisto
		dyn_fi_Hahto.dyn_fi_Hahto.dyn_fi_Hahto.dyn_fi_Hahto
		dyn_fi_Haka.dyn_fi_Haka.dyn_fi_Haka.dyn_fi_Haka
		dyn_fi_Hakkarainen.dyn_fi_Hakkarainen.dyn_fi_Hakkarainen.dyn_fi_Hakkarainen
		dyn_fi_Hakkinen.dyn_fi_Hakkinen.dyn_fi_Hakkinen.dyn_fi_Hakkinen
		dyn_fi_Halme.dyn_fi_Halme.dyn_fi_Halme.dyn_fi_Halme
		dyn_fi_Halmesmaki.dyn_fi_Halmesmaki.dyn_fi_Halmesmaki.dyn_fi_Halmesmaki
		dyn_fi_Halminen.dyn_fi_Halminen.dyn_fi_Halminen.dyn_fi_Halminen
		dyn_fi_Halonen.dyn_fi_Halonen.dyn_fi_Halonen.dyn_fi_Halonen
		dyn_fi_Hamalainen.dyn_fi_Hamalainen.dyn_fi_Hamalainen.dyn_fi_Hamalainen
		dyn_fi_Hangas.dyn_fi_Hangas.dyn_fi_Hangas.dyn_fi_Hangas
		dyn_fi_Hangasmaa.dyn_fi_Hangasmaa.dyn_fi_Hangasmaa.dyn_fi_Hangasmaa
		dyn_fi_Hanka.dyn_fi_Hanka.dyn_fi_Hanka.dyn_fi_Hanka
		dyn_fi_Hanninen.dyn_fi_Hanninen.dyn_fi_Hanninen.dyn_fi_Hanninen
		dyn_fi_Hannukainen.dyn_fi_Hannukainen.dyn_fi_Hannukainen.dyn_fi_Hannukainen
		dyn_fi_Hannula.dyn_fi_Hannula.dyn_fi_Hannula.dyn_fi_Hannula
		dyn_fi_Happonen.dyn_fi_Happonen.dyn_fi_Happonen.dyn_fi_Happonen
		dyn_fi_Harrela.dyn_fi_Harrela.dyn_fi_Harrela.dyn_fi_Harrela
		dyn_fi_Hartikainen.dyn_fi_Hartikainen.dyn_fi_Hartikainen.dyn_fi_Hartikainen
		dyn_fi_Hatala.dyn_fi_Hatala.dyn_fi_Hatala.dyn_fi_Hatala
		dyn_fi_Hautala.dyn_fi_Hautala.dyn_fi_Hautala.dyn_fi_Hautala
		dyn_fi_Hautamaki.dyn_fi_Hautamaki.dyn_fi_Hautamaki.dyn_fi_Hautamaki
		dyn_fi_Hautula.dyn_fi_Hautula.dyn_fi_Hautula.dyn_fi_Hautula
		dyn_fi_Havunta.dyn_fi_Havunta.dyn_fi_Havunta.dyn_fi_Havunta
		dyn_fi_Heikinheimo.dyn_fi_Heikinheimo.dyn_fi_Heikinheimo.dyn_fi_Heikinheimo
		dyn_fi_Heikka.dyn_fi_Heikka.dyn_fi_Heikka.dyn_fi_Heikka
		dyn_fi_Heikkila.dyn_fi_Heikkila.dyn_fi_Heikkila.dyn_fi_Heikkila
		dyn_fi_Heino.dyn_fi_Heino.dyn_fi_Heino.dyn_fi_Heino
		dyn_fi_Heinonen.dyn_fi_Heinonen.dyn_fi_Heinonen.dyn_fi_Heinonen
		dyn_fi_Heiskanen.dyn_fi_Heiskanen.dyn_fi_Heiskanen.dyn_fi_Heiskanen
		dyn_fi_Henttinen.dyn_fi_Henttinen.dyn_fi_Henttinen.dyn_fi_Henttinen
		dyn_fi_Hesikasen.dyn_fi_Hesikasen.dyn_fi_Hesikasen.dyn_fi_Hesikasen
		dyn_fi_Hietala.dyn_fi_Hietala.dyn_fi_Hietala.dyn_fi_Hietala
		dyn_fi_Hietalahti.dyn_fi_Hietalahti.dyn_fi_Hietalahti.dyn_fi_Hietalahti
		dyn_fi_Hietanen.dyn_fi_Hietanen.dyn_fi_Hietanen.dyn_fi_Hietanen
		dyn_fi_Hietaranta.dyn_fi_Hietaranta.dyn_fi_Hietaranta.dyn_fi_Hietaranta
		dyn_fi_Hietemaki.dyn_fi_Hietemaki.dyn_fi_Hietemaki.dyn_fi_Hietemaki
		dyn_fi_Hiltunen.dyn_fi_Hiltunen.dyn_fi_Hiltunen.dyn_fi_Hiltunen
		dyn_fi_Hirvonen.dyn_fi_Hirvonen.dyn_fi_Hirvonen.dyn_fi_Hirvonen
		dyn_fi_Hiukka.dyn_fi_Hiukka.dyn_fi_Hiukka.dyn_fi_Hiukka
		dyn_fi_Hokkanen.dyn_fi_Hokkanen.dyn_fi_Hokkanen.dyn_fi_Hokkanen
		dyn_fi_Holopainen.dyn_fi_Holopainen.dyn_fi_Holopainen.dyn_fi_Holopainen
		dyn_fi_Honkala.dyn_fi_Honkala.dyn_fi_Honkala.dyn_fi_Honkala
		dyn_fi_Honkanen.dyn_fi_Honkanen.dyn_fi_Honkanen.dyn_fi_Honkanen
		dyn_fi_Huhtala.dyn_fi_Huhtala.dyn_fi_Huhtala.dyn_fi_Huhtala
		dyn_fi_Hukki.dyn_fi_Hukki.dyn_fi_Hukki.dyn_fi_Hukki
		dyn_fi_Huotari.dyn_fi_Huotari.dyn_fi_Huotari.dyn_fi_Huotari
		dyn_fi_Huovila.dyn_fi_Huovila.dyn_fi_Huovila.dyn_fi_Huovila
		dyn_fi_Huovinen.dyn_fi_Huovinen.dyn_fi_Huovinen.dyn_fi_Huovinen
		dyn_fi_Huttunen.dyn_fi_Huttunen.dyn_fi_Huttunen.dyn_fi_Huttunen
		dyn_fi_Huuskonen.dyn_fi_Huuskonen.dyn_fi_Huuskonen.dyn_fi_Huuskonen
		dyn_fi_Hyttinen.dyn_fi_Hyttinen.dyn_fi_Hyttinen.dyn_fi_Hyttinen
		dyn_fi_Hyvarinen.dyn_fi_Hyvarinen.dyn_fi_Hyvarinen.dyn_fi_Hyvarinen
		dyn_fi_Hyvonen.dyn_fi_Hyvonen.dyn_fi_Hyvonen.dyn_fi_Hyvonen
		dyn_fi_Ikonen.dyn_fi_Ikonen.dyn_fi_Ikonen.dyn_fi_Ikonen
		dyn_fi_Ilmonen.dyn_fi_Ilmonen.dyn_fi_Ilmonen.dyn_fi_Ilmonen
		dyn_fi_Immonen.dyn_fi_Immonen.dyn_fi_Immonen.dyn_fi_Immonen
		dyn_fi_Impola.dyn_fi_Impola.dyn_fi_Impola.dyn_fi_Impola
		dyn_fi_Irkonen.dyn_fi_Irkonen.dyn_fi_Irkonen.dyn_fi_Irkonen
		dyn_fi_Isola.dyn_fi_Isola.dyn_fi_Isola.dyn_fi_Isola
		dyn_fi_Isokoski.dyn_fi_Isokoski.dyn_fi_Isokoski.dyn_fi_Isokoski
		dyn_fi_Isomaki.dyn_fi_Isomaki.dyn_fi_Isomaki.dyn_fi_Isomaki
		dyn_fi_Isotalo.dyn_fi_Isotalo.dyn_fi_Isotalo.dyn_fi_Isotalo
		dyn_fi_Jaakkola.dyn_fi_Jaakkola.dyn_fi_Jaakkola.dyn_fi_Jaakkola
		dyn_fi_Jaakola.dyn_fi_Jaakola.dyn_fi_Jaakola.dyn_fi_Jaakola
		dyn_fi_Jaaskelainen.dyn_fi_Jaaskelainen.dyn_fi_Jaaskelainen.dyn_fi_Jaaskelainen
		dyn_fi_Jaatinen.dyn_fi_Jaatinen.dyn_fi_Jaatinen.dyn_fi_Jaatinen
		dyn_fi_Jakola.dyn_fi_Jakola.dyn_fi_Jakola.dyn_fi_Jakola
		dyn_fi_Janhunen.dyn_fi_Janhunen.dyn_fi_Janhunen.dyn_fi_Janhunen
		dyn_fi_Jantunen.dyn_fi_Jantunen.dyn_fi_Jantunen.dyn_fi_Jantunen
		dyn_fi_Jarvela.dyn_fi_Jarvela.dyn_fi_Jarvela.dyn_fi_Jarvela
		dyn_fi_Jarvenpaa.dyn_fi_Jarvenpaa.dyn_fi_Jarvenpaa.dyn_fi_Jarvenpaa
		dyn_fi_Jarvi.dyn_fi_Jarvi.dyn_fi_Jarvi.dyn_fi_Jarvi
		dyn_fi_Jarvilehto.dyn_fi_Jarvilehto.dyn_fi_Jarvilehto.dyn_fi_Jarvilehto
		dyn_fi_Jarvinen.dyn_fi_Jarvinen.dyn_fi_Jarvinen.dyn_fi_Jarvinen
		dyn_fi_Jokela.dyn_fi_Jokela.dyn_fi_Jokela.dyn_fi_Jokela
		dyn_fi_Jokila.dyn_fi_Jokila.dyn_fi_Jokila.dyn_fi_Jokila
		dyn_fi_Jokinen.dyn_fi_Jokinen.dyn_fi_Jokinen.dyn_fi_Jokinen
		dyn_fi_Jokiniemi.dyn_fi_Jokiniemi.dyn_fi_Jokiniemi.dyn_fi_Jokiniemi
		dyn_fi_Jussila.dyn_fi_Jussila.dyn_fi_Jussila.dyn_fi_Jussila
		dyn_fi_Jurrinen.dyn_fi_Jurrinen.dyn_fi_Jurrinen.dyn_fi_Jurrinen
		dyn_fi_Juvonen.dyn_fi_Juvonen.dyn_fi_Juvonen.dyn_fi_Juvonen
		dyn_fi_Kaarlehto.dyn_fi_Kaarlehto.dyn_fi_Kaarlehto.dyn_fi_Kaarlehto
		dyn_fi_Kaartinen.dyn_fi_Kaartinen.dyn_fi_Kaartinen.dyn_fi_Kaartinen
		dyn_fi_Kaikkonen.dyn_fi_Kaikkonen.dyn_fi_Kaikkonen.dyn_fi_Kaikkonen
		dyn_fi_Kaipiainen.dyn_fi_Kaipiainen.dyn_fi_Kaipiainen.dyn_fi_Kaipiainen
		dyn_fi_Kallela.dyn_fi_Kallela.dyn_fi_Kallela.dyn_fi_Kallela
		dyn_fi_Kallio.dyn_fi_Kallio.dyn_fi_Kallio.dyn_fi_Kallio
		dyn_fi_Kalliosaari.dyn_fi_Kalliosaari.dyn_fi_Kalliosaari.dyn_fi_Kalliosaari
		dyn_fi_Kaltio.dyn_fi_Kaltio.dyn_fi_Kaltio.dyn_fi_Kaltio
		dyn_fi_Kanerva.dyn_fi_Kanerva.dyn_fi_Kanerva.dyn_fi_Kanerva
		dyn_fi_Kankkunen.dyn_fi_Kankkunen.dyn_fi_Kankkunen.dyn_fi_Kankkunen
		dyn_fi_Kannisto.dyn_fi_Kannisto.dyn_fi_Kannisto.dyn_fi_Kannisto
		dyn_fi_Kantola.dyn_fi_Kantola.dyn_fi_Kantola.dyn_fi_Kantola
		dyn_fi_Kapanan.dyn_fi_Kapanan.dyn_fi_Kapanan.dyn_fi_Kapanan
		dyn_fi_Kapanen.dyn_fi_Kapanen.dyn_fi_Kapanen.dyn_fi_Kapanen
		dyn_fi_Karhilo.dyn_fi_Karhilo.dyn_fi_Karhilo.dyn_fi_Karhilo
		dyn_fi_Karhu.dyn_fi_Karhu.dyn_fi_Karhu.dyn_fi_Karhu
		dyn_fi_Kari.dyn_fi_Kari.dyn_fi_Kari.dyn_fi_Kari
		dyn_fi_Karjalainen.dyn_fi_Karjalainen.dyn_fi_Karjalainen.dyn_fi_Karjalainen
		dyn_fi_Karjaluoto.dyn_fi_Karjaluoto.dyn_fi_Karjaluoto.dyn_fi_Karjaluoto
		dyn_fi_Karjunen.dyn_fi_Karjunen.dyn_fi_Karjunen.dyn_fi_Karjunen
		dyn_fi_Karkkila.dyn_fi_Karkkila.dyn_fi_Karkkila.dyn_fi_Karkkila
		dyn_fi_Karmila.dyn_fi_Karmila.dyn_fi_Karmila.dyn_fi_Karmila
		dyn_fi_Karppinen.dyn_fi_Karppinen.dyn_fi_Karppinen.dyn_fi_Karppinen
		dyn_fi_Karttunen.dyn_fi_Karttunen.dyn_fi_Karttunen.dyn_fi_Karttunen
		dyn_fi_Karvonen.dyn_fi_Karvonen.dyn_fi_Karvonen.dyn_fi_Karvonen
		dyn_fi_Kasanen.dyn_fi_Kasanen.dyn_fi_Kasanen.dyn_fi_Kasanen
		dyn_fi_Kaski.dyn_fi_Kaski.dyn_fi_Kaski.dyn_fi_Kaski
		dyn_fi_Kasvio.dyn_fi_Kasvio.dyn_fi_Kasvio.dyn_fi_Kasvio
		dyn_fi_Kataja.dyn_fi_Kataja.dyn_fi_Kataja.dyn_fi_Kataja
		dyn_fi_Kaukonen.dyn_fi_Kaukonen.dyn_fi_Kaukonen.dyn_fi_Kaukonen
		dyn_fi_Kaunisto.dyn_fi_Kaunisto.dyn_fi_Kaunisto.dyn_fi_Kaunisto
		dyn_fi_Kauppi.dyn_fi_Kauppi.dyn_fi_Kauppi.dyn_fi_Kauppi
		dyn_fi_Kauppinen.dyn_fi_Kauppinen.dyn_fi_Kauppinen.dyn_fi_Kauppinen
		dyn_fi_Kauranen.dyn_fi_Kauranen.dyn_fi_Kauranen.dyn_fi_Kauranen
		dyn_fi_Keinonen.dyn_fi_Keinonen.dyn_fi_Keinonen.dyn_fi_Keinonen
		dyn_fi_Kemppainen.dyn_fi_Kemppainen.dyn_fi_Kemppainen.dyn_fi_Kemppainen
		dyn_fi_Keranen.dyn_fi_Keranen.dyn_fi_Keranen.dyn_fi_Keranen
		dyn_fi_Keskilahti.dyn_fi_Keskilahti.dyn_fi_Keskilahti.dyn_fi_Keskilahti
		dyn_fi_Keskinen.dyn_fi_Keskinen.dyn_fi_Keskinen.dyn_fi_Keskinen
		dyn_fi_Kesti.dyn_fi_Kesti.dyn_fi_Kesti.dyn_fi_Kesti
		dyn_fi_Keto.dyn_fi_Keto.dyn_fi_Keto.dyn_fi_Keto
		dyn_fi_Ketola.dyn_fi_Ketola.dyn_fi_Ketola.dyn_fi_Ketola
		dyn_fi_Kettunen.dyn_fi_Kettunen.dyn_fi_Kettunen.dyn_fi_Kettunen
		dyn_fi_Kiiskila.dyn_fi_Kiiskila.dyn_fi_Kiiskila.dyn_fi_Kiiskila
		dyn_fi_Kiiskinen.dyn_fi_Kiiskinen.dyn_fi_Kiiskinen.dyn_fi_Kiiskinen
		dyn_fi_Kilpelainen.dyn_fi_Kilpelainen.dyn_fi_Kilpelainen.dyn_fi_Kilpelainen
		dyn_fi_Kilpi.dyn_fi_Kilpi.dyn_fi_Kilpi.dyn_fi_Kilpi
		dyn_fi_Kinnunen.dyn_fi_Kinnunen.dyn_fi_Kinnunen.dyn_fi_Kinnunen
		dyn_fi_Kirjavainen.dyn_fi_Kirjavainen.dyn_fi_Kirjavainen.dyn_fi_Kirjavainen
		dyn_fi_Kiukas.dyn_fi_Kiukas.dyn_fi_Kiukas.dyn_fi_Kiukas
		dyn_fi_Kiuru.dyn_fi_Kiuru.dyn_fi_Kiuru.dyn_fi_Kiuru
		dyn_fi_Kivela.dyn_fi_Kivela.dyn_fi_Kivela.dyn_fi_Kivela
		dyn_fi_Kivi.dyn_fi_Kivi.dyn_fi_Kivi.dyn_fi_Kivi
		dyn_fi_Kivikoski.dyn_fi_Kivikoski.dyn_fi_Kivikoski.dyn_fi_Kivikoski
		dyn_fi_Kivilahti.dyn_fi_Kivilahti.dyn_fi_Kivilahti.dyn_fi_Kivilahti
		dyn_fi_Kivimaa.dyn_fi_Kivimaa.dyn_fi_Kivimaa.dyn_fi_Kivimaa
		dyn_fi_Kivinen.dyn_fi_Kivinen.dyn_fi_Kivinen.dyn_fi_Kivinen
		dyn_fi_Kiviniemi.dyn_fi_Kiviniemi.dyn_fi_Kiviniemi.dyn_fi_Kiviniemi
		dyn_fi_Kiviranta.dyn_fi_Kiviranta.dyn_fi_Kiviranta.dyn_fi_Kiviranta
		dyn_fi_Kleemola.dyn_fi_Kleemola.dyn_fi_Kleemola.dyn_fi_Kleemola
		dyn_fi_Knuuttilla.dyn_fi_Knuuttilla.dyn_fi_Knuuttilla.dyn_fi_Knuuttilla
		dyn_fi_Kohtala.dyn_fi_Kohtala.dyn_fi_Kohtala.dyn_fi_Kohtala
		dyn_fi_Koistinen.dyn_fi_Koistinen.dyn_fi_Koistinen.dyn_fi_Koistinen
		dyn_fi_Koivisto.dyn_fi_Koivisto.dyn_fi_Koivisto.dyn_fi_Koivisto
		dyn_fi_Koivula.dyn_fi_Koivula.dyn_fi_Koivula.dyn_fi_Koivula
		dyn_fi_Kokko.dyn_fi_Kokko.dyn_fi_Kokko.dyn_fi_Kokko
		dyn_fi_Kokkonen.dyn_fi_Kokkonen.dyn_fi_Kokkonen.dyn_fi_Kokkonen
		dyn_fi_Kolehmainen.dyn_fi_Kolehmainen.dyn_fi_Kolehmainen.dyn_fi_Kolehmainen
		dyn_fi_Kononen.dyn_fi_Kononen.dyn_fi_Kononen.dyn_fi_Kononen
		dyn_fi_Kontia.dyn_fi_Kontia.dyn_fi_Kontia.dyn_fi_Kontia
		dyn_fi_Koponen.dyn_fi_Koponen.dyn_fi_Koponen.dyn_fi_Koponen
		dyn_fi_Koppala.dyn_fi_Koppala.dyn_fi_Koppala.dyn_fi_Koppala
		dyn_fi_Korkiakangas.dyn_fi_Korkiakangas.dyn_fi_Korkiakangas.dyn_fi_Korkiakangas
		dyn_fi_Korpela.dyn_fi_Korpela.dyn_fi_Korpela.dyn_fi_Korpela
		dyn_fi_Kortelainen.dyn_fi_Kortelainen.dyn_fi_Kortelainen.dyn_fi_Kortelainen
		dyn_fi_Koskela.dyn_fi_Koskela.dyn_fi_Koskela.dyn_fi_Koskela
		dyn_fi_Koskimaki.dyn_fi_Koskimaki.dyn_fi_Koskimaki.dyn_fi_Koskimaki
		dyn_fi_Koskinen.dyn_fi_Koskinen.dyn_fi_Koskinen.dyn_fi_Koskinen
		dyn_fi_Kosonen.dyn_fi_Kosonen.dyn_fi_Kosonen.dyn_fi_Kosonen
		dyn_fi_Kotiranta.dyn_fi_Kotiranta.dyn_fi_Kotiranta.dyn_fi_Kotiranta
		dyn_fi_Kovanen.dyn_fi_Kovanen.dyn_fi_Kovanen.dyn_fi_Kovanen
		dyn_fi_Kuitunen.dyn_fi_Kuitunen.dyn_fi_Kuitunen.dyn_fi_Kuitunen
		dyn_fi_Kujala.dyn_fi_Kujala.dyn_fi_Kujala.dyn_fi_Kujala
		dyn_fi_Kukkonen.dyn_fi_Kukkonen.dyn_fi_Kukkonen.dyn_fi_Kukkonen
		dyn_fi_Kulmala.dyn_fi_Kulmala.dyn_fi_Kulmala.dyn_fi_Kulmala
		dyn_fi_Kurikka.dyn_fi_Kurikka.dyn_fi_Kurikka.dyn_fi_Kurikka
		dyn_fi_Kurkela.dyn_fi_Kurkela.dyn_fi_Kurkela.dyn_fi_Kurkela
		dyn_fi_Kurki.dyn_fi_Kurki.dyn_fi_Kurki.dyn_fi_Kurki
		dyn_fi_Kuusela.dyn_fi_Kuusela.dyn_fi_Kuusela.dyn_fi_Kuusela
		dyn_fi_Kuusisto.dyn_fi_Kuusisto.dyn_fi_Kuusisto.dyn_fi_Kuusisto
		dyn_fi_Kyllonen.dyn_fi_Kyllonen.dyn_fi_Kyllonen.dyn_fi_Kyllonen
		dyn_fi_Laakkonen.dyn_fi_Laakkonen.dyn_fi_Laakkonen.dyn_fi_Laakkonen
		dyn_fi_Laaksonen.dyn_fi_Laaksonen.dyn_fi_Laaksonen.dyn_fi_Laaksonen
		dyn_fi_Laamanen.dyn_fi_Laamanen.dyn_fi_Laamanen.dyn_fi_Laamanen
		dyn_fi_Laaperi.dyn_fi_Laaperi.dyn_fi_Laaperi.dyn_fi_Laaperi
		dyn_fi_Laara.dyn_fi_Laara.dyn_fi_Laara.dyn_fi_Laara
		dyn_fi_Lahtela.dyn_fi_Lahtela.dyn_fi_Lahtela.dyn_fi_Lahtela
		dyn_fi_Lahtinen.dyn_fi_Lahtinen.dyn_fi_Lahtinen.dyn_fi_Lahtinen
		dyn_fi_Laine.dyn_fi_Laine.dyn_fi_Laine.dyn_fi_Laine
		dyn_fi_Laiti.dyn_fi_Laiti.dyn_fi_Laiti.dyn_fi_Laiti
		dyn_fi_Laitinen.dyn_fi_Laitinen.dyn_fi_Laitinen.dyn_fi_Laitinen
		dyn_fi_Lampi.dyn_fi_Lampi.dyn_fi_Lampi.dyn_fi_Lampi
		dyn_fi_Lampinen.dyn_fi_Lampinen.dyn_fi_Lampinen.dyn_fi_Lampinen
		dyn_fi_Lappalainen.dyn_fi_Lappalainen.dyn_fi_Lappalainen.dyn_fi_Lappalainen
		dyn_fi_Lappi.dyn_fi_Lappi.dyn_fi_Lappi.dyn_fi_Lappi
		dyn_fi_Larva.dyn_fi_Larva.dyn_fi_Larva.dyn_fi_Larva
		dyn_fi_Lasala.dyn_fi_Lasala.dyn_fi_Lasala.dyn_fi_Lasala
		dyn_fi_Lassila.dyn_fi_Lassila.dyn_fi_Lassila.dyn_fi_Lassila
		dyn_fi_Latvakoski.dyn_fi_Latvakoski.dyn_fi_Latvakoski.dyn_fi_Latvakoski
		dyn_fi_Laukkanen.dyn_fi_Laukkanen.dyn_fi_Laukkanen.dyn_fi_Laukkanen
		dyn_fi_Laupi.dyn_fi_Laupi.dyn_fi_Laupi.dyn_fi_Laupi
		dyn_fi_Laurila.dyn_fi_Laurila.dyn_fi_Laurila.dyn_fi_Laurila
		dyn_fi_Lautjarvi.dyn_fi_Lautjarvi.dyn_fi_Lautjarvi.dyn_fi_Lautjarvi
		dyn_fi_Lehti.dyn_fi_Lehti.dyn_fi_Lehti.dyn_fi_Lehti
		dyn_fi_Lehtinen.dyn_fi_Lehtinen.dyn_fi_Lehtinen.dyn_fi_Lehtinen
		dyn_fi_Lehtola.dyn_fi_Lehtola.dyn_fi_Lehtola.dyn_fi_Lehtola
		dyn_fi_Lehtomaki.dyn_fi_Lehtomaki.dyn_fi_Lehtomaki.dyn_fi_Lehtomaki
		dyn_fi_Lehtonen.dyn_fi_Lehtonen.dyn_fi_Lehtonen.dyn_fi_Lehtonen
		dyn_fi_Lehtoranta.dyn_fi_Lehtoranta.dyn_fi_Lehtoranta.dyn_fi_Lehtoranta
		dyn_fi_Lehtovaara.dyn_fi_Lehtovaara.dyn_fi_Lehtovaara.dyn_fi_Lehtovaara
		dyn_fi_Lehtovuori.dyn_fi_Lehtovuori.dyn_fi_Lehtovuori.dyn_fi_Lehtovuori
		dyn_fi_Leino.dyn_fi_Leino.dyn_fi_Leino.dyn_fi_Leino
		dyn_fi_Leinonen.dyn_fi_Leinonen.dyn_fi_Leinonen.dyn_fi_Leinonen
		dyn_fi_Lepisto.dyn_fi_Lepisto.dyn_fi_Lepisto.dyn_fi_Lepisto
		dyn_fi_Leppanen.dyn_fi_Leppanen.dyn_fi_Leppanen.dyn_fi_Leppanen
		dyn_fi_Leskinen.dyn_fi_Leskinen.dyn_fi_Leskinen.dyn_fi_Leskinen
		dyn_fi_Liukkonen.dyn_fi_Liukkonen.dyn_fi_Liukkonen.dyn_fi_Liukkonen
		dyn_fi_Luokka.dyn_fi_Luokka.dyn_fi_Luokka.dyn_fi_Luokka
		dyn_fi_Maarala.dyn_fi_Maarala.dyn_fi_Maarala.dyn_fi_Maarala
		dyn_fi_Macki_U_S.dyn_fi_Macki_U_S.dyn_fi_Macki_U_S.dyn_fi_Macki_U_S
		dyn_fi_Madetoja.dyn_fi_Madetoja.dyn_fi_Madetoja.dyn_fi_Madetoja
		dyn_fi_Maenpaa.dyn_fi_Maenpaa.dyn_fi_Maenpaa.dyn_fi_Maenpaa
		dyn_fi_Makinen.dyn_fi_Makinen.dyn_fi_Makinen.dyn_fi_Makinen
		dyn_fi_Makkonen.dyn_fi_Makkonen.dyn_fi_Makkonen.dyn_fi_Makkonen
		dyn_fi_Malinen.dyn_fi_Malinen.dyn_fi_Malinen.dyn_fi_Malinen
		dyn_fi_Malo.dyn_fi_Malo.dyn_fi_Malo.dyn_fi_Malo
		dyn_fi_Manni.dyn_fi_Manni.dyn_fi_Manni.dyn_fi_Manni
		dyn_fi_Manninen.dyn_fi_Manninen.dyn_fi_Manninen.dyn_fi_Manninen
		dyn_fi_Mansikka.dyn_fi_Mansikka.dyn_fi_Mansikka.dyn_fi_Mansikka
		dyn_fi_Mantta.dyn_fi_Mantta.dyn_fi_Mantta.dyn_fi_Mantta
		dyn_fi_Mantyla.dyn_fi_Mantyla.dyn_fi_Mantyla.dyn_fi_Mantyla
		dyn_fi_Marjala.dyn_fi_Marjala.dyn_fi_Marjala.dyn_fi_Marjala
		dyn_fi_Marjamaa.dyn_fi_Marjamaa.dyn_fi_Marjamaa.dyn_fi_Marjamaa
		dyn_fi_Marjamaki.dyn_fi_Marjamaki.dyn_fi_Marjamaki.dyn_fi_Marjamaki
		dyn_fi_Markkula.dyn_fi_Markkula.dyn_fi_Markkula.dyn_fi_Markkula
		dyn_fi_Martikainen.dyn_fi_Martikainen.dyn_fi_Martikainen.dyn_fi_Martikainen
		dyn_fi_Marttila.dyn_fi_Marttila.dyn_fi_Marttila.dyn_fi_Marttila
		dyn_fi_Mateoja.dyn_fi_Mateoja.dyn_fi_Mateoja.dyn_fi_Mateoja
		dyn_fi_Mattila.dyn_fi_Mattila.dyn_fi_Mattila.dyn_fi_Mattila
		dyn_fi_Mattinen.dyn_fi_Mattinen.dyn_fi_Mattinen.dyn_fi_Mattinen
		dyn_fi_Mattonen.dyn_fi_Mattonen.dyn_fi_Mattonen.dyn_fi_Mattonen
		dyn_fi_Miettinen.dyn_fi_Miettinen.dyn_fi_Miettinen.dyn_fi_Miettinen
		dyn_fi_Mikkola.dyn_fi_Mikkola.dyn_fi_Mikkola.dyn_fi_Mikkola
		dyn_fi_Mikkonen.dyn_fi_Mikkonen.dyn_fi_Mikkonen.dyn_fi_Mikkonen
		dyn_fi_Millimaki.dyn_fi_Millimaki.dyn_fi_Millimaki.dyn_fi_Millimaki
		dyn_fi_Moilanen.dyn_fi_Moilanen.dyn_fi_Moilanen.dyn_fi_Moilanen
		dyn_fi_Murtomaa.dyn_fi_Murtomaa.dyn_fi_Murtomaa.dyn_fi_Murtomaa
		dyn_fi_Mustonen.dyn_fi_Mustonen.dyn_fi_Mustonen.dyn_fi_Mustonen
		dyn_fi_Myntti.dyn_fi_Myntti.dyn_fi_Myntti.dyn_fi_Myntti
		dyn_fi_Myttynen.dyn_fi_Myttynen.dyn_fi_Myttynen.dyn_fi_Myttynen
		dyn_fi_Myyra.dyn_fi_Myyra.dyn_fi_Myyra.dyn_fi_Myyra
		dyn_fi_Naulapaa.dyn_fi_Naulapaa.dyn_fi_Naulapaa.dyn_fi_Naulapaa
		dyn_fi_Neuvonen.dyn_fi_Neuvonen.dyn_fi_Neuvonen.dyn_fi_Neuvonen
		dyn_fi_Neva.dyn_fi_Neva.dyn_fi_Neva.dyn_fi_Neva
		dyn_fi_Nevala.dyn_fi_Nevala.dyn_fi_Nevala.dyn_fi_Nevala
		dyn_fi_Nevalainen.dyn_fi_Nevalainen.dyn_fi_Nevalainen.dyn_fi_Nevalainen
		dyn_fi_Niemela.dyn_fi_Niemela.dyn_fi_Niemela.dyn_fi_Niemela
		dyn_fi_Nieminen.dyn_fi_Nieminen.dyn_fi_Nieminen.dyn_fi_Nieminen
		dyn_fi_Niskala.dyn_fi_Niskala.dyn_fi_Niskala.dyn_fi_Niskala
		dyn_fi_Niskanen.dyn_fi_Niskanen.dyn_fi_Niskanen.dyn_fi_Niskanen
		dyn_fi_Niskola.dyn_fi_Niskola.dyn_fi_Niskola.dyn_fi_Niskola
		dyn_fi_Nissinen.dyn_fi_Nissinen.dyn_fi_Nissinen.dyn_fi_Nissinen
		dyn_fi_Niva.dyn_fi_Niva.dyn_fi_Niva.dyn_fi_Niva
		dyn_fi_Nivakoski.dyn_fi_Nivakoski.dyn_fi_Nivakoski.dyn_fi_Nivakoski
		dyn_fi_Noronen.dyn_fi_Noronen.dyn_fi_Noronen.dyn_fi_Noronen
		dyn_fi_Nousiainen.dyn_fi_Nousiainen.dyn_fi_Nousiainen.dyn_fi_Nousiainen
		dyn_fi_Nummila.dyn_fi_Nummila.dyn_fi_Nummila.dyn_fi_Nummila
		dyn_fi_Nurmi.dyn_fi_Nurmi.dyn_fi_Nurmi.dyn_fi_Nurmi
		dyn_fi_Nurminen.dyn_fi_Nurminen.dyn_fi_Nurminen.dyn_fi_Nurminen
		dyn_fi_Nurmio.dyn_fi_Nurmio.dyn_fi_Nurmio.dyn_fi_Nurmio
		dyn_fi_Nyppeli.dyn_fi_Nyppeli.dyn_fi_Nyppeli.dyn_fi_Nyppeli
		dyn_fi_Ojala.dyn_fi_Ojala.dyn_fi_Ojala.dyn_fi_Ojala
		dyn_fi_Ojamaa.dyn_fi_Ojamaa.dyn_fi_Ojamaa.dyn_fi_Ojamaa
		dyn_fi_Ojanen.dyn_fi_Ojanen.dyn_fi_Ojanen.dyn_fi_Ojanen
		dyn_fi_Ojapelto.dyn_fi_Ojapelto.dyn_fi_Ojapelto.dyn_fi_Ojapelto
		dyn_fi_Oksanen.dyn_fi_Oksanen.dyn_fi_Oksanen.dyn_fi_Oksanen
		dyn_fi_Olkkonen.dyn_fi_Olkkonen.dyn_fi_Olkkonen.dyn_fi_Olkkonen
		dyn_fi_Ollila.dyn_fi_Ollila.dyn_fi_Ollila.dyn_fi_Ollila
		dyn_fi_Ovaska.dyn_fi_Ovaska.dyn_fi_Ovaska.dyn_fi_Ovaska
		dyn_fi_Paajanen.dyn_fi_Paajanen.dyn_fi_Paajanen.dyn_fi_Paajanen
		dyn_fi_Paananen.dyn_fi_Paananen.dyn_fi_Paananen.dyn_fi_Paananen
		dyn_fi_Paavola.dyn_fi_Paavola.dyn_fi_Paavola.dyn_fi_Paavola
		dyn_fi_Pajunen.dyn_fi_Pajunen.dyn_fi_Pajunen.dyn_fi_Pajunen
		dyn_fi_Pakarinen.dyn_fi_Pakarinen.dyn_fi_Pakarinen.dyn_fi_Pakarinen
		dyn_fi_Pakkala.dyn_fi_Pakkala.dyn_fi_Pakkala.dyn_fi_Pakkala
		dyn_fi_Pakkalen.dyn_fi_Pakkalen.dyn_fi_Pakkalen.dyn_fi_Pakkalen
		dyn_fi_Pakonen.dyn_fi_Pakonen.dyn_fi_Pakonen.dyn_fi_Pakonen
		dyn_fi_Palo.dyn_fi_Palo.dyn_fi_Palo.dyn_fi_Palo
		dyn_fi_Panula.dyn_fi_Panula.dyn_fi_Panula.dyn_fi_Panula
		dyn_fi_Para.dyn_fi_Para.dyn_fi_Para.dyn_fi_Para
		dyn_fi_Parkkinen.dyn_fi_Parkkinen.dyn_fi_Parkkinen.dyn_fi_Parkkinen
		dyn_fi_Parkkonen.dyn_fi_Parkkonen.dyn_fi_Parkkonen.dyn_fi_Parkkonen
		dyn_fi_Partanen.dyn_fi_Partanen.dyn_fi_Partanen.dyn_fi_Partanen
		dyn_fi_Parviainen.dyn_fi_Parviainen.dyn_fi_Parviainen.dyn_fi_Parviainen
		dyn_fi_Pasanen.dyn_fi_Pasanen.dyn_fi_Pasanen.dyn_fi_Pasanen
		dyn_fi_Peldoniemi.dyn_fi_Peldoniemi.dyn_fi_Peldoniemi.dyn_fi_Peldoniemi
		dyn_fi_Pelkonen.dyn_fi_Pelkonen.dyn_fi_Pelkonen.dyn_fi_Pelkonen
		dyn_fi_Pelto.dyn_fi_Pelto.dyn_fi_Pelto.dyn_fi_Pelto
		dyn_fi_Peltola.dyn_fi_Peltola.dyn_fi_Peltola.dyn_fi_Peltola
		dyn_fi_Peltonen.dyn_fi_Peltonen.dyn_fi_Peltonen.dyn_fi_Peltonen
		dyn_fi_Peltoniemi.dyn_fi_Peltoniemi.dyn_fi_Peltoniemi.dyn_fi_Peltoniemi
		dyn_fi_Pennanen.dyn_fi_Pennanen.dyn_fi_Pennanen.dyn_fi_Pennanen
		dyn_fi_Penttinen.dyn_fi_Penttinen.dyn_fi_Penttinen.dyn_fi_Penttinen
		dyn_fi_Pera.dyn_fi_Pera.dyn_fi_Pera.dyn_fi_Pera
		dyn_fi_Pesola.dyn_fi_Pesola.dyn_fi_Pesola.dyn_fi_Pesola
		dyn_fi_Pesonen.dyn_fi_Pesonen.dyn_fi_Pesonen.dyn_fi_Pesonen
		dyn_fi_Piepponen.dyn_fi_Piepponen.dyn_fi_Piepponen.dyn_fi_Piepponen
		dyn_fi_Pietila.dyn_fi_Pietila.dyn_fi_Pietila.dyn_fi_Pietila
		dyn_fi_Pihlavisto.dyn_fi_Pihlavisto.dyn_fi_Pihlavisto.dyn_fi_Pihlavisto
		dyn_fi_Piippo.dyn_fi_Piippo.dyn_fi_Piippo.dyn_fi_Piippo
		dyn_fi_Pitkanen.dyn_fi_Pitkanen.dyn_fi_Pitkanen.dyn_fi_Pitkanen
		dyn_fi_Pohtamo.dyn_fi_Pohtamo.dyn_fi_Pohtamo.dyn_fi_Pohtamo
		dyn_fi_Pontinen.dyn_fi_Pontinen.dyn_fi_Pontinen.dyn_fi_Pontinen
		dyn_fi_Poranen.dyn_fi_Poranen.dyn_fi_Poranen.dyn_fi_Poranen
		dyn_fi_Porhola.dyn_fi_Porhola.dyn_fi_Porhola.dyn_fi_Porhola
		dyn_fi_Pouttu.dyn_fi_Pouttu.dyn_fi_Pouttu.dyn_fi_Pouttu
		dyn_fi_Poylio.dyn_fi_Poylio.dyn_fi_Poylio.dyn_fi_Poylio
		dyn_fi_Pudas.dyn_fi_Pudas.dyn_fi_Pudas.dyn_fi_Pudas
		dyn_fi_Pulkkinen.dyn_fi_Pulkkinen.dyn_fi_Pulkkinen.dyn_fi_Pulkkinen
		dyn_fi_Puupera.dyn_fi_Puupera.dyn_fi_Puupera.dyn_fi_Puupera
		dyn_fi_Puustinen.dyn_fi_Puustinen.dyn_fi_Puustinen.dyn_fi_Puustinen
		dyn_fi_Pyy.dyn_fi_Pyy.dyn_fi_Pyy.dyn_fi_Pyy
		dyn_fi_Rahkamo.dyn_fi_Rahkamo.dyn_fi_Rahkamo.dyn_fi_Rahkamo
		dyn_fi_Rahkonen.dyn_fi_Rahkonen.dyn_fi_Rahkonen.dyn_fi_Rahkonen
		dyn_fi_Rajala.dyn_fi_Rajala.dyn_fi_Rajala.dyn_fi_Rajala
		dyn_fi_Rajaniemi.dyn_fi_Rajaniemi.dyn_fi_Rajaniemi.dyn_fi_Rajaniemi
		dyn_fi_Ramo.dyn_fi_Ramo.dyn_fi_Ramo.dyn_fi_Ramo
		dyn_fi_Ranta.dyn_fi_Ranta.dyn_fi_Ranta.dyn_fi_Ranta
		dyn_fi_Rantala.dyn_fi_Rantala.dyn_fi_Rantala.dyn_fi_Rantala
		dyn_fi_Rantamaki.dyn_fi_Rantamaki.dyn_fi_Rantamaki.dyn_fi_Rantamaki
		dyn_fi_Rantanen.dyn_fi_Rantanen.dyn_fi_Rantanen.dyn_fi_Rantanen
		dyn_fi_Rasanen.dyn_fi_Rasanen.dyn_fi_Rasanen.dyn_fi_Rasanen
		dyn_fi_Rauhala.dyn_fi_Rauhala.dyn_fi_Rauhala.dyn_fi_Rauhala
		dyn_fi_Rautavaraa.dyn_fi_Rautavaraa.dyn_fi_Rautavaraa.dyn_fi_Rautavaraa
		dyn_fi_Rautiainen.dyn_fi_Rautiainen.dyn_fi_Rautiainen.dyn_fi_Rautiainen
		dyn_fi_Rautio.dyn_fi_Rautio.dyn_fi_Rautio.dyn_fi_Rautio
		dyn_fi_Reini.dyn_fi_Reini.dyn_fi_Reini.dyn_fi_Reini
		dyn_fi_Repo.dyn_fi_Repo.dyn_fi_Repo.dyn_fi_Repo
		dyn_fi_Riihimaki.dyn_fi_Riihimaki.dyn_fi_Riihimaki.dyn_fi_Riihimaki
		dyn_fi_Rinne.dyn_fi_Rinne.dyn_fi_Rinne.dyn_fi_Rinne
		dyn_fi_Rissanen.dyn_fi_Rissanen.dyn_fi_Rissanen.dyn_fi_Rissanen
		dyn_fi_Ritola.dyn_fi_Ritola.dyn_fi_Ritola.dyn_fi_Ritola
		dyn_fi_Rokala.dyn_fi_Rokala.dyn_fi_Rokala.dyn_fi_Rokala
		dyn_fi_Rokkanen.dyn_fi_Rokkanen.dyn_fi_Rokkanen.dyn_fi_Rokkanen
		dyn_fi_Rommi.dyn_fi_Rommi.dyn_fi_Rommi.dyn_fi_Rommi
		dyn_fi_Ronkainen.dyn_fi_Ronkainen.dyn_fi_Ronkainen.dyn_fi_Ronkainen
		dyn_fi_Rosti.dyn_fi_Rosti.dyn_fi_Rosti.dyn_fi_Rosti
		dyn_fi_Ruha.dyn_fi_Ruha.dyn_fi_Ruha.dyn_fi_Ruha
		dyn_fi_Ruhala.dyn_fi_Ruhala.dyn_fi_Ruhala.dyn_fi_Ruhala
		dyn_fi_Ruokomaki.dyn_fi_Ruokomaki.dyn_fi_Ruokomaki.dyn_fi_Ruokomaki
		dyn_fi_Ruosteenoja.dyn_fi_Ruosteenoja.dyn_fi_Ruosteenoja.dyn_fi_Ruosteenoja
		dyn_fi_Ruotsalainen.dyn_fi_Ruotsalainen.dyn_fi_Ruotsalainen.dyn_fi_Ruotsalainen
		dyn_fi_Rutanen.dyn_fi_Rutanen.dyn_fi_Rutanen.dyn_fi_Rutanen
		dyn_fi_Ryti.dyn_fi_Ryti.dyn_fi_Ryti.dyn_fi_Ryti
		dyn_fi_Saarela.dyn_fi_Saarela.dyn_fi_Saarela.dyn_fi_Saarela
		dyn_fi_Saarelainen.dyn_fi_Saarelainen.dyn_fi_Saarelainen.dyn_fi_Saarelainen
		dyn_fi_Saarinen.dyn_fi_Saarinen.dyn_fi_Saarinen.dyn_fi_Saarinen
		dyn_fi_Saarisalo.dyn_fi_Saarisalo.dyn_fi_Saarisalo.dyn_fi_Saarisalo
		dyn_fi_Saaristo.dyn_fi_Saaristo.dyn_fi_Saaristo.dyn_fi_Saaristo
		dyn_fi_Saastamoinen.dyn_fi_Saastamoinen.dyn_fi_Saastamoinen.dyn_fi_Saastamoinen
		dyn_fi_Sahi.dyn_fi_Sahi.dyn_fi_Sahi.dyn_fi_Sahi
		dyn_fi_Saini.dyn_fi_Saini.dyn_fi_Saini.dyn_fi_Saini
		dyn_fi_Salmela.dyn_fi_Salmela.dyn_fi_Salmela.dyn_fi_Salmela
		dyn_fi_Salminen.dyn_fi_Salminen.dyn_fi_Salminen.dyn_fi_Salminen
		dyn_fi_Salomaki.dyn_fi_Salomaki.dyn_fi_Salomaki.dyn_fi_Salomaki
		dyn_fi_Salonen.dyn_fi_Salonen.dyn_fi_Salonen.dyn_fi_Salonen
		dyn_fi_Saloniemi.dyn_fi_Saloniemi.dyn_fi_Saloniemi.dyn_fi_Saloniemi
		dyn_fi_Samuli.dyn_fi_Samuli.dyn_fi_Samuli.dyn_fi_Samuli
		dyn_fi_Sariola.dyn_fi_Sariola.dyn_fi_Sariola.dyn_fi_Sariola
		dyn_fi_Sarkilahti.dyn_fi_Sarkilahti.dyn_fi_Sarkilahti.dyn_fi_Sarkilahti
		dyn_fi_Saukkonen.dyn_fi_Saukkonen.dyn_fi_Saukkonen.dyn_fi_Saukkonen
		dyn_fi_Savola.dyn_fi_Savola.dyn_fi_Savola.dyn_fi_Savola
		dyn_fi_Savolahti.dyn_fi_Savolahti.dyn_fi_Savolahti.dyn_fi_Savolahti
		dyn_fi_Savolainen.dyn_fi_Savolainen.dyn_fi_Savolainen.dyn_fi_Savolainen
		dyn_fi_Seppa.dyn_fi_Seppa.dyn_fi_Seppa.dyn_fi_Seppa
		dyn_fi_Seppanen.dyn_fi_Seppanen.dyn_fi_Seppanen.dyn_fi_Seppanen
		dyn_fi_Sepponen.dyn_fi_Sepponen.dyn_fi_Sepponen.dyn_fi_Sepponen
		dyn_fi_Serjala.dyn_fi_Serjala.dyn_fi_Serjala.dyn_fi_Serjala
		dyn_fi_Sievinen.dyn_fi_Sievinen.dyn_fi_Sievinen.dyn_fi_Sievinen
		dyn_fi_Siika.dyn_fi_Siika.dyn_fi_Siika.dyn_fi_Siika
		dyn_fi_Siivinen.dyn_fi_Siivinen.dyn_fi_Siivinen.dyn_fi_Siivinen
		dyn_fi_Sillanpaa.dyn_fi_Sillanpaa.dyn_fi_Sillanpaa.dyn_fi_Sillanpaa
		dyn_fi_Siltanen.dyn_fi_Siltanen.dyn_fi_Siltanen.dyn_fi_Siltanen
		dyn_fi_Simila.dyn_fi_Simila.dyn_fi_Simila.dyn_fi_Simila
		dyn_fi_Simo.dyn_fi_Simo.dyn_fi_Simo.dyn_fi_Simo
		dyn_fi_Sinko.dyn_fi_Sinko.dyn_fi_Sinko.dyn_fi_Sinko
		dyn_fi_Sipila.dyn_fi_Sipila.dyn_fi_Sipila.dyn_fi_Sipila
		dyn_fi_Sipola.dyn_fi_Sipola.dyn_fi_Sipola.dyn_fi_Sipola
		dyn_fi_Sirvio.dyn_fi_Sirvio.dyn_fi_Sirvio.dyn_fi_Sirvio
		dyn_fi_Sivonen.dyn_fi_Sivonen.dyn_fi_Sivonen.dyn_fi_Sivonen
		dyn_fi_Sivumaki.dyn_fi_Sivumaki.dyn_fi_Sivumaki.dyn_fi_Sivumaki
		dyn_fi_Soini.dyn_fi_Soini.dyn_fi_Soini.dyn_fi_Soini
		dyn_fi_Soininen.dyn_fi_Soininen.dyn_fi_Soininen.dyn_fi_Soininen
		dyn_fi_Sopanen.dyn_fi_Sopanen.dyn_fi_Sopanen.dyn_fi_Sopanen
		dyn_fi_Sova.dyn_fi_Sova.dyn_fi_Sova.dyn_fi_Sova
		dyn_fi_Suhonen.dyn_fi_Suhonen.dyn_fi_Suhonen.dyn_fi_Suhonen
		dyn_fi_Suokas.dyn_fi_Suokas.dyn_fi_Suokas.dyn_fi_Suokas
		dyn_fi_Suomalainen.dyn_fi_Suomalainen.dyn_fi_Suomalainen.dyn_fi_Suomalainen
		dyn_fi_Suomela.dyn_fi_Suomela.dyn_fi_Suomela.dyn_fi_Suomela
		dyn_fi_Suominen.dyn_fi_Suominen.dyn_fi_Suominen.dyn_fi_Suominen
		dyn_fi_Suvio.dyn_fi_Suvio.dyn_fi_Suvio.dyn_fi_Suvio
		dyn_fi_Suvonen.dyn_fi_Suvonen.dyn_fi_Suvonen.dyn_fi_Suvonen
		dyn_fi_Syrjala.dyn_fi_Syrjala.dyn_fi_Syrjala.dyn_fi_Syrjala
		dyn_fi_Syrjanen.dyn_fi_Syrjanen.dyn_fi_Syrjanen.dyn_fi_Syrjanen
		dyn_fi_Tahtinen.dyn_fi_Tahtinen.dyn_fi_Tahtinen.dyn_fi_Tahtinen
		dyn_fi_Tahvanainen.dyn_fi_Tahvanainen.dyn_fi_Tahvanainen.dyn_fi_Tahvanainen
		dyn_fi_Taina.dyn_fi_Taina.dyn_fi_Taina.dyn_fi_Taina
		dyn_fi_Taipale.dyn_fi_Taipale.dyn_fi_Taipale.dyn_fi_Taipale
		dyn_fi_Takala.dyn_fi_Takala.dyn_fi_Takala.dyn_fi_Takala
		dyn_fi_Takkunen.dyn_fi_Takkunen.dyn_fi_Takkunen.dyn_fi_Takkunen
		dyn_fi_Talvio.dyn_fi_Talvio.dyn_fi_Talvio.dyn_fi_Talvio
		dyn_fi_Tamminen.dyn_fi_Tamminen.dyn_fi_Tamminen.dyn_fi_Tamminen
		dyn_fi_Tamni.dyn_fi_Tamni.dyn_fi_Tamni.dyn_fi_Tamni
		dyn_fi_Tanner.dyn_fi_Tanner.dyn_fi_Tanner.dyn_fi_Tanner
		dyn_fi_Tanskanen.dyn_fi_Tanskanen.dyn_fi_Tanskanen.dyn_fi_Tanskanen
		dyn_fi_Tapaninen.dyn_fi_Tapaninen.dyn_fi_Tapaninen.dyn_fi_Tapaninen
		dyn_fi_Tarkanen.dyn_fi_Tarkanen.dyn_fi_Tarkanen.dyn_fi_Tarkanen
		dyn_fi_Tarvainen.dyn_fi_Tarvainen.dyn_fi_Tarvainen.dyn_fi_Tarvainen
		dyn_fi_Tenkku.dyn_fi_Tenkku.dyn_fi_Tenkku.dyn_fi_Tenkku
		dyn_fi_Tepponen.dyn_fi_Tepponen.dyn_fi_Tepponen.dyn_fi_Tepponen
		dyn_fi_Tervala.dyn_fi_Tervala.dyn_fi_Tervala.dyn_fi_Tervala
		dyn_fi_Tervo.dyn_fi_Tervo.dyn_fi_Tervo.dyn_fi_Tervo
		dyn_fi_Tervonen.dyn_fi_Tervonen.dyn_fi_Tervonen.dyn_fi_Tervonen
		dyn_fi_Tiainen.dyn_fi_Tiainen.dyn_fi_Tiainen.dyn_fi_Tiainen
		dyn_fi_Tiesmaki.dyn_fi_Tiesmaki.dyn_fi_Tiesmaki.dyn_fi_Tiesmaki
		dyn_fi_Tiihonen.dyn_fi_Tiihonen.dyn_fi_Tiihonen.dyn_fi_Tiihonen
		dyn_fi_Tikkanen.dyn_fi_Tikkanen.dyn_fi_Tikkanen.dyn_fi_Tikkanen
		dyn_fi_Timonen.dyn_fi_Timonen.dyn_fi_Timonen.dyn_fi_Timonen
		dyn_fi_Toivanen.dyn_fi_Toivanen.dyn_fi_Toivanen.dyn_fi_Toivanen
		dyn_fi_Toivonen.dyn_fi_Toivonen.dyn_fi_Toivonen.dyn_fi_Toivonen
		dyn_fi_Tolonen.dyn_fi_Tolonen.dyn_fi_Tolonen.dyn_fi_Tolonen
		dyn_fi_Tolvanen.dyn_fi_Tolvanen.dyn_fi_Tolvanen.dyn_fi_Tolvanen
		dyn_fi_Torronen.dyn_fi_Torronen.dyn_fi_Torronen.dyn_fi_Torronen
		dyn_fi_Torunen.dyn_fi_Torunen.dyn_fi_Torunen.dyn_fi_Torunen
		dyn_fi_Tuomi.dyn_fi_Tuomi.dyn_fi_Tuomi.dyn_fi_Tuomi
		dyn_fi_Tuominen.dyn_fi_Tuominen.dyn_fi_Tuominen.dyn_fi_Tuominen
		dyn_fi_Tuomisto.dyn_fi_Tuomisto.dyn_fi_Tuomisto.dyn_fi_Tuomisto
		dyn_fi_Turunen.dyn_fi_Turunen.dyn_fi_Turunen.dyn_fi_Turunen
		dyn_fi_Tuulos.dyn_fi_Tuulos.dyn_fi_Tuulos.dyn_fi_Tuulos
		dyn_fi_Tynjala.dyn_fi_Tynjala.dyn_fi_Tynjala.dyn_fi_Tynjala
		dyn_fi_Uitto.dyn_fi_Uitto.dyn_fi_Uitto.dyn_fi_Uitto
		dyn_fi_Uusitalo.dyn_fi_Uusitalo.dyn_fi_Uusitalo.dyn_fi_Uusitalo
		dyn_fi_Vaaraniemi.dyn_fi_Vaaraniemi.dyn_fi_Vaaraniemi.dyn_fi_Vaaraniemi
		dyn_fi_Vaari.dyn_fi_Vaari.dyn_fi_Vaari.dyn_fi_Vaari
		dyn_fi_Vaatainen.dyn_fi_Vaatainen.dyn_fi_Vaatainen.dyn_fi_Vaatainen
		dyn_fi_Vahakangas.dyn_fi_Vahakangas.dyn_fi_Vahakangas.dyn_fi_Vahakangas
		dyn_fi_Vahavaara.dyn_fi_Vahavaara.dyn_fi_Vahavaara.dyn_fi_Vahavaara
		dyn_fi_Vaijarvi.dyn_fi_Vaijarvi.dyn_fi_Vaijarvi.dyn_fi_Vaijarvi
		dyn_fi_Vainio.dyn_fi_Vainio.dyn_fi_Vainio.dyn_fi_Vainio
		dyn_fi_Vaisanen.dyn_fi_Vaisanen.dyn_fi_Vaisanen.dyn_fi_Vaisanen
		dyn_fi_Valkki.dyn_fi_Valkki.dyn_fi_Valkki.dyn_fi_Valkki
		dyn_fi_Valtari.dyn_fi_Valtari.dyn_fi_Valtari.dyn_fi_Valtari
		dyn_fi_Valtonen.dyn_fi_Valtonen.dyn_fi_Valtonen.dyn_fi_Valtonen
		dyn_fi_Vanska.dyn_fi_Vanska.dyn_fi_Vanska.dyn_fi_Vanska
		dyn_fi_Varis.dyn_fi_Varis.dyn_fi_Varis.dyn_fi_Varis
		dyn_fi_Vartiainen.dyn_fi_Vartiainen.dyn_fi_Vartiainen.dyn_fi_Vartiainen
		dyn_fi_Vasala.dyn_fi_Vasala.dyn_fi_Vasala.dyn_fi_Vasala
		dyn_fi_Vasama.dyn_fi_Vasama.dyn_fi_Vasama.dyn_fi_Vasama
		dyn_fi_Ventela.dyn_fi_Ventela.dyn_fi_Ventela.dyn_fi_Ventela
		dyn_fi_Vento.dyn_fi_Vento.dyn_fi_Vento.dyn_fi_Vento
		dyn_fi_Ventola.dyn_fi_Ventola.dyn_fi_Ventola.dyn_fi_Ventola
		dyn_fi_Vihavainen.dyn_fi_Vihavainen.dyn_fi_Vihavainen.dyn_fi_Vihavainen
		dyn_fi_Viitala.dyn_fi_Viitala.dyn_fi_Viitala.dyn_fi_Viitala
		dyn_fi_Viitamaki.dyn_fi_Viitamaki.dyn_fi_Viitamaki.dyn_fi_Viitamaki
		dyn_fi_Viitanen.dyn_fi_Viitanen.dyn_fi_Viitanen.dyn_fi_Viitanen
		dyn_fi_Viitaniemi.dyn_fi_Viitaniemi.dyn_fi_Viitaniemi.dyn_fi_Viitaniemi
		dyn_fi_Viljanen.dyn_fi_Viljanen.dyn_fi_Viljanen.dyn_fi_Viljanen
		dyn_fi_Viren.dyn_fi_Viren.dyn_fi_Viren.dyn_fi_Viren
		dyn_fi_Virta.dyn_fi_Virta.dyn_fi_Virta.dyn_fi_Virta
		dyn_fi_Virtanen.dyn_fi_Virtanen.dyn_fi_Virtanen.dyn_fi_Virtanen
		dyn_fi_Voutilainen.dyn_fi_Voutilainen.dyn_fi_Voutilainen.dyn_fi_Voutilainen
		dyn_fi_Vuorela.dyn_fi_Vuorela.dyn_fi_Vuorela.dyn_fi_Vuorela
		dyn_fi_Vuori.dyn_fi_Vuori.dyn_fi_Vuori.dyn_fi_Vuori
		dyn_fi_Vuorinen.dyn_fi_Vuorinen.dyn_fi_Vuorinen.dyn_fi_Vuorinen
		dyn_fi_Waltonen.dyn_fi_Waltonen.dyn_fi_Waltonen.dyn_fi_Waltonen
		dyn_fi_Wiitala.dyn_fi_Wiitala.dyn_fi_Wiitala.dyn_fi_Wiitala
		dyn_fi_Wilmunen.dyn_fi_Wilmunen.dyn_fi_Wilmunen.dyn_fi_Wilmunen
		dyn_fi_Wirkki.dyn_fi_Wirkki.dyn_fi_Wirkki.dyn_fi_Wirkki
		dyn_fi_Wirta.dyn_fi_Wirta.dyn_fi_Wirta.dyn_fi_Wirta
		dyn_fi_Wuokila.dyn_fi_Wuokila.dyn_fi_Wuokila.dyn_fi_Wuokila
		dyn_fi_Ylalahti.dyn_fi_Ylalahti.dyn_fi_Ylalahti.dyn_fi_Ylalahti
		dyn_fi_Ylinen.dyn_fi_Ylinen.dyn_fi_Ylinen.dyn_fi_Ylinen
		dyn_fi_Yliruokanen.dyn_fi_Yliruokanen.dyn_fi_Yliruokanen.dyn_fi_Yliruokanen
		dyn_fi_Ylitalo.dyn_fi_Ylitalo.dyn_fi_Ylitalo.dyn_fi_Ylitalo
		dyn_fi_Ylonen.dyn_fi_Ylonen.dyn_fi_Ylonen.dyn_fi_Ylonen
		dyn_fi_Ylostalo.dyn_fi_Ylostalo.dyn_fi_Ylostalo.dyn_fi_Ylostalo
		dyn_fi_Yrjola.dyn_fi_Yrjola.dyn_fi_Yrjola.dyn_fi_Yrjola
	}

	culture = {
		finnish = {}
		sami = {
	male_names = {
		smi_Aallaz smi_Aaskaz smi_A_ll smi_A_skk smi_Baa_res smi_Be_njam smi_Ee_hrem
		smi_Eelljaz smi_Eeunkaz smi_E_llj smi_Evvnaz smi_Huattar smi_Kiurral smi_Jaaggar
		smi_Ja_kkem smi_Jarrsi smi_Jee_fem smi_Kaurra_l smi_Ko_stten smi_Kue_smm
		smi_Laada smi_Laa_rkaz smi_Laa_rvan smi_Laazar smi_Leeukaz smi_Lu_kk smi_Maa_tfi
		smi_Makkri smi_Mee_drai smi_Miikkat smi_Neeffai smi_O_lssi smi_O_nddri
		smi_O_rttem smi_Paavval smi_Pietar smi_Ramman smi_Reeig smi_Saammal smi_Saavaz
		smi_Sakkri smi_Samssan smi_Seddar smi_Si_rggi smi_Taannal smi_Teappan smi_Teehhan
		smi_Temm smi_Vaana smi_Vaa_ssel smi_Va_skk
	}

	female_names = {
		smi_Aagni smi_Aajjaz smi_Aa_lga smi_Daarfi smi_Da_mnn smi_Da_rjj smi_Ee_led
		smi_E_ll smi_Feadar smi_Feekkat smi_Fee_la smi_Iirask smi_Jaaffaz smi_Kaa_dren
		smi_Kaattaz smi_Kai_ssi smi_Klaasa smi_Lukkri smi_Maadran smi_Maa_ren smi_Maa_rjaz
		smi_Maattaz smi_Naskk smi_Nattli smi_Oggvi smi_O_hssni smi_O_kkmi smi_Paalag
		smi_Paarask smi_Saaffaz smi_Saallaz smi_Saammaz smi_Saff smi_Samm smi_Taddjan
		smi_Ta_rjj smi_Teappne_d smi_U_lljan smi_U_lljnaz smi_U_stten smi_Vaa_ssez
		smi_Varvvan smi_Veara
	}
			family = {
		dyn_smi_Aikio.dyn_smi_Aikio.dyn_smi_Aikio.dyn_smi_Aikio
		dyn_smi_Baltu.dyn_smi_Baltu.dyn_smi_Baltu.dyn_smi_Baltu
		dyn_smi_Boidni.dyn_smi_Boidni.dyn_smi_Boidni.dyn_smi_Boidni
		dyn_smi_Bred.dyn_smi_Bred.dyn_smi_Bred.dyn_smi_Bred
		dyn_smi_Bure.dyn_smi_Bure.dyn_smi_Bure.dyn_smi_Bure
		dyn_smi_Flink.dyn_smi_Flink.dyn_smi_Flink.dyn_smi_Flink
		dyn_smi_Frisk.dyn_smi_Frisk.dyn_smi_Frisk.dyn_smi_Frisk
		dyn_smi_Gaski.dyn_smi_Gaski.dyn_smi_Gaski.dyn_smi_Gaski
		dyn_smi_Hassi.dyn_smi_Hassi.dyn_smi_Hassi.dyn_smi_Hassi
		dyn_smi_Joks.dyn_smi_Joks.dyn_smi_Joks.dyn_smi_Joks
		dyn_smi_Jillker.dyn_smi_Jillker.dyn_smi_Jillker.dyn_smi_Jillker
		dyn_smi_Kant.dyn_smi_Kant.dyn_smi_Kant.dyn_smi_Kant
		dyn_smi_Kranck.dyn_smi_Kranck.dyn_smi_Kranck.dyn_smi_Kranck
		dyn_smi_Kroik.dyn_smi_Kroik.dyn_smi_Kroik.dyn_smi_Kroik
		dyn_smi_Krysi.dyn_smi_Krysi.dyn_smi_Krysi.dyn_smi_Krysi
		dyn_smi_Medwik.dyn_smi_Medwik.dyn_smi_Medwik.dyn_smi_Medwik
		dyn_smi_Mienna.dyn_smi_Mienna.dyn_smi_Mienna.dyn_smi_Mienna
		dyn_smi_Niska.dyn_smi_Niska.dyn_smi_Niska.dyn_smi_Niska
		dyn_smi_Sara.dyn_smi_Sara.dyn_smi_Sara.dyn_smi_Sara
		dyn_smi_Schal.dyn_smi_Schal.dyn_smi_Schal.dyn_smi_Schal
		dyn_smi_Sohkki.dyn_smi_Sohkki.dyn_smi_Sohkki.dyn_smi_Sohkki
		dyn_smi_Sola.dyn_smi_Sola.dyn_smi_Sola.dyn_smi_Sola
		dyn_smi_Stamp.dyn_smi_Stamp.dyn_smi_Stamp.dyn_smi_Stamp
		dyn_smi_Stutt.dyn_smi_Stutt.dyn_smi_Stutt.dyn_smi_Stutt
		dyn_smi_Uhcci.dyn_smi_Uhcci.dyn_smi_Uhcci.dyn_smi_Uhcci
		dyn_smi_Vinkel.dyn_smi_Vinkel.dyn_smi_Vinkel.dyn_smi_Vinkel
		dyn_smi_Warnach.dyn_smi_Warnach.dyn_smi_Warnach.dyn_smi_Warnach
			}
		}
		estonian = {
	male_names = {
		et_Aado et_Aare et_Ado et_Ahti et_Aino et_Aki et_Aleksander et_Alo et_Andres et_Ant
		et_Anu et_Arno et_Artur et_Arvo et_Edgar et_Eduard et_Eedi et_Endel et_Enel et_Erikh
		et_Erke et_Heiki et_Indrek et_Jaak et_Jaan et_Jako et_Joosep et_Juan et_Juhan et_Juku
		et_Juri et_Kaarel et_Kaupo et_Konstantin et_Kustav et_Lembit et_Madis et_Maidu et_Mati
		et_Neeme et_Ossi et_Peet et_Peeter et_Raivo et_Rein et_Riks et_Robertas et_Teet et_Tenu
		et_Toivo et_Tonis et_Tooni et_Tunne et_Ulo et_Urmet et_Urve et_Vaino et_Valdek et_Valdi
	}

	female_names = {
		et_Aino et_Aneta et_Anka et_Anna et_Anne et_Anu et_Anya et_Asta et_Betti et_Dagmara
		et_Eela et_Elli et_Elsbet et_Ene et_Enel et_Etti et_Evelin et_Hanna et_Hanni et_Heiki
		et_Helle et_Helmi et_Ilme et_Jane et_Janika et_Kaarin et_Katarina et_Kati et_Krista
		et_Leelo et_Leena et_Lembit et_Liis et_Liisa et_Liisi et_Maarja et_Maia et_Maidu et_Maire
		et_Marja et_Marju et_Meeri et_Monia et_Olli et_Reet et_Riina et_Roosi et_Siisike et_Sirje
		et_Sula et_Tania et_Teresa et_Terje et_Tiina et_Tiiu et_Triine et_Triinu et_Tuuli et_Uli
		et_Urmi et_Vaike et_Viivela
	}
	family = {
		dyn_et_Tamm.dyn_et_Tamm.dyn_et_Tamm.dyn_et_Tamm
		dyn_et_Saar.dyn_et_Saar.dyn_et_Saar.dyn_et_Saar
		dyn_et_Sepp.dyn_et_Sepp.dyn_et_Sepp.dyn_et_Sepp
		dyn_et_Magi.dyn_et_Magi.dyn_et_Magi.dyn_et_Magi
		dyn_et_Kask.dyn_et_Kask.dyn_et_Kask.dyn_et_Kask
		dyn_et_Kukk.dyn_et_Kukk.dyn_et_Kukk.dyn_et_Kukk
		dyn_et_Rebane.dyn_et_Rebane.dyn_et_Rebane.dyn_et_Rebane
		dyn_et_Ilves.dyn_et_Ilves.dyn_et_Ilves.dyn_et_Ilves
		dyn_et_Parn.dyn_et_Parn.dyn_et_Parn.dyn_et_Parn
		dyn_et_Koppel.dyn_et_Koppel.dyn_et_Koppel.dyn_et_Koppel
		dyn_et_Aas.dyn_et_Aas.dyn_et_Aas.dyn_et_Aas
		dyn_et_Aavik.dyn_et_Aavik.dyn_et_Aavik.dyn_et_Aavik
		dyn_et_Ahven.dyn_et_Ahven.dyn_et_Ahven.dyn_et_Ahven
		dyn_et_Allas.dyn_et_Allas.dyn_et_Allas.dyn_et_Allas
		dyn_et_Allik.dyn_et_Allik.dyn_et_Allik.dyn_et_Allik
		dyn_et_Annus.dyn_et_Annus.dyn_et_Annus.dyn_et_Annus
		dyn_et_Anton.dyn_et_Anton.dyn_et_Anton.dyn_et_Anton
		dyn_et_Arro.dyn_et_Arro.dyn_et_Arro.dyn_et_Arro
		dyn_et_Aru.dyn_et_Aru.dyn_et_Aru.dyn_et_Aru
		dyn_et_Arumaa.dyn_et_Arumaa.dyn_et_Arumaa.dyn_et_Arumaa
		dyn_et_Arumae.dyn_et_Arumae.dyn_et_Arumae.dyn_et_Arumae
		dyn_et_Aun.dyn_et_Aun.dyn_et_Aun.dyn_et_Aun
		dyn_et_Aus.dyn_et_Aus.dyn_et_Aus.dyn_et_Aus
		dyn_et_Avi.dyn_et_Avi.dyn_et_Avi.dyn_et_Avi
		dyn_et_Eenpalu.dyn_et_Eenpalu.dyn_et_Eenpalu.dyn_et_Eenpalu
		dyn_et_Eller.dyn_et_Eller.dyn_et_Eller.dyn_et_Eller
		dyn_et_Ets.dyn_et_Ets.dyn_et_Ets.dyn_et_Ets
		dyn_et_Haava.dyn_et_Haava.dyn_et_Haava.dyn_et_Haava
		dyn_et_Hallik.dyn_et_Hallik.dyn_et_Hallik.dyn_et_Hallik
		dyn_et_Hein.dyn_et_Hein.dyn_et_Hein.dyn_et_Hein
		dyn_et_Hell.dyn_et_Hell.dyn_et_Hell.dyn_et_Hell
		dyn_et_Hunt.dyn_et_Hunt.dyn_et_Hunt.dyn_et_Hunt
		dyn_et_Jaik.dyn_et_Jaik.dyn_et_Jaik.dyn_et_Jaik
		dyn_et_Jalakas.dyn_et_Jalakas.dyn_et_Jalakas.dyn_et_Jalakas
		dyn_et_Jaenes.dyn_et_Jaenes.dyn_et_Jaenes.dyn_et_Jaenes
		dyn_et_Jarv.dyn_et_Jarv.dyn_et_Jarv.dyn_et_Jarv
		dyn_et_Jarva.dyn_et_Jarva.dyn_et_Jarva.dyn_et_Jarva
		dyn_et_Jarve.dyn_et_Jarve.dyn_et_Jarve.dyn_et_Jarve
		dyn_et_Jarvesoo.dyn_et_Jarvesoo.dyn_et_Jarvesoo.dyn_et_Jarvesoo
		dyn_et_Jarvi.dyn_et_Jarvi.dyn_et_Jarvi.dyn_et_Jarvi
		dyn_et_Jogi.dyn_et_Jogi.dyn_et_Jogi.dyn_et_Jogi
		dyn_et_Kaalepiga.dyn_et_Kaalepiga.dyn_et_Kaalepiga.dyn_et_Kaalepiga
		dyn_et_Kaasik.dyn_et_Kaasik.dyn_et_Kaasik.dyn_et_Kaasik
		dyn_et_Kabin.dyn_et_Kabin.dyn_et_Kabin.dyn_et_Kabin
		dyn_et_Kadri.dyn_et_Kadri.dyn_et_Kadri.dyn_et_Kadri
		dyn_et_Kala.dyn_et_Kala.dyn_et_Kala.dyn_et_Kala
		dyn_et_Kalda.dyn_et_Kalda.dyn_et_Kalda.dyn_et_Kalda
		dyn_et_Kallas.dyn_et_Kallas.dyn_et_Kallas.dyn_et_Kallas
		dyn_et_Kallasmaa.dyn_et_Kallasmaa.dyn_et_Kallasmaa.dyn_et_Kallasmaa
		dyn_et_Kangro.dyn_et_Kangro.dyn_et_Kangro.dyn_et_Kangro
		dyn_et_Kangur.dyn_et_Kangur.dyn_et_Kangur.dyn_et_Kangur
		dyn_et_Kapp.dyn_et_Kapp.dyn_et_Kapp.dyn_et_Kapp
		dyn_et_Karner.dyn_et_Karner.dyn_et_Karner.dyn_et_Karner
		dyn_et_Karp.dyn_et_Karp.dyn_et_Karp.dyn_et_Karp
		dyn_et_Kartoamm.dyn_et_Kartoamm.dyn_et_Kartoamm.dyn_et_Kartoamm
		dyn_et_Karu.dyn_et_Karu.dyn_et_Karu.dyn_et_Karu
		dyn_et_Kase.dyn_et_Kase.dyn_et_Kase.dyn_et_Kase
		dyn_et_Kasik.dyn_et_Kasik.dyn_et_Kasik.dyn_et_Kasik
		dyn_et_Kass.dyn_et_Kass.dyn_et_Kass.dyn_et_Kass
		dyn_et_Kaur.dyn_et_Kaur.dyn_et_Kaur.dyn_et_Kaur
		dyn_et_Kaza.dyn_et_Kaza.dyn_et_Kaza.dyn_et_Kaza
		dyn_et_Keepna.dyn_et_Keepna.dyn_et_Keepna.dyn_et_Keepna
		dyn_et_Kelam.dyn_et_Kelam.dyn_et_Kelam.dyn_et_Kelam
		dyn_et_Kikas.dyn_et_Kikas.dyn_et_Kikas.dyn_et_Kikas
		dyn_et_Kilk.dyn_et_Kilk.dyn_et_Kilk.dyn_et_Kilk
		dyn_et_Kink.dyn_et_Kink.dyn_et_Kink.dyn_et_Kink
		dyn_et_Kirsipuu.dyn_et_Kirsipuu.dyn_et_Kirsipuu.dyn_et_Kirsipuu
		dyn_et_Kirss.dyn_et_Kirss.dyn_et_Kirss.dyn_et_Kirss
		dyn_et_Kivi.dyn_et_Kivi.dyn_et_Kivi.dyn_et_Kivi
		dyn_et_Kivikas.dyn_et_Kivikas.dyn_et_Kivikas.dyn_et_Kivikas
		dyn_et_Kivistik.dyn_et_Kivistik.dyn_et_Kivistik.dyn_et_Kivistik
		dyn_et_Koiv.dyn_et_Koiv.dyn_et_Koiv.dyn_et_Koiv
		dyn_et_Koiva.dyn_et_Koiva.dyn_et_Koiva.dyn_et_Koiva
		dyn_et_Kokk.dyn_et_Kokk.dyn_et_Kokk.dyn_et_Kokk
		dyn_et_Kolk.dyn_et_Kolk.dyn_et_Kolk.dyn_et_Kolk
		dyn_et_Koort.dyn_et_Koort.dyn_et_Koort.dyn_et_Koort
		dyn_et_Kotkas.dyn_et_Kotkas.dyn_et_Kotkas.dyn_et_Kotkas
		dyn_et_Kruus.dyn_et_Kruus.dyn_et_Kruus.dyn_et_Kruus
		dyn_et_Kuddo.dyn_et_Kuddo.dyn_et_Kuddo.dyn_et_Kuddo
		dyn_et_Kull.dyn_et_Kull.dyn_et_Kull.dyn_et_Kull
		dyn_et_Kung.dyn_et_Kung.dyn_et_Kung.dyn_et_Kung
		dyn_et_Kuris.dyn_et_Kuris.dyn_et_Kuris.dyn_et_Kuris
		dyn_et_Kurvits.dyn_et_Kurvits.dyn_et_Kurvits.dyn_et_Kurvits
		dyn_et_Kutt.dyn_et_Kutt.dyn_et_Kutt.dyn_et_Kutt
		dyn_et_Kuusik.dyn_et_Kuusik.dyn_et_Kuusik.dyn_et_Kuusik
		dyn_et_Kuusk.dyn_et_Kuusk.dyn_et_Kuusk.dyn_et_Kuusk
		dyn_et_Laan.dyn_et_Laan.dyn_et_Laan.dyn_et_Laan
		dyn_et_Laane.dyn_et_Laane.dyn_et_Laane.dyn_et_Laane
		dyn_et_Laanemets.dyn_et_Laanemets.dyn_et_Laanemets.dyn_et_Laanemets
		dyn_et_Laanest.dyn_et_Laanest.dyn_et_Laanest.dyn_et_Laanest
		dyn_et_Laar.dyn_et_Laar.dyn_et_Laar.dyn_et_Laar
		dyn_et_Laas.dyn_et_Laas.dyn_et_Laas.dyn_et_Laas
		dyn_et_Laidoner.dyn_et_Laidoner.dyn_et_Laidoner.dyn_et_Laidoner
		dyn_et_Lang.dyn_et_Lang.dyn_et_Lang.dyn_et_Lang
		dyn_et_Larka.dyn_et_Larka.dyn_et_Larka.dyn_et_Larka
		dyn_et_Lass.dyn_et_Lass.dyn_et_Lass.dyn_et_Lass
		dyn_et_Laur.dyn_et_Laur.dyn_et_Laur.dyn_et_Laur
		dyn_et_Lauristin.dyn_et_Lauristin.dyn_et_Lauristin.dyn_et_Lauristin
		dyn_et_Lee.dyn_et_Lee.dyn_et_Lee.dyn_et_Lee
		dyn_et_Leemets.dyn_et_Leemets.dyn_et_Leemets.dyn_et_Leemets
		dyn_et_Leetmaa.dyn_et_Leetmaa.dyn_et_Leetmaa.dyn_et_Leetmaa
		dyn_et_Leis.dyn_et_Leis.dyn_et_Leis.dyn_et_Leis
		dyn_et_Lember.dyn_et_Lember.dyn_et_Lember.dyn_et_Lember
		dyn_et_Lepik.dyn_et_Lepik.dyn_et_Lepik.dyn_et_Lepik
		dyn_et_Lepp.dyn_et_Lepp.dyn_et_Lepp.dyn_et_Lepp
		dyn_et_Leppik.dyn_et_Leppik.dyn_et_Leppik.dyn_et_Leppik
		dyn_et_Liitoja.dyn_et_Liitoja.dyn_et_Liitoja.dyn_et_Liitoja
		dyn_et_Liiv.dyn_et_Liiv.dyn_et_Liiv.dyn_et_Liiv
		dyn_et_Liivak.dyn_et_Liivak.dyn_et_Liivak.dyn_et_Liivak
		dyn_et_Lill.dyn_et_Lill.dyn_et_Lill.dyn_et_Lill
		dyn_et_Lillemets.dyn_et_Lillemets.dyn_et_Lillemets.dyn_et_Lillemets
		dyn_et_Lind.dyn_et_Lind.dyn_et_Lind.dyn_et_Lind
		dyn_et_Link.dyn_et_Link.dyn_et_Link.dyn_et_Link
		dyn_et_Lipp.dyn_et_Lipp.dyn_et_Lipp.dyn_et_Lipp
		dyn_et_Lippmaa.dyn_et_Lippmaa.dyn_et_Lippmaa.dyn_et_Lippmaa
		dyn_et_Lippus.dyn_et_Lippus.dyn_et_Lippus.dyn_et_Lippus
		dyn_et_Lohmus.dyn_et_Lohmus.dyn_et_Lohmus.dyn_et_Lohmus
		dyn_et_Loit.dyn_et_Loit.dyn_et_Loit.dyn_et_Loit
		dyn_et_Loogi.dyn_et_Loogi.dyn_et_Loogi.dyn_et_Loogi
		dyn_et_Luik.dyn_et_Luik.dyn_et_Luik.dyn_et_Luik
		dyn_et_Lumiste.dyn_et_Lumiste.dyn_et_Lumiste.dyn_et_Lumiste
		dyn_et_Maadu.dyn_et_Maadu.dyn_et_Maadu.dyn_et_Maadu
		dyn_et_Maasik.dyn_et_Maasik.dyn_et_Maasik.dyn_et_Maasik
		dyn_et_Mae.dyn_et_Mae.dyn_et_Mae.dyn_et_Mae
		dyn_et_Maearu.dyn_et_Maearu.dyn_et_Maearu.dyn_et_Maearu
		dyn_et_Mand.dyn_et_Mand.dyn_et_Mand.dyn_et_Mand
		dyn_et_Mannik.dyn_et_Mannik.dyn_et_Mannik.dyn_et_Mannik
		dyn_et_Maripuu.dyn_et_Maripuu.dyn_et_Maripuu.dyn_et_Maripuu
		dyn_et_Mets.dyn_et_Mets.dyn_et_Mets.dyn_et_Mets
		dyn_et_Metsis.dyn_et_Metsis.dyn_et_Metsis.dyn_et_Metsis
		dyn_et_Mitt.dyn_et_Mitt.dyn_et_Mitt.dyn_et_Mitt
		dyn_et_Molder.dyn_et_Molder.dyn_et_Molder.dyn_et_Molder
		dyn_et_Mottus.dyn_et_Mottus.dyn_et_Mottus.dyn_et_Mottus
		dyn_et_Must.dyn_et_Must.dyn_et_Must.dyn_et_Must
		dyn_et_Neetar.dyn_et_Neetar.dyn_et_Neetar.dyn_et_Neetar
		dyn_et_Niit.dyn_et_Niit.dyn_et_Niit.dyn_et_Niit
		dyn_et_Nomm.dyn_et_Nomm.dyn_et_Nomm.dyn_et_Nomm
		dyn_et_Nool.dyn_et_Nool.dyn_et_Nool.dyn_et_Nool
		dyn_et_Nurk.dyn_et_Nurk.dyn_et_Nurk.dyn_et_Nurk
		dyn_et_Oim.dyn_et_Oim.dyn_et_Oim.dyn_et_Oim
		dyn_et_Oimu.dyn_et_Oimu.dyn_et_Oimu.dyn_et_Oimu
		dyn_et_Ojala.dyn_et_Ojala.dyn_et_Ojala.dyn_et_Ojala
		dyn_et_Ojamaa.dyn_et_Ojamaa.dyn_et_Ojamaa.dyn_et_Ojamaa
		dyn_et_Ojastu.dyn_et_Ojastu.dyn_et_Ojastu.dyn_et_Ojastu
		dyn_et_Oras.dyn_et_Oras.dyn_et_Oras.dyn_et_Oras
		dyn_et_Orav.dyn_et_Orav.dyn_et_Orav.dyn_et_Orav
		dyn_et_Ots.dyn_et_Ots.dyn_et_Ots.dyn_et_Ots
		dyn_et_Ott.dyn_et_Ott.dyn_et_Ott.dyn_et_Ott
		dyn_et_Ou.dyn_et_Ou.dyn_et_Ou.dyn_et_Ou
		dyn_et_Paal.dyn_et_Paal.dyn_et_Paal.dyn_et_Paal
		dyn_et_Paas.dyn_et_Paas.dyn_et_Paas.dyn_et_Paas
		dyn_et_Padar.dyn_et_Padar.dyn_et_Padar.dyn_et_Padar
		dyn_et_Paju.dyn_et_Paju.dyn_et_Paju.dyn_et_Paju
		dyn_et_Pajukivi.dyn_et_Pajukivi.dyn_et_Pajukivi.dyn_et_Pajukivi
		dyn_et_Paell.dyn_et_Paell.dyn_et_Paell.dyn_et_Paell
		dyn_et_Palli.dyn_et_Palli.dyn_et_Palli.dyn_et_Palli
		dyn_et_Palm.dyn_et_Palm.dyn_et_Palm.dyn_et_Palm
		dyn_et_Palu.dyn_et_Palu.dyn_et_Palu.dyn_et_Palu
		dyn_et_Paerming.dyn_et_Paerming.dyn_et_Paerming.dyn_et_Paerming
		dyn_et_Partel.dyn_et_Partel.dyn_et_Partel.dyn_et_Partel
		dyn_et_Parts.dyn_et_Parts.dyn_et_Parts.dyn_et_Parts
		dyn_et_Pats.dyn_et_Pats.dyn_et_Pats.dyn_et_Pats
		dyn_et_Pettai.dyn_et_Pettai.dyn_et_Pettai.dyn_et_Pettai
		dyn_et_Pihlak.dyn_et_Pihlak.dyn_et_Pihlak.dyn_et_Pihlak
		dyn_et_Piirmets.dyn_et_Piirmets.dyn_et_Piirmets.dyn_et_Piirmets
		dyn_et_Pille.dyn_et_Pille.dyn_et_Pille.dyn_et_Pille
		dyn_et_Pilt.dyn_et_Pilt.dyn_et_Pilt.dyn_et_Pilt
		dyn_et_Pisuke.dyn_et_Pisuke.dyn_et_Pisuke.dyn_et_Pisuke
		dyn_et_Poder.dyn_et_Poder.dyn_et_Poder.dyn_et_Poder
		dyn_et_Pold.dyn_et_Pold.dyn_et_Pold.dyn_et_Pold
		dyn_et_Post.dyn_et_Post.dyn_et_Post.dyn_et_Post
		dyn_et_Pukk.dyn_et_Pukk.dyn_et_Pukk.dyn_et_Pukk
		dyn_et_Pusta.dyn_et_Pusta.dyn_et_Pusta.dyn_et_Pusta
		dyn_et_Puusepp.dyn_et_Puusepp.dyn_et_Puusepp.dyn_et_Puusepp
		dyn_et_Raadik.dyn_et_Raadik.dyn_et_Raadik.dyn_et_Raadik
		dyn_et_Raid.dyn_et_Raid.dyn_et_Raid.dyn_et_Raid
		dyn_et_Raja.dyn_et_Raja.dyn_et_Raja.dyn_et_Raja
		dyn_et_Rand.dyn_et_Rand.dyn_et_Rand.dyn_et_Rand
		dyn_et_Ratsep.dyn_et_Ratsep.dyn_et_Ratsep.dyn_et_Ratsep
		dyn_et_Raud.dyn_et_Raud.dyn_et_Raud.dyn_et_Raud
		dyn_et_Raudsepp.dyn_et_Raudsepp.dyn_et_Raudsepp.dyn_et_Raudsepp
		dyn_et_Rohtla.dyn_et_Rohtla.dyn_et_Rohtla.dyn_et_Rohtla
		dyn_et_Roos.dyn_et_Roos.dyn_et_Roos.dyn_et_Roos
		dyn_et_Ross.dyn_et_Ross.dyn_et_Ross.dyn_et_Ross
		dyn_et_Ruus.dyn_et_Ruus.dyn_et_Ruus.dyn_et_Ruus
		dyn_et_Saare.dyn_et_Saare.dyn_et_Saare.dyn_et_Saare
		dyn_et_Saari.dyn_et_Saari.dyn_et_Saari.dyn_et_Saari
		dyn_et_Sander.dyn_et_Sander.dyn_et_Sander.dyn_et_Sander
		dyn_et_Sarapuu.dyn_et_Sarapuu.dyn_et_Sarapuu.dyn_et_Sarapuu
		dyn_et_Sarv.dyn_et_Sarv.dyn_et_Sarv.dyn_et_Sarv
		dyn_et_Savisaar.dyn_et_Savisaar.dyn_et_Savisaar.dyn_et_Savisaar
		dyn_et_Serpas.dyn_et_Serpas.dyn_et_Serpas.dyn_et_Serpas
		dyn_et_Shaltis.dyn_et_Shaltis.dyn_et_Shaltis.dyn_et_Shaltis
		dyn_et_Sikk.dyn_et_Sikk.dyn_et_Sikk.dyn_et_Sikk
		dyn_et_Sild.dyn_et_Sild.dyn_et_Sild.dyn_et_Sild
		dyn_et_Sirk.dyn_et_Sirk.dyn_et_Sirk.dyn_et_Sirk
		dyn_et_Soosaar.dyn_et_Soosaar.dyn_et_Soosaar.dyn_et_Soosaar
		dyn_et_Soot.dyn_et_Soot.dyn_et_Soot.dyn_et_Soot
		dyn_et_Suits.dyn_et_Suits.dyn_et_Suits.dyn_et_Suits
		dyn_et_Susi.dyn_et_Susi.dyn_et_Susi.dyn_et_Susi
		dyn_et_Sutt.dyn_et_Sutt.dyn_et_Sutt.dyn_et_Sutt
		dyn_et_Taal.dyn_et_Taal.dyn_et_Taal.dyn_et_Taal
		dyn_et_Tali.dyn_et_Tali.dyn_et_Tali.dyn_et_Tali
		dyn_et_Tamme.dyn_et_Tamme.dyn_et_Tamme.dyn_et_Tamme
		dyn_et_Tammik.dyn_et_Tammik.dyn_et_Tammik.dyn_et_Tammik
		dyn_et_Tammiste.dyn_et_Tammiste.dyn_et_Tammiste.dyn_et_Tammiste
		dyn_et_Teder.dyn_et_Teder.dyn_et_Teder.dyn_et_Teder
		dyn_et_Tiideman.dyn_et_Tiideman.dyn_et_Tiideman.dyn_et_Tiideman
		dyn_et_Tiit.dyn_et_Tiit.dyn_et_Tiit.dyn_et_Tiit
		dyn_et_Tilk.dyn_et_Tilk.dyn_et_Tilk.dyn_et_Tilk
		dyn_et_Tohver.dyn_et_Tohver.dyn_et_Tohver.dyn_et_Tohver
		dyn_et_Tomingas.dyn_et_Tomingas.dyn_et_Tomingas.dyn_et_Tomingas
		dyn_et_Toom.dyn_et_Toom.dyn_et_Toom.dyn_et_Toom
		dyn_et_Toome.dyn_et_Toome.dyn_et_Toome.dyn_et_Toome
		dyn_et_Tooming.dyn_et_Tooming.dyn_et_Tooming.dyn_et_Tooming
		dyn_et_Toomsalu.dyn_et_Toomsalu.dyn_et_Toomsalu.dyn_et_Toomsalu
		dyn_et_Toona.dyn_et_Toona.dyn_et_Toona.dyn_et_Toona
		dyn_et_Toots.dyn_et_Toots.dyn_et_Toots.dyn_et_Toots
		dyn_et_Toruste.dyn_et_Toruste.dyn_et_Toruste.dyn_et_Toruste
		dyn_et_Traat.dyn_et_Traat.dyn_et_Traat.dyn_et_Traat
		dyn_et_Trei.dyn_et_Trei.dyn_et_Trei.dyn_et_Trei
		dyn_et_Truu.dyn_et_Truu.dyn_et_Truu.dyn_et_Truu
		dyn_et_Truuvali.dyn_et_Truuvali.dyn_et_Truuvali.dyn_et_Truuvali
		dyn_et_Tuisk.dyn_et_Tuisk.dyn_et_Tuisk.dyn_et_Tuisk
		dyn_et_Uibo.dyn_et_Uibo.dyn_et_Uibo.dyn_et_Uibo
		dyn_et_Uibopuu.dyn_et_Uibopuu.dyn_et_Uibopuu.dyn_et_Uibopuu
		dyn_et_Uluots.dyn_et_Uluots.dyn_et_Uluots.dyn_et_Uluots
		dyn_et_Unt.dyn_et_Unt.dyn_et_Unt.dyn_et_Unt
		dyn_et_Uustalu.dyn_et_Uustalu.dyn_et_Uustalu.dyn_et_Uustalu
		dyn_et_Vaher.dyn_et_Vaher.dyn_et_Vaher.dyn_et_Vaher
		dyn_et_Vahi.dyn_et_Vahi.dyn_et_Vahi.dyn_et_Vahi
		dyn_et_Vahter.dyn_et_Vahter.dyn_et_Vahter.dyn_et_Vahter
		dyn_et_Vahtra.dyn_et_Vahtra.dyn_et_Vahtra.dyn_et_Vahtra
		dyn_et_Vain.dyn_et_Vain.dyn_et_Vain.dyn_et_Vain
		dyn_et_Vaino.dyn_et_Vaino.dyn_et_Vaino.dyn_et_Vaino
		dyn_et_Valjas.dyn_et_Valjas.dyn_et_Valjas.dyn_et_Valjas
		dyn_et_Valk.dyn_et_Valk.dyn_et_Valk.dyn_et_Valk
		dyn_et_Vare.dyn_et_Vare.dyn_et_Vare.dyn_et_Vare
		dyn_et_Vares.dyn_et_Vares.dyn_et_Vares.dyn_et_Vares
		dyn_et_Varik.dyn_et_Varik.dyn_et_Varik.dyn_et_Varik
		dyn_et_Viira.dyn_et_Viira.dyn_et_Viira.dyn_et_Viira
		dyn_et_Vinkel.dyn_et_Vinkel.dyn_et_Vinkel.dyn_et_Vinkel
		dyn_et_Viru.dyn_et_Viru.dyn_et_Viru.dyn_et_Viru
		dyn_et_Visnapuu.dyn_et_Visnapuu.dyn_et_Visnapuu.dyn_et_Visnapuu
		dyn_et_Aamisepp.dyn_et_Aamisepp.dyn_et_Aamisepp.dyn_et_Aamisepp
		dyn_et_Aavik.dyn_et_Aavik.dyn_et_Aavik.dyn_et_Aavik
		dyn_et_Adams.dyn_et_Adams.dyn_et_Adams.dyn_et_Adams
		dyn_et_Anvel.dyn_et_Anvel.dyn_et_Anvel.dyn_et_Anvel
		dyn_et_Barbarus.dyn_et_Barbarus.dyn_et_Barbarus.dyn_et_Barbarus
		dyn_et_Bornhoehe.dyn_et_Bornhoehe.dyn_et_Bornhoehe.dyn_et_Bornhoehe
		dyn_et_Eenpalu.dyn_et_Eenpalu.dyn_et_Eenpalu.dyn_et_Eenpalu
		dyn_et_Hint.dyn_et_Hint.dyn_et_Hint.dyn_et_Hint
		dyn_et_Hurt.dyn_et_Hurt.dyn_et_Hurt.dyn_et_Hurt
		dyn_et_Jaakson.dyn_et_Jaakson.dyn_et_Jaakson.dyn_et_Jaakson
		dyn_et_Kangro.dyn_et_Kangro.dyn_et_Kangro.dyn_et_Kangro
		dyn_et_Kint.dyn_et_Kint.dyn_et_Kint.dyn_et_Kint
		dyn_et_Klaasen.dyn_et_Klaasen.dyn_et_Klaasen.dyn_et_Klaasen
		dyn_et_Koern.dyn_et_Koern.dyn_et_Koern.dyn_et_Koern
		dyn_et_Koiv.dyn_et_Koiv.dyn_et_Koiv.dyn_et_Koiv
		dyn_et_Kotli.dyn_et_Kotli.dyn_et_Kotli.dyn_et_Kotli
		dyn_et_Kumari.dyn_et_Kumari.dyn_et_Kumari.dyn_et_Kumari
		dyn_et_Kupine.dyn_et_Kupine.dyn_et_Kupine.dyn_et_Kupine
		dyn_et_Kuusik.dyn_et_Kuusik.dyn_et_Kuusik.dyn_et_Kuusik
		dyn_et_Leppik.dyn_et_Leppik.dyn_et_Leppik.dyn_et_Leppik
		dyn_et_Lipping.dyn_et_Lipping.dyn_et_Lipping.dyn_et_Lipping
		dyn_et_Lohk.dyn_et_Lohk.dyn_et_Lohk.dyn_et_Lohk
		dyn_et_Maee.dyn_et_Maee.dyn_et_Maee.dyn_et_Maee
		dyn_et_Maennil.dyn_et_Maennil.dyn_et_Maennil.dyn_et_Maennil
		dyn_et_Moora.dyn_et_Moora.dyn_et_Moora.dyn_et_Moora
		dyn_et_Natus.dyn_et_Natus.dyn_et_Natus.dyn_et_Natus
		dyn_et_Nurkse.dyn_et_Nurkse.dyn_et_Nurkse.dyn_et_Nurkse
		dyn_et_Nurmekund.dyn_et_Nurmekund.dyn_et_Nurmekund.dyn_et_Nurmekund
		dyn_et_Okva.dyn_et_Okva.dyn_et_Okva.dyn_et_Okva
		dyn_et_Oepik.dyn_et_Oepik.dyn_et_Oepik.dyn_et_Oepik
		dyn_et_Orkivu.dyn_et_Orkivu.dyn_et_Orkivu.dyn_et_Orkivu
		dyn_et_Paets.dyn_et_Paets.dyn_et_Paets.dyn_et_Paets
		dyn_et_Perna.dyn_et_Perna.dyn_et_Perna.dyn_et_Perna
		dyn_et_Piiper.dyn_et_Piiper.dyn_et_Piiper.dyn_et_Piiper
		dyn_et_Poska.dyn_et_Poska.dyn_et_Poska.dyn_et_Poska
		dyn_et_Puusepp.dyn_et_Puusepp.dyn_et_Puusepp.dyn_et_Puusepp
		dyn_et_Raenk.dyn_et_Raenk.dyn_et_Raenk.dyn_et_Raenk
		dyn_et_Rei.dyn_et_Rei.dyn_et_Rei.dyn_et_Rei
		dyn_et_Reinman.dyn_et_Reinman.dyn_et_Reinman.dyn_et_Reinman
		dyn_et_Siinmaa.dyn_et_Siinmaa.dyn_et_Siinmaa.dyn_et_Siinmaa
		dyn_et_Sikkar.dyn_et_Sikkar.dyn_et_Sikkar.dyn_et_Sikkar
		dyn_et_Sirk.dyn_et_Sirk.dyn_et_Sirk.dyn_et_Sirk
		dyn_et_Toenisson.dyn_et_Toenisson.dyn_et_Toenisson.dyn_et_Toenisson
		dyn_et_Uluots.dyn_et_Uluots.dyn_et_Uluots.dyn_et_Uluots
		dyn_et_Vaga.dyn_et_Vaga.dyn_et_Vaga.dyn_et_Vaga
		dyn_et_Veske.dyn_et_Veske.dyn_et_Veske.dyn_et_Veske
		dyn_et_Vilbaste.dyn_et_Vilbaste.dyn_et_Vilbaste.dyn_et_Vilbaste
		dyn_et_Vilms.dyn_et_Vilms.dyn_et_Vilms.dyn_et_Vilms
		dyn_et_Uexkuell.dyn_et_Uexkuell.dyn_et_Uexkuell.dyn_et_Uexkuell
		dyn_et_Warma.dyn_et_Warma.dyn_et_Warma.dyn_et_Warma
	}
		}
		livonian = {}
	}
	
	barbarian_names = { FINNISH }
	
	graphical_culture = nordic_1815_gfx
	
	ethnicities = {
		10 = northern
	}	
}