polynesian = { # Needs major rework
	color = hsv { 0.4 0.1 0.2 }

    levy_template = levy_conscripts

    primary = conscripts
    secondary = conscripts
    flank = conscripts

    primary_navy = tetrere
    secondary_navy = octere
    flank_navy = liburnian
    male_names = {
		Hone Wiremu Te_Ruki Anaru Nan_Maran
		Hohepa Mikaere
	}
	female_names = {
		 Hine Huhana Maata Mania Moana
	}
	family = {
		Tuhirangi.Tuhirangi.Tuhirangi.Tuhirangi
		Tuhoe.Tuhoe.Tuhoe.Tuhoen
		Ngata.Ngata.Ngata.Ngatan
		Rewi.Rewi.Rewi.Rewi
		Waaka.Waaka.Waaka.Waaka 
		Waara.Waara.Waara.Waaran
		Uu.Uu.Uu.Uu
	}
	
	culture = {
		maori = {
		
	male_names = {
		mi_Ahu mi_Amohia mi_Anaru mi_Api mi_Apirata mi_Arapata mi_Arapeta mi_Ari
		mi_Ariki mi_Awika mi_Enoka mi_Eru mi_Haimona mi_Hami mi_Hamiora mi_Haungurunguru
		mi_Hemi mi_Henara mi_Henare mi_Heremaia mi_Himi mi_Hika mi_Hira mi_Hoani
		mi_Hohepa mi_Hokianga mi_Hone mi_Hori mi_Hotu mi_Huirangi mi_Ihaia mi_Kahu
		mi_Kahumanu mi_Kahurangi mi_Kahutea mi_Kamira mi_Kauri mi_Kereama mi_Kerehi mi_Kori
		mi_Kupe mi_Mahi mi_Mahutia mi_Mana mi_Manaaki mi_Manaia mi_Manawa mi_Manoa
		mi_Manu mi_Mare mi_Matiu mi_Maui mi_Meto mi_Mikaele mi_Moana mi_Mutu
		mi_Ngakaukawa mi_Ngati mi_Nihe mi_Nikau mi_Niko mi_Nikora mi_Okena
		mi_Olo mi_Paora mi_Patariki mi_Peta mi_Petera mi_Piripi mi_Pita mi_Rangi mi_Rawiri
		mi_Remia mi_Rewa mi_Tai mi_Taiaho mi_Taine mi_Taki mi_Tama mi_Tamaho
		mi_Tamati mi_Tame mi_Tane mi_Tangaroa mi_Taukeiaho mi_Taunui mi_Te_Ariki
		mi_Te_Koha mi_Tekukuni mi_Temuera mi_Tiare mi_Timoti mi_Tipene mi_Tipi
		mi_Toa mi_Toangia mi_Turu mi_Tuu mi_Whatahui mi_Wherehiko mi_Wiremu
	}

	female_names = {
		mi_Aka mi_Akenehi mi_Amaia mi_Ana mi_Anahera mi_Anika mi_Aria mi_Ariana
		mi_Aroha mi_Ataahua mi_Awhina mi_Erana mi_Eri mi_Hana mi_Hapaikiterangi mi_Hema
		mi_Heni mi_Hera mi_Hinauri mi_Hine mi_Hinemoa mi_Hinewai mi_Hinewehi
		mi_Hira mi_Hoana mi_Huhana mi_Huia mi_Hurihuri mi_Irihapeti mi_Iritana
		mi_Kahurangi mi_Kaia mi_Kehu mi_Kereh mi_Keri mi_Kiri mi_Kora mi_Kuni mi_Kupe
		mi_Maata mi_Mahi mi_Mahina mi_Maia mi_Mairangi mi_Manaia mi_Maraea
		mi_Marama mi_Marara mi_Mareikura mi_Matire mi_Mere mi_Mereana mi_Mira
		mi_Miriama mi_Moana mi_Moe mi_Moori mi_Ngaio mi_Ngaire mi_Ngarongo mi_Ngatote
		mi_Ngawai mi_Nia mi_Nikora mi_Niree mi_Nyra mi_Nyree mi_Nyrie mi_Pare
		mi_Pohea mi_Putiputi mi_Ra mi_Ranangi mi_Rangi mi_Rata mi_Rewa mi_Ria
		mi_Rita mi_Roimata mi_Ruiha mi_Taiaroa mi_Taka mi_Tamati mi_Terina
		mi_Tia mi_Tiare mi_Tiwho mi_Toi mi_Tui mi_Tungia mi_Waimarie mi_Waitohi
		mi_Wharerangi mi_Whawhakiterangi mi_Whetu mi_Whina mi_Wikitoria
	}
	family = {
		dyn_mi_Ahipene.dyn_mi_Ahipene.dyn_mi_Ahipene.dyn_mi_Ahipene
		dyn_mi_Amohau.dyn_mi_Amohau.dyn_mi_Amohau.dyn_mi_Amohau
		dyn_mi_Anaru.dyn_mi_Anaru.dyn_mi_Anaru.dyn_mi_Anaru
		dyn_mi_Apanui.dyn_mi_Apanui.dyn_mi_Apanui.dyn_mi_Apanui
		dyn_mi_Arahanga.dyn_mi_Arahanga.dyn_mi_Arahanga.dyn_mi_Arahanga
		dyn_mi_Aramoana.dyn_mi_Aramoana.dyn_mi_Aramoana.dyn_mi_Aramoana
		dyn_mi_Aranui.dyn_mi_Aranui.dyn_mi_Aranui.dyn_mi_Aranui
		dyn_mi_Areaiiti.dyn_mi_Areaiiti.dyn_mi_Areaiiti.dyn_mi_Areaiiti
		dyn_mi_Ata.dyn_mi_Ata.dyn_mi_Ata.dyn_mi_Ata
		dyn_mi_Atama.dyn_mi_Atama.dyn_mi_Atama.dyn_mi_Atama
		dyn_mi_Awatere.dyn_mi_Awatere.dyn_mi_Awatere.dyn_mi_Awatere
		dyn_mi_Ehau.dyn_mi_Ehau.dyn_mi_Ehau.dyn_mi_Ehau
		dyn_mi_Eketone.dyn_mi_Eketone.dyn_mi_Eketone.dyn_mi_Eketone
		dyn_mi_Eru.dyn_mi_Eru.dyn_mi_Eru.dyn_mi_Eru
		dyn_mi_Haare.dyn_mi_Haare.dyn_mi_Haare.dyn_mi_Haare
		dyn_mi_Hakiwai.dyn_mi_Hakiwai.dyn_mi_Hakiwai.dyn_mi_Hakiwai
		dyn_mi_Hakuene.dyn_mi_Hakuene.dyn_mi_Hakuene.dyn_mi_Hakuene
		dyn_mi_Harawira.dyn_mi_Harawira.dyn_mi_Harawira.dyn_mi_Harawira
		dyn_mi_Hato.dyn_mi_Hato.dyn_mi_Hato.dyn_mi_Hato
		dyn_mi_Hau.dyn_mi_Hau.dyn_mi_Hau.dyn_mi_Hau
		dyn_mi_Hauraki.dyn_mi_Hauraki.dyn_mi_Hauraki.dyn_mi_Hauraki
		dyn_mi_Hei.dyn_mi_Hei.dyn_mi_Hei.dyn_mi_Hei
		dyn_mi_Heke.dyn_mi_Heke.dyn_mi_Heke.dyn_mi_Heke
		dyn_mi_Hemi.dyn_mi_Hemi.dyn_mi_Hemi.dyn_mi_Hemi
		dyn_mi_Henare.dyn_mi_Henare.dyn_mi_Henare.dyn_mi_Henare
		dyn_mi_Hepetipa.dyn_mi_Hepetipa.dyn_mi_Hepetipa.dyn_mi_Hepetipa
		dyn_mi_Hepi.dyn_mi_Hepi.dyn_mi_Hepi.dyn_mi_Hepi
		dyn_mi_Herangi.dyn_mi_Herangi.dyn_mi_Herangi.dyn_mi_Herangi
		dyn_mi_Herekotukutuku.dyn_mi_Herekotukutuku.dyn_mi_Herekotukutuku.dyn_mi_Herekotukutuku
		dyn_mi_Heremaia.dyn_mi_Heremaia.dyn_mi_Heremaia.dyn_mi_Heremaia
		dyn_mi_Hereora.dyn_mi_Hereora.dyn_mi_Hereora.dyn_mi_Hereora
		dyn_mi_Hetet.dyn_mi_Hetet.dyn_mi_Hetet.dyn_mi_Hetet
		dyn_mi_Hiku.dyn_mi_Hiku.dyn_mi_Hiku.dyn_mi_Hiku
		dyn_mi_Himona.dyn_mi_Himona.dyn_mi_Himona.dyn_mi_Himona
		dyn_mi_Hipango.dyn_mi_Hipango.dyn_mi_Hipango.dyn_mi_Hipango
		dyn_mi_Hiroa.dyn_mi_Hiroa.dyn_mi_Hiroa.dyn_mi_Hiroa
		dyn_mi_Hohaia.dyn_mi_Hohaia.dyn_mi_Hohaia.dyn_mi_Hohaia
		dyn_mi_Horo.dyn_mi_Horo.dyn_mi_Horo.dyn_mi_Horo
		dyn_mi_Horomia.dyn_mi_Horomia.dyn_mi_Horomia.dyn_mi_Horomia
		dyn_mi_Hotere.dyn_mi_Hotere.dyn_mi_Hotere.dyn_mi_Hotere
		dyn_mi_Hotu.dyn_mi_Hotu.dyn_mi_Hotu.dyn_mi_Hotu
		dyn_mi_Huata.dyn_mi_Huata.dyn_mi_Huata.dyn_mi_Huata
		dyn_mi_Hutana.dyn_mi_Hutana.dyn_mi_Hutana.dyn_mi_Hutana
		dyn_mi_Ihaka.dyn_mi_Ihaka.dyn_mi_Ihaka.dyn_mi_Ihaka
		dyn_mi_Ihimaera.dyn_mi_Ihimaera.dyn_mi_Ihimaera.dyn_mi_Ihimaera
		dyn_mi_Iro.dyn_mi_Iro.dyn_mi_Iro.dyn_mi_Iro
		dyn_mi_Iti.dyn_mi_Iti.dyn_mi_Iti.dyn_mi_Iti
		dyn_mi_Kaa.dyn_mi_Kaa.dyn_mi_Kaa.dyn_mi_Kaa
		dyn_mi_Kahu.dyn_mi_Kahu.dyn_mi_Kahu.dyn_mi_Kahu
		dyn_mi_Kahukiwa.dyn_mi_Kahukiwa.dyn_mi_Kahukiwa.dyn_mi_Kahukiwa
		dyn_mi_Kaihau.dyn_mi_Kaihau.dyn_mi_Kaihau.dyn_mi_Kaihau
		dyn_mi_Kainga.dyn_mi_Kainga.dyn_mi_Kainga.dyn_mi_Kainga
		dyn_mi_Kamo.dyn_mi_Kamo.dyn_mi_Kamo.dyn_mi_Kamo
		dyn_mi_Kanuta.dyn_mi_Kanuta.dyn_mi_Kanuta.dyn_mi_Kanuta
		dyn_mi_Kapa.dyn_mi_Kapa.dyn_mi_Kapa.dyn_mi_Kapa
		dyn_mi_Kapua.dyn_mi_Kapua.dyn_mi_Kapua.dyn_mi_Kapua
		dyn_mi_Karaitiana.dyn_mi_Karaitiana.dyn_mi_Karaitiana.dyn_mi_Karaitiana
		dyn_mi_Karauria.dyn_mi_Karauria.dyn_mi_Karauria.dyn_mi_Karauria
		dyn_mi_Karawana.dyn_mi_Karawana.dyn_mi_Karawana.dyn_mi_Karawana
		dyn_mi_Karetu.dyn_mi_Karetu.dyn_mi_Karetu.dyn_mi_Karetu
		dyn_mi_Katene.dyn_mi_Katene.dyn_mi_Katene.dyn_mi_Katene
		dyn_mi_Kawharu.dyn_mi_Kawharu.dyn_mi_Kawharu.dyn_mi_Kawharu
		dyn_mi_Keiha.dyn_mi_Keiha.dyn_mi_Keiha.dyn_mi_Keiha
		dyn_mi_Kenana.dyn_mi_Kenana.dyn_mi_Kenana.dyn_mi_Kenana
		dyn_mi_Kereopa.dyn_mi_Kereopa.dyn_mi_Kereopa.dyn_mi_Kereopa
		dyn_mi_Kingi.dyn_mi_Kingi.dyn_mi_Kingi.dyn_mi_Kingi
		dyn_mi_Kirikiri.dyn_mi_Kirikiri.dyn_mi_Kirikiri.dyn_mi_Kirikiri
		dyn_mi_Kohe.dyn_mi_Kohe.dyn_mi_Kohe.dyn_mi_Kohe
		dyn_mi_Kohere.dyn_mi_Kohere.dyn_mi_Kohere.dyn_mi_Kohere
		dyn_mi_Koopu.dyn_mi_Koopu.dyn_mi_Koopu.dyn_mi_Koopu
		dyn_mi_Kooro.dyn_mi_Kooro.dyn_mi_Kooro.dyn_mi_Kooro
		dyn_mi_Kooti.dyn_mi_Kooti.dyn_mi_Kooti.dyn_mi_Kooti
		dyn_mi_Kopu.dyn_mi_Kopu.dyn_mi_Kopu.dyn_mi_Kopu
		dyn_mi_Kopunui.dyn_mi_Kopunui.dyn_mi_Kopunui.dyn_mi_Kopunui
		dyn_mi_Korako.dyn_mi_Korako.dyn_mi_Korako.dyn_mi_Korako
		dyn_mi_Kuiti.dyn_mi_Kuiti.dyn_mi_Kuiti.dyn_mi_Kuiti
		dyn_mi_Maaka.dyn_mi_Maaka.dyn_mi_Maaka.dyn_mi_Maaka
		dyn_mi_Mahuika.dyn_mi_Mahuika.dyn_mi_Mahuika.dyn_mi_Mahuika
		dyn_mi_Mahuta.dyn_mi_Mahuta.dyn_mi_Mahuta.dyn_mi_Mahuta
		dyn_mi_Maihi.dyn_mi_Maihi.dyn_mi_Maihi.dyn_mi_Maihi
		dyn_mi_Maioha.dyn_mi_Maioha.dyn_mi_Maioha.dyn_mi_Maioha
		dyn_mi_Makitanara.dyn_mi_Makitanara.dyn_mi_Makitanara.dyn_mi_Makitanara
		dyn_mi_Makoare.dyn_mi_Makoare.dyn_mi_Makoare.dyn_mi_Makoare
		dyn_mi_Makura.dyn_mi_Makura.dyn_mi_Makura.dyn_mi_Makura
		dyn_mi_Mangakahia.dyn_mi_Mangakahia.dyn_mi_Mangakahia.dyn_mi_Mangakahia
		dyn_mi_Manihera.dyn_mi_Manihera.dyn_mi_Manihera.dyn_mi_Manihera
		dyn_mi_Manuera.dyn_mi_Manuera.dyn_mi_Manuera.dyn_mi_Manuera
		dyn_mi_Maori.dyn_mi_Maori.dyn_mi_Maori.dyn_mi_Maori
		dyn_mi_Mapu.dyn_mi_Mapu.dyn_mi_Mapu.dyn_mi_Mapu
		dyn_mi_Marumaru.dyn_mi_Marumaru.dyn_mi_Marumaru.dyn_mi_Marumaru
		dyn_mi_Mataira.dyn_mi_Mataira.dyn_mi_Mataira.dyn_mi_Mataira
		dyn_mi_Mateparae.dyn_mi_Mateparae.dyn_mi_Mateparae.dyn_mi_Mateparae
		dyn_mi_Matete.dyn_mi_Matete.dyn_mi_Matete.dyn_mi_Matete
		dyn_mi_Matua.dyn_mi_Matua.dyn_mi_Matua.dyn_mi_Matua
		dyn_mi_Mawhete.dyn_mi_Mawhete.dyn_mi_Mawhete.dyn_mi_Mawhete
		dyn_mi_Meretana.dyn_mi_Meretana.dyn_mi_Meretana.dyn_mi_Meretana
		dyn_mi_Mihaka.dyn_mi_Mihaka.dyn_mi_Mihaka.dyn_mi_Mihaka
		dyn_mi_Mikaere.dyn_mi_Mikaere.dyn_mi_Mikaere.dyn_mi_Mikaere
		dyn_mi_Mira.dyn_mi_Mira.dyn_mi_Mira.dyn_mi_Mira
		dyn_mi_Mita.dyn_mi_Mita.dyn_mi_Mita.dyn_mi_Mita
		dyn_mi_Moa.dyn_mi_Moa.dyn_mi_Moa.dyn_mi_Moa
		dyn_mi_Moana.dyn_mi_Moana.dyn_mi_Moana.dyn_mi_Moana
		dyn_mi_Mohi.dyn_mi_Mohi.dyn_mi_Mohi.dyn_mi_Mohi
		dyn_mi_Moko.dyn_mi_Moko.dyn_mi_Moko.dyn_mi_Moko
		dyn_mi_Motu.dyn_mi_Motu.dyn_mi_Motu.dyn_mi_Motu
		dyn_mi_Muru.dyn_mi_Muru.dyn_mi_Muru.dyn_mi_Muru
		dyn_mi_Nahi.dyn_mi_Nahi.dyn_mi_Nahi.dyn_mi_Nahi
		dyn_mi_Neho.dyn_mi_Neho.dyn_mi_Neho.dyn_mi_Neho
		dyn_mi_Nepia.dyn_mi_Nepia.dyn_mi_Nepia.dyn_mi_Nepia
		dyn_mi_Ngakaho.dyn_mi_Ngakaho.dyn_mi_Ngakaho.dyn_mi_Ngakaho
		dyn_mi_Ngamu.dyn_mi_Ngamu.dyn_mi_Ngamu.dyn_mi_Ngamu
		dyn_mi_Ngarimu.dyn_mi_Ngarimu.dyn_mi_Ngarimu.dyn_mi_Ngarimu
		dyn_mi_Ngata.dyn_mi_Ngata.dyn_mi_Ngata.dyn_mi_Ngata
		dyn_mi_Ngatai.dyn_mi_Ngatai.dyn_mi_Ngatai.dyn_mi_Ngatai
		dyn_mi_Ngatata.dyn_mi_Ngatata.dyn_mi_Ngatata.dyn_mi_Ngatata
		dyn_mi_Ngawai.dyn_mi_Ngawai.dyn_mi_Ngawai.dyn_mi_Ngawai
		dyn_mi_Ngawini.dyn_mi_Ngawini.dyn_mi_Ngawini.dyn_mi_Ngawini
		dyn_mi_Nikau.dyn_mi_Nikau.dyn_mi_Nikau.dyn_mi_Nikau
		dyn_mi_Nikora.dyn_mi_Nikora.dyn_mi_Nikora.dyn_mi_Nikora
		dyn_mi_Nikorima.dyn_mi_Nikorima.dyn_mi_Nikorima.dyn_mi_Nikorima
		dyn_mi_Noema.dyn_mi_Noema.dyn_mi_Noema.dyn_mi_Noema
		dyn_mi_Okeroa.dyn_mi_Okeroa.dyn_mi_Okeroa.dyn_mi_Okeroa
		dyn_mi_Omahuru.dyn_mi_Omahuru.dyn_mi_Omahuru.dyn_mi_Omahuru
		dyn_mi_Omana.dyn_mi_Omana.dyn_mi_Omana.dyn_mi_Omana
		dyn_mi_Otimi.dyn_mi_Otimi.dyn_mi_Otimi.dyn_mi_Otimi
		dyn_mi_Paetahi.dyn_mi_Paetahi.dyn_mi_Paetahi.dyn_mi_Paetahi
		dyn_mi_Paewai.dyn_mi_Paewai.dyn_mi_Paewai.dyn_mi_Paewai
		dyn_mi_Paikea.dyn_mi_Paikea.dyn_mi_Paikea.dyn_mi_Paikea
		dyn_mi_Paki.dyn_mi_Paki.dyn_mi_Paki.dyn_mi_Paki
		dyn_mi_Papakura.dyn_mi_Papakura.dyn_mi_Papakura.dyn_mi_Papakura
		dyn_mi_Paraha.dyn_mi_Paraha.dyn_mi_Paraha.dyn_mi_Paraha
		dyn_mi_Paraone.dyn_mi_Paraone.dyn_mi_Paraone.dyn_mi_Paraone
		dyn_mi_Parata.dyn_mi_Parata.dyn_mi_Parata.dyn_mi_Parata
		dyn_mi_Paratene.dyn_mi_Paratene.dyn_mi_Paratene.dyn_mi_Paratene
		dyn_mi_Parekowhai.dyn_mi_Parekowhai.dyn_mi_Parekowhai.dyn_mi_Parekowhai
		dyn_mi_Parore.dyn_mi_Parore.dyn_mi_Parore.dyn_mi_Parore
		dyn_mi_Patuki.dyn_mi_Patuki.dyn_mi_Patuki.dyn_mi_Patuki
		dyn_mi_Pene.dyn_mi_Pene.dyn_mi_Pene.dyn_mi_Pene
		dyn_mi_Pere.dyn_mi_Pere.dyn_mi_Pere.dyn_mi_Pere
		dyn_mi_Perenara.dyn_mi_Perenara.dyn_mi_Perenara.dyn_mi_Perenara
		dyn_mi_Perohuka.dyn_mi_Perohuka.dyn_mi_Perohuka.dyn_mi_Perohuka
		dyn_mi_Pewairangi.dyn_mi_Pewairangi.dyn_mi_Pewairangi.dyn_mi_Pewairangi
		dyn_mi_Pirini.dyn_mi_Pirini.dyn_mi_Pirini.dyn_mi_Pirini
		dyn_mi_Pita.dyn_mi_Pita.dyn_mi_Pita.dyn_mi_Pita
		dyn_mi_Pitama.dyn_mi_Pitama.dyn_mi_Pitama.dyn_mi_Pitama
		dyn_mi_Pitini.dyn_mi_Pitini.dyn_mi_Pitini.dyn_mi_Pitini
		dyn_mi_Poananga.dyn_mi_Poananga.dyn_mi_Poananga.dyn_mi_Poananga
		dyn_mi_Poata.dyn_mi_Poata.dyn_mi_Poata.dyn_mi_Poata
		dyn_mi_Pohe.dyn_mi_Pohe.dyn_mi_Pohe.dyn_mi_Pohe
		dyn_mi_Pohio.dyn_mi_Pohio.dyn_mi_Pohio.dyn_mi_Pohio
		dyn_mi_Pokere.dyn_mi_Pokere.dyn_mi_Pokere.dyn_mi_Pokere
		dyn_mi_Pomare.dyn_mi_Pomare.dyn_mi_Pomare.dyn_mi_Pomare
		dyn_mi_Pongia.dyn_mi_Pongia.dyn_mi_Pongia.dyn_mi_Pongia
		dyn_mi_Pore.dyn_mi_Pore.dyn_mi_Pore.dyn_mi_Pore
		dyn_mi_Potaka.dyn_mi_Potaka.dyn_mi_Potaka.dyn_mi_Potaka
		dyn_mi_Potiki.dyn_mi_Potiki.dyn_mi_Potiki.dyn_mi_Potiki
		dyn_mi_Poutapu.dyn_mi_Poutapu.dyn_mi_Poutapu.dyn_mi_Poutapu
		dyn_mi_Poutini.dyn_mi_Poutini.dyn_mi_Poutini.dyn_mi_Poutini
		dyn_mi_Pukehika.dyn_mi_Pukehika.dyn_mi_Pukehika.dyn_mi_Pukehika
		dyn_mi_Puketapu.dyn_mi_Puketapu.dyn_mi_Puketapu.dyn_mi_Puketapu
		dyn_mi_Pumipi.dyn_mi_Pumipi.dyn_mi_Pumipi.dyn_mi_Pumipi
		dyn_mi_Puriri.dyn_mi_Puriri.dyn_mi_Puriri.dyn_mi_Puriri
		dyn_mi_Rakena.dyn_mi_Rakena.dyn_mi_Rakena.dyn_mi_Rakena
		dyn_mi_Rameka.dyn_mi_Rameka.dyn_mi_Rameka.dyn_mi_Rameka
		dyn_mi_Rangi.dyn_mi_Rangi.dyn_mi_Rangi.dyn_mi_Rangi
		dyn_mi_Rangihau.dyn_mi_Rangihau.dyn_mi_Rangihau.dyn_mi_Rangihau
		dyn_mi_Rapana.dyn_mi_Rapana.dyn_mi_Rapana.dyn_mi_Rapana
		dyn_mi_Rapira.dyn_mi_Rapira.dyn_mi_Rapira.dyn_mi_Rapira
		dyn_mi_Rata.dyn_mi_Rata.dyn_mi_Rata.dyn_mi_Rata
		dyn_mi_Ratana.dyn_mi_Ratana.dyn_mi_Ratana.dyn_mi_Ratana
		dyn_mi_Rauhihi.dyn_mi_Rauhihi.dyn_mi_Rauhihi.dyn_mi_Rauhihi
		dyn_mi_Raukawa.dyn_mi_Raukawa.dyn_mi_Raukawa.dyn_mi_Raukawa
		dyn_mi_Reihana.dyn_mi_Reihana.dyn_mi_Reihana.dyn_mi_Reihana
		dyn_mi_Reke.dyn_mi_Reke.dyn_mi_Reke.dyn_mi_Reke
		dyn_mi_Reriti.dyn_mi_Reriti.dyn_mi_Reriti.dyn_mi_Reriti
		dyn_mi_Reti.dyn_mi_Reti.dyn_mi_Reti.dyn_mi_Reti
		dyn_mi_Reweti.dyn_mi_Reweti.dyn_mi_Reweti.dyn_mi_Reweti
		dyn_mi_Rewiri.dyn_mi_Rewiri.dyn_mi_Rewiri.dyn_mi_Rewiri
		dyn_mi_Rikihana.dyn_mi_Rikihana.dyn_mi_Rikihana.dyn_mi_Rikihana
		dyn_mi_Rimoni.dyn_mi_Rimoni.dyn_mi_Rimoni.dyn_mi_Rimoni
		dyn_mi_Ririnui.dyn_mi_Ririnui.dyn_mi_Ririnui.dyn_mi_Ririnui
		dyn_mi_Riwai.dyn_mi_Riwai.dyn_mi_Riwai.dyn_mi_Riwai
		dyn_mi_Ropata.dyn_mi_Ropata.dyn_mi_Ropata.dyn_mi_Ropata
		dyn_mi_Ropati.dyn_mi_Ropati.dyn_mi_Ropati.dyn_mi_Ropati
		dyn_mi_Ropiha.dyn_mi_Ropiha.dyn_mi_Ropiha.dyn_mi_Ropiha
		dyn_mi_Rukupo.dyn_mi_Rukupo.dyn_mi_Rukupo.dyn_mi_Rukupo
		dyn_mi_Rukutai.dyn_mi_Rukutai.dyn_mi_Rukutai.dyn_mi_Rukutai
		dyn_mi_Runga.dyn_mi_Runga.dyn_mi_Runga.dyn_mi_Runga
		dyn_mi_Rupuma.dyn_mi_Rupuma.dyn_mi_Rupuma.dyn_mi_Rupuma
		dyn_mi_Rurawhe.dyn_mi_Rurawhe.dyn_mi_Rurawhe.dyn_mi_Rurawhe
		dyn_mi_Ruru.dyn_mi_Ruru.dyn_mi_Ruru.dyn_mi_Ruru
		dyn_mi_Taane.dyn_mi_Taane.dyn_mi_Taane.dyn_mi_Taane
		dyn_mi_Taepa.dyn_mi_Taepa.dyn_mi_Taepa.dyn_mi_Taepa
		dyn_mi_Tahiwi.dyn_mi_Tahiwi.dyn_mi_Tahiwi.dyn_mi_Tahiwi
		dyn_mi_Tahu.dyn_mi_Tahu.dyn_mi_Tahu.dyn_mi_Tahu
		dyn_mi_Taiapa.dyn_mi_Taiapa.dyn_mi_Taiapa.dyn_mi_Taiapa
		dyn_mi_Taiaroa.dyn_mi_Taiaroa.dyn_mi_Taiaroa.dyn_mi_Taiaroa
		dyn_mi_Taine.dyn_mi_Taine.dyn_mi_Taine.dyn_mi_Taine
		dyn_mi_Tainui.dyn_mi_Tainui.dyn_mi_Tainui.dyn_mi_Tainui
		dyn_mi_Taipua.dyn_mi_Taipua.dyn_mi_Taipua.dyn_mi_Taipua
		dyn_mi_Taiwhanga.dyn_mi_Taiwhanga.dyn_mi_Taiwhanga.dyn_mi_Taiwhanga
		dyn_mi_Takamoana.dyn_mi_Takamoana.dyn_mi_Takamoana.dyn_mi_Takamoana
		dyn_mi_Tamaki.dyn_mi_Tamaki.dyn_mi_Tamaki.dyn_mi_Tamaki
		dyn_mi_Tamanui.dyn_mi_Tamanui.dyn_mi_Tamanui.dyn_mi_Tamanui
		dyn_mi_Tamati.dyn_mi_Tamati.dyn_mi_Tamati.dyn_mi_Tamati
		dyn_mi_Tamihere.dyn_mi_Tamihere.dyn_mi_Tamihere.dyn_mi_Tamihere
		dyn_mi_Tana.dyn_mi_Tana.dyn_mi_Tana.dyn_mi_Tana
		dyn_mi_Taumata.dyn_mi_Taumata.dyn_mi_Taumata.dyn_mi_Taumata
		dyn_mi_Taumaunu.dyn_mi_Taumaunu.dyn_mi_Taumaunu.dyn_mi_Taumaunu
		dyn_mi_Taurima.dyn_mi_Taurima.dyn_mi_Taurima.dyn_mi_Taurima
		dyn_mi_Tawhai.dyn_mi_Tawhai.dyn_mi_Tawhai.dyn_mi_Tawhai
		dyn_mi_Tawhiti.dyn_mi_Tawhiti.dyn_mi_Tawhiti.dyn_mi_Tawhiti
		dyn_mi_Te_Ao.dyn_mi_Te_Ao.dyn_mi_Te_Ao.dyn_mi_Te_Ao
		dyn_mi_Te_Atahikoia.dyn_mi_Te_Atahikoia.dyn_mi_Te_Atahikoia.dyn_mi_Te_Atahikoia
		dyn_mi_Te_Atawhai.dyn_mi_Te_Atawhai.dyn_mi_Te_Atawhai.dyn_mi_Te_Atawhai
		dyn_mi_Te_Awekotuku.dyn_mi_Te_Awekotuku.dyn_mi_Te_Awekotuku.dyn_mi_Te_Awekotuku
		dyn_mi_Te_Hapuku.dyn_mi_Te_Hapuku.dyn_mi_Te_Hapuku.dyn_mi_Te_Hapuku
		dyn_mi_Te_Heuheu.dyn_mi_Te_Heuheu.dyn_mi_Te_Heuheu.dyn_mi_Te_Heuheu
		dyn_mi_Te_Huia.dyn_mi_Te_Huia.dyn_mi_Te_Huia.dyn_mi_Te_Huia
		dyn_mi_Te_Huna.dyn_mi_Te_Huna.dyn_mi_Te_Huna.dyn_mi_Te_Huna
		dyn_mi_Teka.dyn_mi_Teka.dyn_mi_Teka.dyn_mi_Teka
		dyn_mi_Te_Kanawa.dyn_mi_Te_Kanawa.dyn_mi_Te_Kanawa.dyn_mi_Te_Kanawa
		dyn_mi_Te_Maioha.dyn_mi_Te_Maioha.dyn_mi_Te_Maioha.dyn_mi_Te_Maioha
		dyn_mi_Temara.dyn_mi_Temara.dyn_mi_Temara.dyn_mi_Temara
		dyn_mi_Te_Nana.dyn_mi_Te_Nana.dyn_mi_Te_Nana.dyn_mi_Te_Nana
		dyn_mi_Te_Pou.dyn_mi_Te_Pou.dyn_mi_Te_Pou.dyn_mi_Te_Pou
		dyn_mi_Te_Rahui.dyn_mi_Te_Rahui.dyn_mi_Te_Rahui.dyn_mi_Te_Rahui
		dyn_mi_Te_Rangikaheke.dyn_mi_Te_Rangikaheke.dyn_mi_Te_Rangikaheke.dyn_mi_Te_Rangikaheke
		dyn_mi_Te_Rangimarie.dyn_mi_Te_Rangimarie.dyn_mi_Te_Rangimarie.dyn_mi_Te_Rangimarie
		dyn_mi_Terei.dyn_mi_Terei.dyn_mi_Terei.dyn_mi_Terei
		dyn_mi_Teua.dyn_mi_Teua.dyn_mi_Teua.dyn_mi_Teua
		dyn_mi_Te_Uroa.dyn_mi_Te_Uroa.dyn_mi_Te_Uroa.dyn_mi_Te_Uroa
		dyn_mi_Te_Wake.dyn_mi_Te_Wake.dyn_mi_Te_Wake.dyn_mi_Te_Wake
		dyn_mi_Te_Wheoro.dyn_mi_Te_Wheoro.dyn_mi_Te_Wheoro.dyn_mi_Te_Wheoro
		dyn_mi_Te_Wiata.dyn_mi_Te_Wiata.dyn_mi_Te_Wiata.dyn_mi_Te_Wiata
		dyn_mi_Tikao.dyn_mi_Tikao.dyn_mi_Tikao.dyn_mi_Tikao
		dyn_mi_Tirikatene.dyn_mi_Tirikatene.dyn_mi_Tirikatene.dyn_mi_Tirikatene
		dyn_mi_Tomoana.dyn_mi_Tomoana.dyn_mi_Tomoana.dyn_mi_Tomoana
		dyn_mi_Topeora.dyn_mi_Topeora.dyn_mi_Topeora.dyn_mi_Topeora
		dyn_mi_Tuiahi.dyn_mi_Tuiahi.dyn_mi_Tuiahi.dyn_mi_Tuiahi
		dyn_mi_Tukino.dyn_mi_Tukino.dyn_mi_Tukino.dyn_mi_Tukino
		dyn_mi_Tumahai.dyn_mi_Tumahai.dyn_mi_Tumahai.dyn_mi_Tumahai
		dyn_mi_Tunui.dyn_mi_Tunui.dyn_mi_Tunui.dyn_mi_Tunui
		dyn_mi_Turei.dyn_mi_Turei.dyn_mi_Turei.dyn_mi_Turei
		dyn_mi_Turia.dyn_mi_Turia.dyn_mi_Turia.dyn_mi_Turia
		dyn_mi_Turinui.dyn_mi_Turinui.dyn_mi_Turinui.dyn_mi_Turinui
		dyn_mi_Tutaia.dyn_mi_Tutaia.dyn_mi_Tutaia.dyn_mi_Tutaia
		dyn_mi_Tuterangi.dyn_mi_Tuterangi.dyn_mi_Tuterangi.dyn_mi_Tuterangi
		dyn_mi_Tuuta.dyn_mi_Tuuta.dyn_mi_Tuuta.dyn_mi_Tuuta
		dyn_mi_Tuwhare.dyn_mi_Tuwhare.dyn_mi_Tuwhare.dyn_mi_Tuwhare
		dyn_mi_Uru.dyn_mi_Uru.dyn_mi_Uru.dyn_mi_Uru
		dyn_mi_Waaka.dyn_mi_Waaka.dyn_mi_Waaka.dyn_mi_Waaka
		dyn_mi_Waikerepuru.dyn_mi_Waikerepuru.dyn_mi_Waikerepuru.dyn_mi_Waikerepuru
		dyn_mi_Waitai.dyn_mi_Waitai.dyn_mi_Waitai.dyn_mi_Waitai
		dyn_mi_Waitere.dyn_mi_Waitere.dyn_mi_Waitere.dyn_mi_Waitere
		dyn_mi_Waititi.dyn_mi_Waititi.dyn_mi_Waititi.dyn_mi_Waititi
		dyn_mi_Wakarua.dyn_mi_Wakarua.dyn_mi_Wakarua.dyn_mi_Wakarua
		dyn_mi_Waru.dyn_mi_Waru.dyn_mi_Waru.dyn_mi_Waru
		dyn_mi_Watene.dyn_mi_Watene.dyn_mi_Watene.dyn_mi_Watene
		dyn_mi_Weepu.dyn_mi_Weepu.dyn_mi_Weepu.dyn_mi_Weepu
		dyn_mi_Wereta.dyn_mi_Wereta.dyn_mi_Wereta.dyn_mi_Wereta
		dyn_mi_Wetere.dyn_mi_Wetere.dyn_mi_Wetere.dyn_mi_Wetere
		dyn_mi_Whaitiri.dyn_mi_Whaitiri.dyn_mi_Whaitiri.dyn_mi_Whaitiri
		dyn_mi_Whareaitu.dyn_mi_Whareaitu.dyn_mi_Whareaitu.dyn_mi_Whareaitu
		dyn_mi_Wharerau.dyn_mi_Wharerau.dyn_mi_Wharerau.dyn_mi_Wharerau
		dyn_mi_Whiu.dyn_mi_Whiu.dyn_mi_Whiu.dyn_mi_Whiu
		dyn_mi_Wiki.dyn_mi_Wiki.dyn_mi_Wiki.dyn_mi_Wiki
		dyn_mi_Wihongi.dyn_mi_Wihongi.dyn_mi_Wihongi.dyn_mi_Wihongi
		dyn_mi_Winitana.dyn_mi_Winitana.dyn_mi_Winitana.dyn_mi_Winitana
		dyn_mi_Wirihana.dyn_mi_Wirihana.dyn_mi_Wirihana.dyn_mi_Wirihana
		dyn_mi_Wi_Rutene.dyn_mi_Wi_Rutene.dyn_mi_Wi_Rutene.dyn_mi_Wi_Rutene
	}
		}
		hawaiian = {
	male_names = {
		haw_Aalona haw_Aikake haw_Aka haw_Akamu haw_Alana haw_Alena haw_Alii
		haw_Alika haw_Analu haw_Anoi haw_Auina haw_Aukina haw_Aulelio haw_Ehukai haw_Elika
		haw_Emanuela haw_Enakai haw_Enoka haw_Haaheo haw_Hanauhou haw_Haneke
		haw_Hani haw_Hauoli haw_Hoaka haw_Hoewaa haw_Hoku haw_Hokualohi haw_Hokuaonani
		haw_Hookano haw_Huanu haw_Hua-pala haw_Iakona haw_Iakopo haw_Ikaika haw_Imaikalani
		haw_Ioei haw_Ioela haw_Iokepa haw_Iokua haw_Iolani haw_Iulio haw_Kaamumoana
		haw_Kaena haw_Kaeo haw_Kahaaheo haw_Kahalewai haw_Kahe haw_Kaheka haw_Kahewai
		haw_Kahokuokalani haw_Kai haw_Kaimana haw_Kaimi haw_Kaimipono haw_Kainalu
		haw_Kainoa haw_Kaipo haw_Kaiu haw_Kala haw_Kalai haw_Kalama haw_Kalani
		haw_Kale haw_Kalei haw_Kaleialoha haw_Kaleikaumaka haw_Kaleo haw_Kaleolani
		haw_Kalua haw_Kamaka haw_Kamakana haw_Kamalei haw_Kamealoha haw_Kamuela
		haw_Kana haw_Kanai haw_Kanamu haw_Kanani haw_Kane haw_Kaniela haw_Kanoa
		haw_Kapena haw_Kapono haw_Kapua haw_Kaplani haw_Kauhane haw_Kaulana
		haw_Kaumana haw_Kawai haw_Kawaloa haw_Kawika haw_Keahi haw_Keaka
		haw_Keala haw_Kealii haw_Kealoha haw_Kealohalani haw_Keani haw_Keanu
		haw_Keawe haw_Keka haw_Kekoa haw_Kelii haw_Kemikilio haw_Keneke haw_Kenika
		haw_Keohi haw_Keoki haw_Keola haw_Keona haw_Keonaona haw_Keone haw_Keoni
		haw_Keopele haw_Kepano haw_Kiawe haw_Kika haw_Kila haw_Kimo haw_Kini
		haw_Koa haw_Koi haw_Kominiko haw_Kona haw_Konane haw_Konapiliahi haw_Kula
		haw_Kulo haw_Kunani haw_Kuualoha haw_Kuulei haw_Laakea haw_Lani haw_Laukoa
		haw_Lehua haw_Lei haw_Leiahola haw_Leone haw_Li haw_Lika haw_Like haw_Likeke
		haw_Lokomaikai haw_Lomio haw_Lopaka haw_Luaipou haw_Lui haw_Luka haw_Maiele
		haw_Maiki haw_Maile haw_Makaio haw_Makana haw_Makani haw_Makoa haw_Mano
		haw_Manuela haw_Manuia haw_Manuwai haw_Mikaele haw_Mikuela haw_Moana
		haw_Moananani haw_Mohameka haw_Nainoa haw_Nakana haw_Nalani haw_Nalu
		haw_Nanala haw_Noa haw_Nohea haw_Oliwa haw_Onaona haw_Opelu haw_Opihi
		haw_Paaloha haw_Pakela haw_Palaika haw_Palaina haw_Palani haw_Paulo haw_Peleke
		haw_Peniamina haw_Pila haw_Pilipo haw_Pohaku haw_Pohu haw_Pomaikai haw_Pookela
		haw_Pua haw_Puakai haw_Puakea haw_Pualele haw_Puanani haw_Punahele haw_Uluao
		haw_Walena haw_Wiliama
	}

	female_names = {
		haw_Ahonui haw_Ahulani haw_Ailani haw_Ailina haw_Akela haw_Alana
		haw_Alani haw_Alaula haw_Alikia haw_Aloalo haw_Aloha haw_Alohilani haw_Amaui
		haw_Amelia haw_Anakakia haw_Anakalia haw_Anela haw_Anika haw_Anuenue haw_Anuhea
		haw_Aolani haw_Api haw_Aukele haw_Aulani haw_Aulelia haw_Awapuhi haw_Ele-ele
		haw_Elele haw_Elikapeka haw_Eme haw_Emele haw_Ewa haw_Ewalani haw_Halaki
		haw_Haunani haw_Hau-oli haw_Healani haw_Hi-ilani haw_Hi-ilei haw_Hoaka
		haw_Hoku haw_Hokualohi haw_Hokuaonani haw_Hokulani haw_Hooponoleina haw_Hualani
		haw_Hua-pala haw_Ihilani haw_Ioana haw_Iolana haw_Iukika haw_Iwalani haw_Kahe
		haw_Kahealani haw_Kahewai haw_Kahoku haw_Kahula haw_Kaila haw_Kailani haw_Kaili
		haw_Kaiulani haw_Kala haw_Kalala haw_Kalamela haw_Kalani haw_Kalanie haw_Kalaukina
		haw_Kalea haw_Kalehua haw_Kaleialoha haw_Kaleilani haw_Kaleinani haw_Kaleiokalani
		haw_Kalena haw_Kaleolani haw_Kaleponi haw_Kali haw_Kalia haw_Kaliana haw_Kalolaina
		haw_Kamaile	haw_Kamaka haw_Kamala haw_Kamalani haw_Kamalei haw_Kamila haw_Kanake
		haw_Kanane haw_Kanani haw_Kani haw_Kanoa haw_Kanoelani haw_Kanoelehua haw_Kapiolani
		haw_Kapona haw_Kapua haw_Kaui haw_Kauionalani haw_Kawailani haw_Kawena
		haw_Keala haw_Kealani haw_Kealaokalani haw_Kealoha haw_Kealohalani haw_Kealohapauole
		haw_Kealohilani haw_Keani haw_Kehaulani haw_Keikana haw_Keiki haw_Keilana haw_Keilani
		haw_Kekepania haw_Keokania haw_Keola haw_Keona haw_Keonaona haw_Kepi haw_Kiana
		haw_Kiani haw_Kiawe haw_Kikilia haw_Kila haw_Kiliwia haw_Kimi haw_Kina haw_Kinikia
		haw_Kola haw_Kolina haw_Konia haw_Konokuelo haw_Kulia haw_Kuualoha haw_Kuuipo
		haw_Kuulei haw_Kuuleialoha haw_Kuuleilani haw_Kuuleinani haw_Kuumomimakamae
		haw_Lahapa haw_Lahela haw_Lani haw_Lea haw_Lehua haw_Lehuanani haw_Leialoha
		haw_Leiko haw_Leilani haw_Leinaala haw_Leinani haw_Li haw_Lihau haw_Lilia
		haw_Lilinoe haw_Lina haw_Loke haw_Lokelani haw_Lokemele haw_Luana haw_Luika
		haw_Lukia haw_Mahealani haw_Maile haw_Maka haw_Makamae haw_Makana
		haw_Makanalani haw_Malea haw_Maleka haw_Malia haw_Malu haw_Maluhia
		haw_Manaoio haw_Manaolana haw_Mapuana haw_Maulena haw_Mei haw_Mekeke
		haw_Melani haw_Mele haw_Melene haw_Melia haw_Mikaele haw_Mikala haw_Mililani
		haw_Moana haw_Moani haw_Mokihana haw_Momi haw_Momilani haw_Naia
		haw_Nailani haw_Nalanai haw_Nalani haw_Nanea haw_Napua haw_Napualani haw_Nikole
		haw_Noelani haw_Nohealani haw_Nohelani haw_Nolina haw_Oliwia haw_Onaona haw_Opelia
		haw_Pa haw_Paaloha haw_Pakela haw_Pauahi haw_Papala haw_Pawa haw_Peike haw_Pele
		haw_Piikea haw_Piilani haw_Pikake haw_Pilialo haw_Piliki haw_Pohu haw_Pua
		haw_Pualani haw_Puemana haw_Puanani haw_Pumehana haw_Uilani haw_Ula
		haw_Ulalani haw_Ulalia haw_Ulana haw_Ulani haw_Ululani haw_Uluwehi haw_Wailani
		haw_Waioleka haw_Wana haw_Wanaka
		}
		family = {
		dyn_haw_Kealoha.dyn_haw_Kealoha.dyn_haw_Kealoha.dyn_haw_Kealoha
		dyn_haw_Akana.dyn_haw_Akana.dyn_haw_Akana.dyn_haw_Akana
		dyn_haw_Akau.dyn_haw_Akau.dyn_haw_Akau.dyn_haw_Akau
		dyn_haw_Kalama.dyn_haw_Kalama.dyn_haw_Kalama.dyn_haw_Kalama
		dyn_haw_Akina.dyn_haw_Akina.dyn_haw_Akina.dyn_haw_Akina
		dyn_haw_Akiona.dyn_haw_Akiona.dyn_haw_Akiona.dyn_haw_Akiona
		dyn_haw_Kamaka.dyn_haw_Kamaka.dyn_haw_Kamaka.dyn_haw_Kamaka
		dyn_haw_Kanahele.dyn_haw_Kanahele.dyn_haw_Kanahele.dyn_haw_Kanahele
		dyn_haw_Kaai.dyn_haw_Kaai.dyn_haw_Kaai.dyn_haw_Kaai
		dyn_haw_Kaaihue.dyn_haw_Kaaihue.dyn_haw_Kaaihue.dyn_haw_Kaaihue
		dyn_haw_Ahu.dyn_haw_Ahu.dyn_haw_Ahu.dyn_haw_Ahu
		dyn_haw_Ahuna.dyn_haw_Ahuna.dyn_haw_Ahuna.dyn_haw_Ahuna
		dyn_haw_Aina.dyn_haw_Aina.dyn_haw_Aina.dyn_haw_Aina
		dyn_haw_Aiona.dyn_haw_Aiona.dyn_haw_Aiona.dyn_haw_Aiona
		dyn_haw_Aiu.dyn_haw_Aiu.dyn_haw_Aiu.dyn_haw_Aiu
		dyn_haw_Akaka.dyn_haw_Akaka.dyn_haw_Akaka.dyn_haw_Akaka
		dyn_haw_Akamu.dyn_haw_Akamu.dyn_haw_Akamu.dyn_haw_Akamu
		dyn_haw_Akee.dyn_haw_Akee.dyn_haw_Akee.dyn_haw_Akee
		dyn_haw_Akuna.dyn_haw_Akuna.dyn_haw_Akuna.dyn_haw_Akuna
		dyn_haw_Alapai.dyn_haw_Alapai.dyn_haw_Alapai.dyn_haw_Alapai
		dyn_haw_Alo.dyn_haw_Alo.dyn_haw_Alo.dyn_haw_Alo
		dyn_haw_Aloha.dyn_haw_Aloha.dyn_haw_Aloha.dyn_haw_Aloha
		dyn_haw_Aloiau.dyn_haw_Aloiau.dyn_haw_Aloiau.dyn_haw_Aloiau
		dyn_haw_Apana.dyn_haw_Apana.dyn_haw_Apana.dyn_haw_Apana
		dyn_haw_Aukai.dyn_haw_Aukai.dyn_haw_Aukai.dyn_haw_Aukai
		dyn_haw_Awai.dyn_haw_Awai.dyn_haw_Awai.dyn_haw_Awai
		dyn_haw_Aweau.dyn_haw_Aweau.dyn_haw_Aweau.dyn_haw_Aweau
		dyn_haw_Ewa.dyn_haw_Ewa.dyn_haw_Ewa.dyn_haw_Ewa
		dyn_haw_Haleamau.dyn_haw_Haleamau.dyn_haw_Haleamau.dyn_haw_Haleamau
		dyn_haw_Hanohano.dyn_haw_Hanohano.dyn_haw_Hanohano.dyn_haw_Hanohano
		dyn_haw_Heau.dyn_haw_Heau.dyn_haw_Heau.dyn_haw_Heau
		dyn_haw_Heaukalani.dyn_haw_Heaukalani.dyn_haw_Heaukalani.dyn_haw_Heaukalani
		dyn_haw_Hoapili.dyn_haw_Hoapili.dyn_haw_Hoapili.dyn_haw_Hoapili
		dyn_haw_Holomalia.dyn_haw_Holomalia.dyn_haw_Holomalia.dyn_haw_Holomalia
		dyn_haw_Hookano.dyn_haw_Hookano.dyn_haw_Hookano.dyn_haw_Hookano
		dyn_haw_Hoopai.dyn_haw_Hoopai.dyn_haw_Hoopai.dyn_haw_Hoopai
		dyn_haw_Hoopii.dyn_haw_Hoopii.dyn_haw_Hoopii.dyn_haw_Hoopii
		dyn_haw_Huihui.dyn_haw_Huihui.dyn_haw_Huihui.dyn_haw_Huihui
		dyn_haw_Iaea.dyn_haw_Iaea.dyn_haw_Iaea.dyn_haw_Iaea
		dyn_haw_Ioli.dyn_haw_Ioli.dyn_haw_Ioli.dyn_haw_Ioli
		dyn_haw_Kaahanui.dyn_haw_Kaahanui.dyn_haw_Kaahanui.dyn_haw_Kaahanui
		dyn_haw_Kaahu.dyn_haw_Kaahu.dyn_haw_Kaahu.dyn_haw_Kaahu
		dyn_haw_Kaaikaula.dyn_haw_Kaaikaula.dyn_haw_Kaaikaula.dyn_haw_Kaaikaula
		dyn_haw_Kaanapu.dyn_haw_Kaanapu.dyn_haw_Kaanapu.dyn_haw_Kaanapu
		dyn_haw_Kaanoi.dyn_haw_Kaanoi.dyn_haw_Kaanoi.dyn_haw_Kaanoi
		dyn_haw_Kaapu.dyn_haw_Kaapu.dyn_haw_Kaapu.dyn_haw_Kaapu
		dyn_haw_Kaauwai.dyn_haw_Kaauwai.dyn_haw_Kaauwai.dyn_haw_Kaauwai
		dyn_haw_Kaawa.dyn_haw_Kaawa.dyn_haw_Kaawa.dyn_haw_Kaawa
		dyn_haw_Kaawaloa.dyn_haw_Kaawaloa.dyn_haw_Kaawaloa.dyn_haw_Kaawaloa
		dyn_haw_Kaeo.dyn_haw_Kaeo.dyn_haw_Kaeo.dyn_haw_Kaeo
		dyn_haw_Kahakalau.dyn_haw_Kahakalau.dyn_haw_Kahakalau.dyn_haw_Kahakalau
		dyn_haw_Kahalehoe.dyn_haw_Kahalehoe.dyn_haw_Kahalehoe.dyn_haw_Kahalehoe
		dyn_haw_Kahalewai.dyn_haw_Kahalewai.dyn_haw_Kahalewai.dyn_haw_Kahalewai
		dyn_haw_Kahanu.dyn_haw_Kahanu.dyn_haw_Kahanu.dyn_haw_Kahanu
		dyn_haw_Kahele.dyn_haw_Kahele.dyn_haw_Kahele.dyn_haw_Kahele
		dyn_haw_Kahinika.dyn_haw_Kahinika.dyn_haw_Kahinika.dyn_haw_Kahinika
		dyn_haw_Kahookele.dyn_haw_Kahookele.dyn_haw_Kahookele.dyn_haw_Kahookele
		dyn_haw_Kahuanui.dyn_haw_Kahuanui.dyn_haw_Kahuanui.dyn_haw_Kahuanui
		dyn_haw_Kahue.dyn_haw_Kahue.dyn_haw_Kahue.dyn_haw_Kahue
		dyn_haw_Kaili.dyn_haw_Kaili.dyn_haw_Kaili.dyn_haw_Kaili
		dyn_haw_Kaina.dyn_haw_Kaina.dyn_haw_Kaina.dyn_haw_Kaina
		dyn_haw_Kaio.dyn_haw_Kaio.dyn_haw_Kaio.dyn_haw_Kaio
		dyn_haw_Kaiwi.dyn_haw_Kaiwi.dyn_haw_Kaiwi.dyn_haw_Kaiwi
		dyn_haw_Kalahea.dyn_haw_Kalahea.dyn_haw_Kalahea.dyn_haw_Kalahea
		dyn_haw_Kalahiki.dyn_haw_Kalahiki.dyn_haw_Kalahiki.dyn_haw_Kalahiki
		dyn_haw_Kalani.dyn_haw_Kalani.dyn_haw_Kalani.dyn_haw_Kalani
		dyn_haw_Kalawa.dyn_haw_Kalawa.dyn_haw_Kalawa.dyn_haw_Kalawa
		dyn_haw_Kaleialii.dyn_haw_Kaleialii.dyn_haw_Kaleialii.dyn_haw_Kaleialii
		dyn_haw_Kaleikini.dyn_haw_Kaleikini.dyn_haw_Kaleikini.dyn_haw_Kaleikini
		dyn_haw_Kaleo.dyn_haw_Kaleo.dyn_haw_Kaleo.dyn_haw_Kaleo
		dyn_haw_Kalili.dyn_haw_Kalili.dyn_haw_Kalili.dyn_haw_Kalili
		dyn_haw_Kalilikane.dyn_haw_Kalilikane.dyn_haw_Kalilikane.dyn_haw_Kalilikane
		dyn_haw_Kalima.dyn_haw_Kalima.dyn_haw_Kalima.dyn_haw_Kalima
		dyn_haw_Kalua.dyn_haw_Kalua.dyn_haw_Kalua.dyn_haw_Kalua
		dyn_haw_Kaluna.dyn_haw_Kaluna.dyn_haw_Kaluna.dyn_haw_Kaluna
		dyn_haw_Kamae.dyn_haw_Kamae.dyn_haw_Kamae.dyn_haw_Kamae
		dyn_haw_Kamahele.dyn_haw_Kamahele.dyn_haw_Kamahele.dyn_haw_Kamahele
		dyn_haw_Kamai.dyn_haw_Kamai.dyn_haw_Kamai.dyn_haw_Kamai
		dyn_haw_Kamakawiwoole.dyn_haw_Kamakawiwoole.dyn_haw_Kamakawiwoole.dyn_haw_Kamakawiwoole
		dyn_haw_Kamealoha.dyn_haw_Kamealoha.dyn_haw_Kamealoha.dyn_haw_Kamealoha
		dyn_haw_Kamelamela.dyn_haw_Kamelamela.dyn_haw_Kamelamela.dyn_haw_Kamelamela
		dyn_haw_Kaneakua.dyn_haw_Kaneakua.dyn_haw_Kaneakua.dyn_haw_Kaneakua
		dyn_haw_Kanealii.dyn_haw_Kanealii.dyn_haw_Kanealii.dyn_haw_Kanealii
		dyn_haw_Kanekoa.dyn_haw_Kanekoa.dyn_haw_Kanekoa.dyn_haw_Kanekoa
		dyn_haw_Kaniho.dyn_haw_Kaniho.dyn_haw_Kaniho.dyn_haw_Kaniho
		dyn_haw_Kanoa.dyn_haw_Kanoa.dyn_haw_Kanoa.dyn_haw_Kanoa
		dyn_haw_Kanoho.dyn_haw_Kanoho.dyn_haw_Kanoho.dyn_haw_Kanoho
		dyn_haw_Kaonohi.dyn_haw_Kaonohi.dyn_haw_Kaonohi.dyn_haw_Kaonohi
		dyn_haw_Kaopuiki.dyn_haw_Kaopuiki.dyn_haw_Kaopuiki.dyn_haw_Kaopuiki
		dyn_haw_Kaua.dyn_haw_Kaua.dyn_haw_Kaua.dyn_haw_Kaua
		dyn_haw_Kauanui.dyn_haw_Kauanui.dyn_haw_Kauanui.dyn_haw_Kauanui
		dyn_haw_Kauhane.dyn_haw_Kauhane.dyn_haw_Kauhane.dyn_haw_Kauhane
		dyn_haw_Kauhi.dyn_haw_Kauhi.dyn_haw_Kauhi.dyn_haw_Kauhi
		dyn_haw_Kaui.dyn_haw_Kaui.dyn_haw_Kaui.dyn_haw_Kaui
		dyn_haw_Kauwe.dyn_haw_Kauwe.dyn_haw_Kauwe.dyn_haw_Kauwe
		dyn_haw_Kawana.dyn_haw_Kawana.dyn_haw_Kawana.dyn_haw_Kawana
		dyn_haw_Kawananakau.dyn_haw_Kawananakau.dyn_haw_Kawananakau.dyn_haw_Kawananakau
		dyn_haw_Kawena.dyn_haw_Kawena.dyn_haw_Kawena.dyn_haw_Kawena
		dyn_haw_Keahi.dyn_haw_Keahi.dyn_haw_Keahi.dyn_haw_Keahi
		dyn_haw_Kealani.dyn_haw_Kealani.dyn_haw_Kealani.dyn_haw_Kealani
		dyn_haw_Kealohanui.dyn_haw_Kealohanui.dyn_haw_Kealohanui.dyn_haw_Kealohanui
		dyn_haw_Keawe.dyn_haw_Keawe.dyn_haw_Keawe.dyn_haw_Keawe
		dyn_haw_Keawmauhili.dyn_haw_Keawmauhili.dyn_haw_Keawmauhili.dyn_haw_Keawmauhili
		dyn_haw_Kekahuna.dyn_haw_Kekahuna.dyn_haw_Kekahuna.dyn_haw_Kekahuna
		dyn_haw_Kekauoha.dyn_haw_Kekauoha.dyn_haw_Kekauoha.dyn_haw_Kekauoha
		dyn_haw_Kekoa.dyn_haw_Kekoa.dyn_haw_Kekoa.dyn_haw_Kekoa
		dyn_haw_Kelepolo.dyn_haw_Kelepolo.dyn_haw_Kelepolo.dyn_haw_Kelepolo
		dyn_haw_Kelii.dyn_haw_Kelii.dyn_haw_Kelii.dyn_haw_Kelii
		dyn_haw_Keliikoa.dyn_haw_Keliikoa.dyn_haw_Keliikoa.dyn_haw_Keliikoa
		dyn_haw_Keola.dyn_haw_Keola.dyn_haw_Keola.dyn_haw_Keola
		dyn_haw_Kinikini.dyn_haw_Kinikini.dyn_haw_Kinikini.dyn_haw_Kinikini
		dyn_haw_Koa.dyn_haw_Koa.dyn_haw_Koa.dyn_haw_Koa
		dyn_haw_Kua.dyn_haw_Kua.dyn_haw_Kua.dyn_haw_Kua
		dyn_haw_Kuamoo.dyn_haw_Kuamoo.dyn_haw_Kuamoo.dyn_haw_Kuamoo
		dyn_haw_Kuehu.dyn_haw_Kuehu.dyn_haw_Kuehu.dyn_haw_Kuehu
		dyn_haw_Kukahiko.dyn_haw_Kukahiko.dyn_haw_Kukahiko.dyn_haw_Kukahiko
		dyn_haw_Kulukulualani.dyn_haw_Kulukulualani.dyn_haw_Kulukulualani.dyn_haw_Kulukulualani
		dyn_haw_Kumalaa.dyn_haw_Kumalaa.dyn_haw_Kumalaa.dyn_haw_Kumalaa
		dyn_haw_Kupau.dyn_haw_Kupau.dyn_haw_Kupau.dyn_haw_Kupau
		dyn_haw_Kupihea.dyn_haw_Kupihea.dyn_haw_Kupihea.dyn_haw_Kupihea
		dyn_haw_Laanui.dyn_haw_Laanui.dyn_haw_Laanui.dyn_haw_Laanui
		dyn_haw_Lalakea.dyn_haw_Lalakea.dyn_haw_Lalakea.dyn_haw_Lalakea
		dyn_haw_Leialoha.dyn_haw_Leialoha.dyn_haw_Leialoha.dyn_haw_Leialoha
		dyn_haw_Maae.dyn_haw_Maae.dyn_haw_Maae.dyn_haw_Maae
		dyn_haw_Maalea.dyn_haw_Maalea.dyn_haw_Maalea.dyn_haw_Maalea
		dyn_haw_Mahelona.dyn_haw_Mahelona.dyn_haw_Mahelona.dyn_haw_Mahelona
		dyn_haw_Mahi.dyn_haw_Mahi.dyn_haw_Mahi.dyn_haw_Mahi
		dyn_haw_Mahiai.dyn_haw_Mahiai.dyn_haw_Mahiai.dyn_haw_Mahiai
		dyn_haw_Mahoe.dyn_haw_Mahoe.dyn_haw_Mahoe.dyn_haw_Mahoe
		dyn_haw_Maka.dyn_haw_Maka.dyn_haw_Maka.dyn_haw_Maka
		dyn_haw_Makaiau.dyn_haw_Makaiau.dyn_haw_Makaiau.dyn_haw_Makaiau
		dyn_haw_Makaiole.dyn_haw_Makaiole.dyn_haw_Makaiole.dyn_haw_Makaiole
		dyn_haw_Makaiwi.dyn_haw_Makaiwi.dyn_haw_Makaiwi.dyn_haw_Makaiwi
		dyn_haw_Makekau.dyn_haw_Makekau.dyn_haw_Makekau.dyn_haw_Makekau
		dyn_haw_Makua.dyn_haw_Makua.dyn_haw_Makua.dyn_haw_Makua
		dyn_haw_Malo.dyn_haw_Malo.dyn_haw_Malo.dyn_haw_Malo
		dyn_haw_Manalo.dyn_haw_Manalo.dyn_haw_Manalo.dyn_haw_Manalo
		dyn_haw_Manuia.dyn_haw_Manuia.dyn_haw_Manuia.dyn_haw_Manuia
		dyn_haw_Maui.dyn_haw_Maui.dyn_haw_Maui.dyn_haw_Maui
		dyn_haw_Maunukea.dyn_haw_Maunukea.dyn_haw_Maunukea.dyn_haw_Maunukea
		dyn_haw_Mookinidyn_haw_Mu.dyn_haw_Mookinidyn_haw_Mu.dyn_haw_Mookinidyn_haw_Mu.dyn_haw_Mookinidyn_haw_Mu
		dyn_haw_Mui.dyn_haw_Mui.dyn_haw_Mui.dyn_haw_Mui
		dyn_haw_Naehu.dyn_haw_Naehu.dyn_haw_Naehu.dyn_haw_Naehu
		dyn_haw_Naeole.dyn_haw_Naeole.dyn_haw_Naeole.dyn_haw_Naeole
		dyn_haw_Nainoa.dyn_haw_Nainoa.dyn_haw_Nainoa.dyn_haw_Nainoa
		dyn_haw_Nakoa.dyn_haw_Nakoa.dyn_haw_Nakoa.dyn_haw_Nakoa
		dyn_haw_Naluai.dyn_haw_Naluai.dyn_haw_Naluai.dyn_haw_Naluai
		dyn_haw_Namahoe.dyn_haw_Namahoe.dyn_haw_Namahoe.dyn_haw_Namahoe
		dyn_haw_Nihipali.dyn_haw_Nihipali.dyn_haw_Nihipali.dyn_haw_Nihipali
		dyn_haw_Nukoni.dyn_haw_Nukoni.dyn_haw_Nukoni.dyn_haw_Nukoni
		dyn_haw_Opunui.dyn_haw_Opunui.dyn_haw_Opunui.dyn_haw_Opunui
		dyn_haw_Pakele.dyn_haw_Pakele.dyn_haw_Pakele.dyn_haw_Pakele
		dyn_haw_Palakiko.dyn_haw_Palakiko.dyn_haw_Palakiko.dyn_haw_Palakiko
		dyn_haw_Paoa.dyn_haw_Paoa.dyn_haw_Paoa.dyn_haw_Paoa
		dyn_haw_Pikake.dyn_haw_Pikake.dyn_haw_Pikake.dyn_haw_Pikake
		dyn_haw_Pio.dyn_haw_Pio.dyn_haw_Pio.dyn_haw_Pio
		dyn_haw_Pokahu.dyn_haw_Pokahu.dyn_haw_Pokahu.dyn_haw_Pokahu
		dyn_haw_Pua.dyn_haw_Pua.dyn_haw_Pua.dyn_haw_Pua
		dyn_haw_Pukui.dyn_haw_Pukui.dyn_haw_Pukui.dyn_haw_Pukui
		dyn_haw_Puu.dyn_haw_Puu.dyn_haw_Puu.dyn_haw_Puu
		dyn_haw_Puuohau.dyn_haw_Puuohau.dyn_haw_Puuohau.dyn_haw_Puuohau
		dyn_haw_Wahilani.dyn_haw_Wahilani.dyn_haw_Wahilani.dyn_haw_Wahilani
		}
		}
		polynesian = {}
		melanesian = {
	male_names = {
		fj_Adi fj_Aminiasi fj_Apenisa fj_Berenado fj_Cakobau fj_Emori fj_Epeli fj_Epenisa
		fj_Esekia fj_Filipe fj_Ilisoni fj_Isikeli fj_Isimeli fj_Jesoni fj_Jo fj_Joeli fj_Jone fj_Jope
		fj_Josateki fj_Josefa fj_Jovesa fj_Kamisese fj_Karavi fj_Kelemedi fj_Lala fj_Lasarusa
		fj_Lemeki fj_Levani fj_Levenei fj_Leveni fj_Maafu fj_Manasa fj_Marika fj_Naulivou
		fj_Ovini fj_Penaia fj_Peniamini fj_Petero fj_Poasa fj_Sakeasi fj_Samisoni fj_Savenaca
		fj_Seru fj_Sione fj_Sirilo fj_Sitiveni fj_Solomone fj_Tamiela fj_Timi fj_Timoci fj_Tomasi
		fj_Tui fj_Voreqe fj_Waisake fj_Waisale fj_Wije
	}

	female_names = {
		fj_Adelina fj_Adi fj_Adiceva fj_Aliti fj_Alumeci fj_Alumita fj_Ana fj_Anaseini
		fj_Ane fj_Arieta fj_Asenaca fj_Asilika fj_Asinate fj_Ateca fj_Ecelini fj_Ela
		fj_Elenoa fj_Elisa fj_Elita fj_Ema fj_Emma fj_Esiteri fj_Fulori fj_Florina fj_Iliana
		fj_Ilisapeci fj_Inise fj_Iowana fj_Isabela fj_Jiowana fj_Joana fj_Kelani fj_Kalara
		fj_Karalaini fj_Karistiana fj_Katarina fj_Kelera fj_Kesaia fj_Koila fj_Laisani fj_Lagi
		fj_Lagilagi fj_Lani fj_Lanieta fj_Laisa fj_Laite fj_Lavenia fj_Lavinia fj_Leba fj_Lelea
		fj_Leona fj_Lia fj_Liana fj_Liku fj_Liliana fj_Lilieta fj_Lini fj_Litia fj_Litiana fj_Lomani
		fj_Losalini fj_Luisa fj_Luse fj_Lusiana fj_Makelesi fj_Makosoi fj_Maraia fj_Maria
		fj_Masi fj_Matelita fj_Matila fj_Mere fj_Mereani fj_Mereia fj_Mereoni fj_Mereseini
		fj_Merewalesi fj_Meri fj_Miliana fj_Miriama fj_Nanise fj_Natalina fj_Naomi
		fj_Neomai fj_Nia fj_Nikola fj_Olivia fj_Oni fj_Omeri fj_Oripa fj_Paulina fj_Paulini
		fj_Raijeli fj_Ranadi fj_Reijeli fj_Reapi fj_Repeka fj_Rigieta fj_Rosi fj_Rusila fj_Rusula
		fj_Salanieta fj_Salesia fj_Salote fj_Saraseini fj_Seini fj_Selai fj_Selaina fj_Selina fj_Selita
		fj_Sera fj_Sereana fj_Seruwaia fj_Siana fj_Sifoni fj_Sisilia fj_Siteri fj_Tagimoucia fj_Talei
		fj_Taufa fj_Teresia fj_Tima fj_Tokasa fj_Torika fj_Tuliana fj_Unaisi fj_Vaulina fj_Vilimaini
		fj_Viniana fj_Virisila
	}
	family = {
		dyn_fj_Apolosi.dyn_fj_Apolosi.dyn_fj_Apolosi.dyn_fj_Apolosi
		dyn_fj_Atalifo.dyn_fj_Atalifo.dyn_fj_Atalifo.dyn_fj_Atalifo
		dyn_fj_Bainivalu.dyn_fj_Bainivalu.dyn_fj_Bainivalu.dyn_fj_Bainivalu
		dyn_fj_Banuve.dyn_fj_Banuve.dyn_fj_Banuve.dyn_fj_Banuve
		dyn_fj_Baravilala.dyn_fj_Baravilala.dyn_fj_Baravilala.dyn_fj_Baravilala
		dyn_fj_Bari.dyn_fj_Bari.dyn_fj_Bari.dyn_fj_Bari
		dyn_fj_Biuvakaloloma.dyn_fj_Biuvakaloloma.dyn_fj_Biuvakaloloma.dyn_fj_Biuvakaloloma
		dyn_fj_Bokini.dyn_fj_Bokini.dyn_fj_Bokini.dyn_fj_Bokini
		dyn_fj_Bola.dyn_fj_Bola.dyn_fj_Bola.dyn_fj_Bola
		dyn_fj_Bole.dyn_fj_Bole.dyn_fj_Bole.dyn_fj_Bole
		dyn_fj_Boseiwaqa.dyn_fj_Boseiwaqa.dyn_fj_Boseiwaqa.dyn_fj_Boseiwaqa
		dyn_fj_Buadromo.dyn_fj_Buadromo.dyn_fj_Buadromo.dyn_fj_Buadromo
		dyn_fj_Bula.dyn_fj_Bula.dyn_fj_Bula.dyn_fj_Bula
		dyn_fj_Bulai.dyn_fj_Bulai.dyn_fj_Bulai.dyn_fj_Bulai
		dyn_fj_Cakacaka.dyn_fj_Cakacaka.dyn_fj_Cakacaka.dyn_fj_Cakacaka
		dyn_fj_Cakau.dyn_fj_Cakau.dyn_fj_Cakau.dyn_fj_Cakau
		dyn_fj_Cakobau.dyn_fj_Cakobau.dyn_fj_Cakobau.dyn_fj_Cakobau
		dyn_fj_Cama.dyn_fj_Cama.dyn_fj_Cama.dyn_fj_Cama
		dyn_fj_Cavubati.dyn_fj_Cavubati.dyn_fj_Cavubati.dyn_fj_Cavubati
		dyn_fj_Cokanasiga.dyn_fj_Cokanasiga.dyn_fj_Cokanasiga.dyn_fj_Cokanasiga
		dyn_fj_Cokanauto.dyn_fj_Cokanauto.dyn_fj_Cokanauto.dyn_fj_Cokanauto
		dyn_fj_Dakuitoga.dyn_fj_Dakuitoga.dyn_fj_Dakuitoga.dyn_fj_Dakuitoga
		dyn_fj_Dakuidreketi.dyn_fj_Dakuidreketi.dyn_fj_Dakuidreketi.dyn_fj_Dakuidreketi
		dyn_fj_Daniva.dyn_fj_Daniva.dyn_fj_Daniva.dyn_fj_Daniva
		dyn_fj_Daurewa.dyn_fj_Daurewa.dyn_fj_Daurewa.dyn_fj_Daurewa
		dyn_fj_Dawai.dyn_fj_Dawai.dyn_fj_Dawai.dyn_fj_Dawai
		dyn_fj_Delai.dyn_fj_Delai.dyn_fj_Delai.dyn_fj_Delai
		dyn_fj_Delana.dyn_fj_Delana.dyn_fj_Delana.dyn_fj_Delana
		dyn_fj_Dimuri.dyn_fj_Dimuri.dyn_fj_Dimuri.dyn_fj_Dimuri
		dyn_fj_Duvuduvukulu.dyn_fj_Duvuduvukulu.dyn_fj_Duvuduvukulu.dyn_fj_Duvuduvukulu
		dyn_fj_Duvuloco.dyn_fj_Duvuloco.dyn_fj_Duvuloco.dyn_fj_Duvuloco
		dyn_fj_Erenavula.dyn_fj_Erenavula.dyn_fj_Erenavula.dyn_fj_Erenavula
		dyn_fj_Fatiaki.dyn_fj_Fatiaki.dyn_fj_Fatiaki.dyn_fj_Fatiaki
		dyn_fj_Finau.dyn_fj_Finau.dyn_fj_Finau.dyn_fj_Finau
		dyn_fj_Ganila.dyn_fj_Ganila.dyn_fj_Ganila.dyn_fj_Ganila
		dyn_fj_Ganilau.dyn_fj_Ganilau.dyn_fj_Ganilau.dyn_fj_Ganilau
		dyn_fj_Gaunavou.dyn_fj_Gaunavou.dyn_fj_Gaunavou.dyn_fj_Gaunavou
		dyn_fj_Gavidi.dyn_fj_Gavidi.dyn_fj_Gavidi.dyn_fj_Gavidi
		dyn_fj_Gonelevu.dyn_fj_Gonelevu.dyn_fj_Gonelevu.dyn_fj_Gonelevu
		dyn_fj_Ieremia.dyn_fj_Ieremia.dyn_fj_Ieremia.dyn_fj_Ieremia
		dyn_fj_Kabu.dyn_fj_Kabu.dyn_fj_Kabu.dyn_fj_Kabu
		dyn_fj_Kafoa.dyn_fj_Kafoa.dyn_fj_Kafoa.dyn_fj_Kafoa
		dyn_fj_Kama.dyn_fj_Kama.dyn_fj_Kama.dyn_fj_Kama
		dyn_fj_Kamikamica.dyn_fj_Kamikamica.dyn_fj_Kamikamica.dyn_fj_Kamikamica
		dyn_fj_Katalou.dyn_fj_Katalou.dyn_fj_Katalou.dyn_fj_Katalou
		dyn_fj_Kaukimoce.dyn_fj_Kaukimoce.dyn_fj_Kaukimoce.dyn_fj_Kaukimoce
		dyn_fj_Kepa.dyn_fj_Kepa.dyn_fj_Kepa.dyn_fj_Kepa
		dyn_fj_Koroi.dyn_fj_Koroi.dyn_fj_Koroi.dyn_fj_Koroi
		dyn_fj_Koroitamana.dyn_fj_Koroitamana.dyn_fj_Koroitamana.dyn_fj_Koroitamana
		dyn_fj_Koroivueta.dyn_fj_Koroivueta.dyn_fj_Koroivueta.dyn_fj_Koroivueta
		dyn_fj_Koto.dyn_fj_Koto.dyn_fj_Koto.dyn_fj_Koto
		dyn_fj_Kotobalavu.dyn_fj_Kotobalavu.dyn_fj_Kotobalavu.dyn_fj_Kotobalavu
		dyn_fj_Kurisaqila.dyn_fj_Kurisaqila.dyn_fj_Kurisaqila.dyn_fj_Kurisaqila
		dyn_fj_Leba.dyn_fj_Leba.dyn_fj_Leba.dyn_fj_Leba
		dyn_fj_Lewanqila.dyn_fj_Lewanqila.dyn_fj_Lewanqila.dyn_fj_Lewanqila
		dyn_fj_Leweniqila.dyn_fj_Leweniqila.dyn_fj_Leweniqila.dyn_fj_Leweniqila
		dyn_fj_Lomu.dyn_fj_Lomu.dyn_fj_Lomu.dyn_fj_Lomu
		dyn_fj_Mafi.dyn_fj_Mafi.dyn_fj_Mafi.dyn_fj_Mafi
		dyn_fj_Mailei.dyn_fj_Mailei.dyn_fj_Mailei.dyn_fj_Mailei
		dyn_fj_Mani.dyn_fj_Mani.dyn_fj_Mani.dyn_fj_Mani
		dyn_fj_Manueli.dyn_fj_Manueli.dyn_fj_Manueli.dyn_fj_Manueli
		dyn_fj_Mara.dyn_fj_Mara.dyn_fj_Mara.dyn_fj_Mara
		dyn_fj_Maraiwai.dyn_fj_Maraiwai.dyn_fj_Maraiwai.dyn_fj_Maraiwai
		dyn_fj_Marama.dyn_fj_Marama.dyn_fj_Marama.dyn_fj_Marama
		dyn_fj_Masi.dyn_fj_Masi.dyn_fj_Masi.dyn_fj_Masi
		dyn_fj_Matai.dyn_fj_Matai.dyn_fj_Matai.dyn_fj_Matai
		dyn_fj_Muamua.dyn_fj_Muamua.dyn_fj_Muamua.dyn_fj_Muamua
		dyn_fj_Mataika.dyn_fj_Mataika.dyn_fj_Mataika.dyn_fj_Mataika
		dyn_fj_Mataitini.dyn_fj_Mataitini.dyn_fj_Mataitini.dyn_fj_Mataitini
		dyn_fj_Mataitoga.dyn_fj_Mataitoga.dyn_fj_Mataitoga.dyn_fj_Mataitoga
		dyn_fj_Moce.dyn_fj_Moce.dyn_fj_Moce.dyn_fj_Moce
		dyn_fj_Muavesi.dyn_fj_Muavesi.dyn_fj_Muavesi.dyn_fj_Muavesi
		dyn_fj_Nacola.dyn_fj_Nacola.dyn_fj_Nacola.dyn_fj_Nacola
		dyn_fj_Nacuva.dyn_fj_Nacuva.dyn_fj_Nacuva.dyn_fj_Nacuva
		dyn_fj_Naikelekele.dyn_fj_Naikelekele.dyn_fj_Naikelekele.dyn_fj_Naikelekele
		dyn_fj_Naituyaha.dyn_fj_Naituyaha.dyn_fj_Naituyaha.dyn_fj_Naituyaha
		dyn_fj_Naivalu.dyn_fj_Naivalu.dyn_fj_Naivalu.dyn_fj_Naivalu
		dyn_fj_Nakaunicina.dyn_fj_Nakaunicina.dyn_fj_Nakaunicina.dyn_fj_Nakaunicina
		dyn_fj_Nayacalevu.dyn_fj_Nayacalevu.dyn_fj_Nayacalevu.dyn_fj_Nayacalevu
		dyn_fj_Niumataiwalu.dyn_fj_Niumataiwalu.dyn_fj_Niumataiwalu.dyn_fj_Niumataiwalu
		dyn_fj_Pene.dyn_fj_Pene.dyn_fj_Pene.dyn_fj_Pene
		dyn_fj_Penjueli.dyn_fj_Penjueli.dyn_fj_Penjueli.dyn_fj_Penjueli
		dyn_fj_Puamau.dyn_fj_Puamau.dyn_fj_Puamau.dyn_fj_Puamau
		dyn_fj_Qalo.dyn_fj_Qalo.dyn_fj_Qalo.dyn_fj_Qalo
		dyn_fj_Qaranivalu.dyn_fj_Qaranivalu.dyn_fj_Qaranivalu.dyn_fj_Qaranivalu
		dyn_fj_Qereqeretabua.dyn_fj_Qereqeretabua.dyn_fj_Qereqeretabua.dyn_fj_Qereqeretabua
		dyn_fj_Qiodravu.dyn_fj_Qiodravu.dyn_fj_Qiodravu.dyn_fj_Qiodravu
		dyn_fj_Rabuatoka.dyn_fj_Rabuatoka.dyn_fj_Rabuatoka.dyn_fj_Rabuatoka
		dyn_fj_Rabuka.dyn_fj_Rabuka.dyn_fj_Rabuka.dyn_fj_Rabuka
		dyn_fj_Rabukawaqa.dyn_fj_Rabukawaqa.dyn_fj_Rabukawaqa.dyn_fj_Rabukawaqa
		dyn_fj_Racule.dyn_fj_Racule.dyn_fj_Racule.dyn_fj_Racule
		dyn_fj_Radrodro.dyn_fj_Radrodro.dyn_fj_Radrodro.dyn_fj_Radrodro
		dyn_fj_Raiwalui.dyn_fj_Raiwalui.dyn_fj_Raiwalui.dyn_fj_Raiwalui
		dyn_fj_Raka.dyn_fj_Raka.dyn_fj_Raka.dyn_fj_Raka
		dyn_fj_Rakai.dyn_fj_Rakai.dyn_fj_Rakai.dyn_fj_Rakai
		dyn_fj_Ralulu.dyn_fj_Ralulu.dyn_fj_Ralulu.dyn_fj_Ralulu
		dyn_fj_Raniga.dyn_fj_Raniga.dyn_fj_Raniga.dyn_fj_Raniga
		dyn_fj_Ratu.dyn_fj_Ratu.dyn_fj_Ratu.dyn_fj_Ratu
		dyn_fj_Ratuvuki.dyn_fj_Ratuvuki.dyn_fj_Ratuvuki.dyn_fj_Ratuvuki
		dyn_fj_Ravai.dyn_fj_Ravai.dyn_fj_Ravai.dyn_fj_Ravai
		dyn_fj_Ravuvu.dyn_fj_Ravuvu.dyn_fj_Ravuvu.dyn_fj_Ravuvu
		dyn_fj_Rayawa.dyn_fj_Rayawa.dyn_fj_Rayawa.dyn_fj_Rayawa
		dyn_fj_Rigamoto.dyn_fj_Rigamoto.dyn_fj_Rigamoto.dyn_fj_Rigamoto
		dyn_fj_Roko.dyn_fj_Roko.dyn_fj_Roko.dyn_fj_Roko
		dyn_fj_Rokovunisei.dyn_fj_Rokovunisei.dyn_fj_Rokovunisei.dyn_fj_Rokovunisei
		dyn_fj_Saukuru.dyn_fj_Saukuru.dyn_fj_Saukuru.dyn_fj_Saukuru
		dyn_fj_Sauliga.dyn_fj_Sauliga.dyn_fj_Sauliga.dyn_fj_Sauliga
		dyn_fj_Savou.dyn_fj_Savou.dyn_fj_Savou.dyn_fj_Savou
		dyn_fj_Savu.dyn_fj_Savu.dyn_fj_Savu.dyn_fj_Savu
		dyn_fj_Seniloli.dyn_fj_Seniloli.dyn_fj_Seniloli.dyn_fj_Seniloli
		dyn_fj_Serevi.dyn_fj_Serevi.dyn_fj_Serevi.dyn_fj_Serevi
		dyn_fj_Seru.dyn_fj_Seru.dyn_fj_Seru.dyn_fj_Seru
		dyn_fj_Solofa.dyn_fj_Solofa.dyn_fj_Solofa.dyn_fj_Solofa
		dyn_fj_Sova.dyn_fj_Sova.dyn_fj_Sova.dyn_fj_Sova
		dyn_fj_Suka.dyn_fj_Suka.dyn_fj_Suka.dyn_fj_Suka
		dyn_fj_Tabua.dyn_fj_Tabua.dyn_fj_Tabua.dyn_fj_Tabua
		dyn_fj_Tagi.dyn_fj_Tagi.dyn_fj_Tagi.dyn_fj_Tagi
		dyn_fj_Tagicakibau.dyn_fj_Tagicakibau.dyn_fj_Tagicakibau.dyn_fj_Tagicakibau
		dyn_fj_Taito.dyn_fj_Taito.dyn_fj_Taito.dyn_fj_Taito
		dyn_fj_Takayawa.dyn_fj_Takayawa.dyn_fj_Takayawa.dyn_fj_Takayawa
		dyn_fj_Takiveikata.dyn_fj_Takiveikata.dyn_fj_Takiveikata.dyn_fj_Takiveikata
		dyn_fj_Tamani.dyn_fj_Tamani.dyn_fj_Tamani.dyn_fj_Tamani
		dyn_fj_Taoi.dyn_fj_Taoi.dyn_fj_Taoi.dyn_fj_Taoi
		dyn_fj_Taukei.dyn_fj_Taukei.dyn_fj_Taukei.dyn_fj_Taukei
		dyn_fj_Tavai.dyn_fj_Tavai.dyn_fj_Tavai.dyn_fj_Tavai
		dyn_fj_Tavaiqia.dyn_fj_Tavaiqia.dyn_fj_Tavaiqia.dyn_fj_Tavaiqia
		dyn_fj_Tawake.dyn_fj_Tawake.dyn_fj_Tawake.dyn_fj_Tawake
		dyn_fj_Temo.dyn_fj_Temo.dyn_fj_Temo.dyn_fj_Temo
		dyn_fj_Timoci.dyn_fj_Timoci.dyn_fj_Timoci.dyn_fj_Timoci
		dyn_fj_Tinai.dyn_fj_Tinai.dyn_fj_Tinai.dyn_fj_Tinai
		dyn_fj_Tora.dyn_fj_Tora.dyn_fj_Tora.dyn_fj_Tora
		dyn_fj_Tubuna.dyn_fj_Tubuna.dyn_fj_Tubuna.dyn_fj_Tubuna
		dyn_fj_Tuidraki.dyn_fj_Tuidraki.dyn_fj_Tuidraki.dyn_fj_Tuidraki
		dyn_fj_Tuikabe.dyn_fj_Tuikabe.dyn_fj_Tuikabe.dyn_fj_Tuikabe
		dyn_fj_Tuinabua.dyn_fj_Tuinabua.dyn_fj_Tuinabua.dyn_fj_Tuinabua
		dyn_fj_Tuisowaqa.dyn_fj_Tuisowaqa.dyn_fj_Tuisowaqa.dyn_fj_Tuisowaqa
		dyn_fj_Tuivaga.dyn_fj_Tuivaga.dyn_fj_Tuivaga.dyn_fj_Tuivaga
		dyn_fj_Tukana.dyn_fj_Tukana.dyn_fj_Tukana.dyn_fj_Tukana
		dyn_fj_Turaga.dyn_fj_Turaga.dyn_fj_Turaga.dyn_fj_Turaga
		dyn_fj_Tuwai.dyn_fj_Tuwai.dyn_fj_Tuwai.dyn_fj_Tuwai
		dyn_fj_Uluicicia.dyn_fj_Uluicicia.dyn_fj_Uluicicia.dyn_fj_Uluicicia
		dyn_fj_Umbari.dyn_fj_Umbari.dyn_fj_Umbari.dyn_fj_Umbari
		dyn_fj_Vakaloloma.dyn_fj_Vakaloloma.dyn_fj_Vakaloloma.dyn_fj_Vakaloloma
		dyn_fj_Vakatale.dyn_fj_Vakatale.dyn_fj_Vakatale.dyn_fj_Vakatale
		dyn_fj_Vakatora.dyn_fj_Vakatora.dyn_fj_Vakatora.dyn_fj_Vakatora
		dyn_fj_Vuniveka.dyn_fj_Vuniveka.dyn_fj_Vuniveka.dyn_fj_Vuniveka
		dyn_fj_Varea.dyn_fj_Varea.dyn_fj_Varea.dyn_fj_Varea
		dyn_fj_Vaurasi.dyn_fj_Vaurasi.dyn_fj_Vaurasi.dyn_fj_Vaurasi
		dyn_fj_Veitayaki.dyn_fj_Veitayaki.dyn_fj_Veitayaki.dyn_fj_Veitayaki
		dyn_fj_Vesikula.dyn_fj_Vesikula.dyn_fj_Vesikula.dyn_fj_Vesikula
		dyn_fj_Vidini.dyn_fj_Vidini.dyn_fj_Vidini.dyn_fj_Vidini
		dyn_fj_Volau.dyn_fj_Volau.dyn_fj_Volau.dyn_fj_Volau
		dyn_fj_Veka_na_toa.dyn_fj_Veka_na_toa.dyn_fj_Veka_na_toa.dyn_fj_Veka_na_toa
		dyn_fj_Volavola.dyn_fj_Volavola.dyn_fj_Volavola.dyn_fj_Volavola
		dyn_fj_Vuki.dyn_fj_Vuki.dyn_fj_Vuki.dyn_fj_Vuki
		dyn_fj_Vula.dyn_fj_Vula.dyn_fj_Vula.dyn_fj_Vula
		dyn_fj_Vunibaka.dyn_fj_Vunibaka.dyn_fj_Vunibaka.dyn_fj_Vunibaka
		dyn_fj_Vunibobo.dyn_fj_Vunibobo.dyn_fj_Vunibobo.dyn_fj_Vunibobo
		dyn_fj_Wainiqolo.dyn_fj_Wainiqolo.dyn_fj_Wainiqolo.dyn_fj_Wainiqolo
		dyn_fj_Waqa.dyn_fj_Waqa.dyn_fj_Waqa.dyn_fj_Waqa
		dyn_fj_Waqabaca.dyn_fj_Waqabaca.dyn_fj_Waqabaca.dyn_fj_Waqabaca
		dyn_fj_Waqanisau.dyn_fj_Waqanisau.dyn_fj_Waqanisau.dyn_fj_Waqanisau
		dyn_fj_Waqanivalu.dyn_fj_Waqanivalu.dyn_fj_Waqanivalu.dyn_fj_Waqanivalu
		dyn_fj_Waqavonovono.dyn_fj_Waqavonovono.dyn_fj_Waqavonovono.dyn_fj_Waqavonovono
	}
		}
		micronesian = {
	male_names = {
		gil_Adai gil_Adao gil_Alik gil_Cent gil_Eiken gil_Falthin gil_Hostino gil_Kasian
		gil_Langidrik gil_Lepalik gil_Likiaksa gil_Lipiak gil_Malem gil_Marz gil_Oldak
		gil_Polpisil gil_Sa gil_Salik gil_Salpasr gil_Tano gil_Tulensru
	}

	female_names = {
		gil_Achina gil_Andelina gil_Emelihter gil_Isa gil_Lihen gil_Mihter gil_Runica
		gil_Tana gil_Tulpe gil_Yoana gil_Daiana gil_Weireen gil_Welryn gil_Lorleen
	}
	family = {
		dyn_gil_Acfalle.dyn_gil_Acfalle.dyn_gil_Acfalle.dyn_gil_Acfalle
		dyn_gil_Aflague.dyn_gil_Aflague.dyn_gil_Aflague.dyn_gil_Aflague
		dyn_gil_Aguan.dyn_gil_Aguan.dyn_gil_Aguan.dyn_gil_Aguan
		dyn_gil_Agulto.dyn_gil_Agulto.dyn_gil_Agulto.dyn_gil_Agulto
		dyn_gil_Aguon.dyn_gil_Aguon.dyn_gil_Aguon.dyn_gil_Aguon
		dyn_gil_Ayuyu.dyn_gil_Ayuyu.dyn_gil_Ayuyu.dyn_gil_Ayuyu
		dyn_gil_Alepuyo.dyn_gil_Alepuyo.dyn_gil_Alepuyo.dyn_gil_Alepuyo
		dyn_gil_Alig.dyn_gil_Alig.dyn_gil_Alig.dyn_gil_Alig
		dyn_gil_Angoco.dyn_gil_Angoco.dyn_gil_Angoco.dyn_gil_Angoco
		dyn_gil_Apatong.dyn_gil_Apatong.dyn_gil_Apatong.dyn_gil_Apatong
		dyn_gil_Atalig.dyn_gil_Atalig.dyn_gil_Atalig.dyn_gil_Atalig
		dyn_gil_Atoigue.dyn_gil_Atoigue.dyn_gil_Atoigue.dyn_gil_Atoigue
		dyn_gil_Attao.dyn_gil_Attao.dyn_gil_Attao.dyn_gil_Attao
		dyn_gil_Babauta.dyn_gil_Babauta.dyn_gil_Babauta.dyn_gil_Babauta
		dyn_gil_Baccam.dyn_gil_Baccam.dyn_gil_Baccam.dyn_gil_Baccam
		dyn_gil_Chaco.dyn_gil_Chaco.dyn_gil_Chaco.dyn_gil_Chaco
		dyn_gil_Charfauros.dyn_gil_Charfauros.dyn_gil_Charfauros.dyn_gil_Charfauros
		dyn_gil_Chargualaf.dyn_gil_Chargualaf.dyn_gil_Chargualaf.dyn_gil_Chargualaf
		dyn_gil_Chatfaurus.dyn_gil_Chatfaurus.dyn_gil_Chatfaurus.dyn_gil_Chatfaurus
		dyn_gil_Faisao.dyn_gil_Faisao.dyn_gil_Faisao.dyn_gil_Faisao
		dyn_gil_Fegurgur.dyn_gil_Fegurgur.dyn_gil_Fegurgur.dyn_gil_Fegurgur
		dyn_gil_Feharang.dyn_gil_Feharang.dyn_gil_Feharang.dyn_gil_Feharang
		dyn_gil_Gogue.dyn_gil_Gogue.dyn_gil_Gogue.dyn_gil_Gogue
		dyn_gil_Gogui.dyn_gil_Gogui.dyn_gil_Gogui.dyn_gil_Gogui
		dyn_gil_Gumataotao.dyn_gil_Gumataotao.dyn_gil_Gumataotao.dyn_gil_Gumataotao
		dyn_gil_Hocog.dyn_gil_Hocog.dyn_gil_Hocog.dyn_gil_Hocog
		dyn_gil_Laguana.dyn_gil_Laguana.dyn_gil_Laguana.dyn_gil_Laguana
		dyn_gil_Limtiaco.dyn_gil_Limtiaco.dyn_gil_Limtiaco.dyn_gil_Limtiaco
		dyn_gil_Lizama.dyn_gil_Lizama.dyn_gil_Lizama.dyn_gil_Lizama
		dyn_gil_Mafnas.dyn_gil_Mafnas.dyn_gil_Mafnas.dyn_gil_Mafnas
		dyn_gil_Manglona.dyn_gil_Manglona.dyn_gil_Manglona.dyn_gil_Manglona
		dyn_gil_Manibusan.dyn_gil_Manibusan.dyn_gil_Manibusan.dyn_gil_Manibusan
		dyn_gil_Mantanona.dyn_gil_Mantanona.dyn_gil_Mantanona.dyn_gil_Mantanona
		dyn_gil_Masga.dyn_gil_Masga.dyn_gil_Masga.dyn_gil_Masga
		dyn_gil_Matanane.dyn_gil_Matanane.dyn_gil_Matanane.dyn_gil_Matanane
		dyn_gil_Mesngon.dyn_gil_Mesngon.dyn_gil_Mesngon.dyn_gil_Mesngon
		dyn_gil_Namauleg.dyn_gil_Namauleg.dyn_gil_Namauleg.dyn_gil_Namauleg
		dyn_gil_Naputi.dyn_gil_Naputi.dyn_gil_Naputi.dyn_gil_Naputi
		dyn_gil_Nauta.dyn_gil_Nauta.dyn_gil_Nauta.dyn_gil_Nauta
		dyn_gil_Nededog.dyn_gil_Nededog.dyn_gil_Nededog.dyn_gil_Nededog
		dyn_gil_Ogo.dyn_gil_Ogo.dyn_gil_Ogo.dyn_gil_Ogo
		dyn_gil_Ooka.dyn_gil_Ooka.dyn_gil_Ooka.dyn_gil_Ooka
		dyn_gil_Pinauala.dyn_gil_Pinauala.dyn_gil_Pinauala.dyn_gil_Pinauala
		dyn_gil_Pocaigue.dyn_gil_Pocaigue.dyn_gil_Pocaigue.dyn_gil_Pocaigue
		dyn_gil_Quenga.dyn_gil_Quenga.dyn_gil_Quenga.dyn_gil_Quenga
		dyn_gil_Quichocho.dyn_gil_Quichocho.dyn_gil_Quichocho.dyn_gil_Quichocho
		dyn_gil_Quichuchu.dyn_gil_Quichuchu.dyn_gil_Quichuchu.dyn_gil_Quichuchu
		dyn_gil_Quidachay.dyn_gil_Quidachay.dyn_gil_Quidachay.dyn_gil_Quidachay
		dyn_gil_Quinata.dyn_gil_Quinata.dyn_gil_Quinata.dyn_gil_Quinata
		dyn_gil_Quinene.dyn_gil_Quinene.dyn_gil_Quinene.dyn_gil_Quinene
		dyn_gil_Quitano.dyn_gil_Quitano.dyn_gil_Quitano.dyn_gil_Quitano
		dyn_gil_Quitugua.dyn_gil_Quitugua.dyn_gil_Quitugua.dyn_gil_Quitugua
		dyn_gil_Songao.dyn_gil_Songao.dyn_gil_Songao.dyn_gil_Songao
		dyn_gil_Taga.dyn_gil_Taga.dyn_gil_Taga.dyn_gil_Taga
		dyn_gil_Taijeron.dyn_gil_Taijeron.dyn_gil_Taijeron.dyn_gil_Taijeron
		dyn_gil_Taimanao.dyn_gil_Taimanao.dyn_gil_Taimanao.dyn_gil_Taimanao
		dyn_gil_Taimanglo.dyn_gil_Taimanglo.dyn_gil_Taimanglo.dyn_gil_Taimanglo
		dyn_gil_Tainatongo.dyn_gil_Tainatongo.dyn_gil_Tainatongo.dyn_gil_Tainatongo
		dyn_gil_Taisacan.dyn_gil_Taisacan.dyn_gil_Taisacan.dyn_gil_Taisacan
		dyn_gil_Taisague.dyn_gil_Taisague.dyn_gil_Taisague.dyn_gil_Taisague
		dyn_gil_Taisatano.dyn_gil_Taisatano.dyn_gil_Taisatano.dyn_gil_Taisatano
		dyn_gil_Taisatingfong.dyn_gil_Taisatingfong.dyn_gil_Taisatingfong.dyn_gil_Taisatingfong
		dyn_gil_Taitague.dyn_gil_Taitague.dyn_gil_Taitague.dyn_gil_Taitague
		dyn_gil_Taitano.dyn_gil_Taitano.dyn_gil_Taitano.dyn_gil_Taitano
		dyn_gil_Taitingfong.dyn_gil_Taitingfong.dyn_gil_Taitingfong.dyn_gil_Taitingfong
		dyn_gil_Tajalle.dyn_gil_Tajalle.dyn_gil_Tajalle.dyn_gil_Tajalle
		dyn_gil_Tatlahe.dyn_gil_Tatlahe.dyn_gil_Tatlahe.dyn_gil_Tatlahe
		dyn_gil_Tedtaotao.dyn_gil_Tedtaotao.dyn_gil_Tedtaotao.dyn_gil_Tedtaotao
		dyn_gil_Terlaje.dyn_gil_Terlaje.dyn_gil_Terlaje.dyn_gil_Terlaje
		dyn_gil_Topasna.dyn_gil_Topasna.dyn_gil_Topasna.dyn_gil_Topasna
		dyn_gil_Toves.dyn_gil_Toves.dyn_gil_Toves.dyn_gil_Toves
		dyn_gil_Ada.dyn_gil_Ada.dyn_gil_Ada.dyn_gil_Ada
		dyn_gil_Angui.dyn_gil_Angui.dyn_gil_Angui.dyn_gil_Angui
		dyn_gil_Apatang.dyn_gil_Apatang.dyn_gil_Apatang.dyn_gil_Apatang
		dyn_gil_Aquiningoc.dyn_gil_Aquiningoc.dyn_gil_Aquiningoc.dyn_gil_Aquiningoc
		dyn_gil_Arriola.dyn_gil_Arriola.dyn_gil_Arriola.dyn_gil_Arriola
		dyn_gil_Atalig.dyn_gil_Atalig.dyn_gil_Atalig.dyn_gil_Atalig
		dyn_gil_Attao.dyn_gil_Attao.dyn_gil_Attao.dyn_gil_Attao
		dyn_gil_Ayuyu.dyn_gil_Ayuyu.dyn_gil_Ayuyu.dyn_gil_Ayuyu
		dyn_gil_Babauta.dyn_gil_Babauta.dyn_gil_Babauta.dyn_gil_Babauta
		dyn_gil_Borja.dyn_gil_Borja.dyn_gil_Borja.dyn_gil_Borja
		dyn_gil_Camacho.dyn_gil_Camacho.dyn_gil_Camacho.dyn_gil_Camacho
		dyn_gil_Cing.dyn_gil_Cing.dyn_gil_Cing.dyn_gil_Cing
		dyn_gil_Demapan.dyn_gil_Demapan.dyn_gil_Demapan.dyn_gil_Demapan
		dyn_gil_Duenas.dyn_gil_Duenas.dyn_gil_Duenas.dyn_gil_Duenas
		dyn_gil_Falig.dyn_gil_Falig.dyn_gil_Falig.dyn_gil_Falig
		dyn_gil_Fejeran.dyn_gil_Fejeran.dyn_gil_Fejeran.dyn_gil_Fejeran
		dyn_gil_Fitial.dyn_gil_Fitial.dyn_gil_Fitial.dyn_gil_Fitial
		dyn_gil_Fujihira.dyn_gil_Fujihira.dyn_gil_Fujihira.dyn_gil_Fujihira
		dyn_gil_Hocog.dyn_gil_Hocog.dyn_gil_Hocog.dyn_gil_Hocog
		dyn_gil_Igibara.dyn_gil_Igibara.dyn_gil_Igibara.dyn_gil_Igibara
		dyn_gil_Iginoef.dyn_gil_Iginoef.dyn_gil_Iginoef.dyn_gil_Iginoef
		dyn_gil_Igisaiar.dyn_gil_Igisaiar.dyn_gil_Igisaiar.dyn_gil_Igisaiar
		dyn_gil_Igisomar.dyn_gil_Igisomar.dyn_gil_Igisomar.dyn_gil_Igisomar
		dyn_gil_Igitol.dyn_gil_Igitol.dyn_gil_Igitol.dyn_gil_Igitol
		dyn_gil_Iguel.dyn_gil_Iguel.dyn_gil_Iguel.dyn_gil_Iguel
		dyn_gil_Ilo.dyn_gil_Ilo.dyn_gil_Ilo.dyn_gil_Ilo
		dyn_gil_Inos.dyn_gil_Inos.dyn_gil_Inos.dyn_gil_Inos
		dyn_gil_Itaman.dyn_gil_Itaman.dyn_gil_Itaman.dyn_gil_Itaman
		dyn_gil_Itibus.dyn_gil_Itibus.dyn_gil_Itibus.dyn_gil_Itibus
		dyn_gil_Kaipat.dyn_gil_Kaipat.dyn_gil_Kaipat.dyn_gil_Kaipat
		dyn_gil_Kaneshi.dyn_gil_Kaneshi.dyn_gil_Kaneshi.dyn_gil_Kaneshi
		dyn_gil_Kapileo.dyn_gil_Kapileo.dyn_gil_Kapileo.dyn_gil_Kapileo
		dyn_gil_Kileleman.dyn_gil_Kileleman.dyn_gil_Kileleman.dyn_gil_Kileleman
		dyn_gil_Laniyo.dyn_gil_Laniyo.dyn_gil_Laniyo.dyn_gil_Laniyo
		dyn_gil_Lifoifoi.dyn_gil_Lifoifoi.dyn_gil_Lifoifoi.dyn_gil_Lifoifoi
		dyn_gil_Limes.dyn_gil_Limes.dyn_gil_Limes.dyn_gil_Limes
		dyn_gil_Lisua.dyn_gil_Lisua.dyn_gil_Lisua.dyn_gil_Lisua
		dyn_gil_Litulumar.dyn_gil_Litulumar.dyn_gil_Litulumar.dyn_gil_Litulumar
		dyn_gil_Lizama.dyn_gil_Lizama.dyn_gil_Lizama.dyn_gil_Lizama
		dyn_gil_Magofna.dyn_gil_Magofna.dyn_gil_Magofna.dyn_gil_Magofna
		dyn_gil_Malite.dyn_gil_Malite.dyn_gil_Malite.dyn_gil_Malite
		dyn_gil_Manahane.dyn_gil_Manahane.dyn_gil_Manahane.dyn_gil_Manahane
		dyn_gil_Mangabao.dyn_gil_Mangabao.dyn_gil_Mangabao.dyn_gil_Mangabao
		dyn_gil_Mangarero.dyn_gil_Mangarero.dyn_gil_Mangarero.dyn_gil_Mangarero
		dyn_gil_Manglona.dyn_gil_Manglona.dyn_gil_Manglona.dyn_gil_Manglona
		dyn_gil_Maratita.dyn_gil_Maratita.dyn_gil_Maratita.dyn_gil_Maratita
		dyn_gil_Masga.dyn_gil_Masga.dyn_gil_Masga.dyn_gil_Masga
		dyn_gil_Matagolai.dyn_gil_Matagolai.dyn_gil_Matagolai.dyn_gil_Matagolai
		dyn_gil_Mesngon.dyn_gil_Mesngon.dyn_gil_Mesngon.dyn_gil_Mesngon
		dyn_gil_Mettao.dyn_gil_Mettao.dyn_gil_Mettao.dyn_gil_Mettao
		dyn_gil_Muna.dyn_gil_Muna.dyn_gil_Muna.dyn_gil_Muna
		dyn_gil_Naputi.dyn_gil_Naputi.dyn_gil_Naputi.dyn_gil_Naputi
		dyn_gil_Nekaifes.dyn_gil_Nekaifes.dyn_gil_Nekaifes.dyn_gil_Nekaifes
		dyn_gil_Ngeskebei.dyn_gil_Ngeskebei.dyn_gil_Ngeskebei.dyn_gil_Ngeskebei
		dyn_gil_Norita.dyn_gil_Norita.dyn_gil_Norita.dyn_gil_Norita
		dyn_gil_Odoshi.dyn_gil_Odoshi.dyn_gil_Odoshi.dyn_gil_Odoshi
		dyn_gil_Ogo.dyn_gil_Ogo.dyn_gil_Ogo.dyn_gil_Ogo
		dyn_gil_Ogumoro.dyn_gil_Ogumoro.dyn_gil_Ogumoro.dyn_gil_Ogumoro
		dyn_gil_Olaitiman.dyn_gil_Olaitiman.dyn_gil_Olaitiman.dyn_gil_Olaitiman
		dyn_gil_Olopai.dyn_gil_Olopai.dyn_gil_Olopai.dyn_gil_Olopai
		dyn_gil_Olupumar.dyn_gil_Olupumar.dyn_gil_Olupumar.dyn_gil_Olupumar
		dyn_gil_Pangelinan.dyn_gil_Pangelinan.dyn_gil_Pangelinan.dyn_gil_Pangelinan
		dyn_gil_Parung.dyn_gil_Parung.dyn_gil_Parung.dyn_gil_Parung
		dyn_gil_Pinaula.dyn_gil_Pinaula.dyn_gil_Pinaula.dyn_gil_Pinaula
		dyn_gil_Pua.dyn_gil_Pua.dyn_gil_Pua.dyn_gil_Pua
		dyn_gil_Rabauliman.dyn_gil_Rabauliman.dyn_gil_Rabauliman.dyn_gil_Rabauliman
		dyn_gil_Rangamar.dyn_gil_Rangamar.dyn_gil_Rangamar.dyn_gil_Rangamar
		dyn_gil_Rapugao.dyn_gil_Rapugao.dyn_gil_Rapugao.dyn_gil_Rapugao
		dyn_gil_Rebuenog.dyn_gil_Rebuenog.dyn_gil_Rebuenog.dyn_gil_Rebuenog
		dyn_gil_Repeki.dyn_gil_Repeki.dyn_gil_Repeki.dyn_gil_Repeki
		dyn_gil_Rogolifoi.dyn_gil_Rogolifoi.dyn_gil_Rogolifoi.dyn_gil_Rogolifoi
		dyn_gil_Romolor.dyn_gil_Romolor.dyn_gil_Romolor.dyn_gil_Romolor
		dyn_gil_Sablan.dyn_gil_Sablan.dyn_gil_Sablan.dyn_gil_Sablan
		dyn_gil_Sakisat.dyn_gil_Sakisat.dyn_gil_Sakisat.dyn_gil_Sakisat
		dyn_gil_Saralu.dyn_gil_Saralu.dyn_gil_Saralu.dyn_gil_Saralu
		dyn_gil_Satur.dyn_gil_Satur.dyn_gil_Satur.dyn_gil_Satur
		dyn_gil_Saures.dyn_gil_Saures.dyn_gil_Saures.dyn_gil_Saures
		dyn_gil_Selepeo.dyn_gil_Selepeo.dyn_gil_Selepeo.dyn_gil_Selepeo
		dyn_gil_Seman.dyn_gil_Seman.dyn_gil_Seman.dyn_gil_Seman
		dyn_gil_Somol.dyn_gil_Somol.dyn_gil_Somol.dyn_gil_Somol
		dyn_gil_Songao.dyn_gil_Songao.dyn_gil_Songao.dyn_gil_Songao
		dyn_gil_Taga.dyn_gil_Taga.dyn_gil_Taga.dyn_gil_Taga
		dyn_gil_Tagabuel.dyn_gil_Tagabuel.dyn_gil_Tagabuel.dyn_gil_Tagabuel
		dyn_gil_Taimanao.dyn_gil_Taimanao.dyn_gil_Taimanao.dyn_gil_Taimanao
		dyn_gil_Taisacan.dyn_gil_Taisacan.dyn_gil_Taisacan.dyn_gil_Taisacan
		dyn_gil_Taisakan.dyn_gil_Taisakan.dyn_gil_Taisakan.dyn_gil_Taisakan
		dyn_gil_Taitano.dyn_gil_Taitano.dyn_gil_Taitano.dyn_gil_Taitano
		dyn_gil_Taman.dyn_gil_Taman.dyn_gil_Taman.dyn_gil_Taman
		dyn_gil_Tebuteb.dyn_gil_Tebuteb.dyn_gil_Tebuteb.dyn_gil_Tebuteb
		dyn_gil_Teregeyo.dyn_gil_Teregeyo.dyn_gil_Teregeyo.dyn_gil_Teregeyo
		dyn_gil_Terlaje.dyn_gil_Terlaje.dyn_gil_Terlaje.dyn_gil_Terlaje
		dyn_gil_Tomokane.dyn_gil_Tomokane.dyn_gil_Tomokane.dyn_gil_Tomokane
		dyn_gil_Torres.dyn_gil_Torres.dyn_gil_Torres.dyn_gil_Torres
		dyn_gil_Wabol.dyn_gil_Wabol.dyn_gil_Wabol.dyn_gil_Wabol
		dyn_gil_Adelbai.dyn_gil_Adelbai.dyn_gil_Adelbai.dyn_gil_Adelbai
		dyn_gil_Aitaro.dyn_gil_Aitaro.dyn_gil_Aitaro.dyn_gil_Aitaro
		dyn_gil_Arurang.dyn_gil_Arurang.dyn_gil_Arurang.dyn_gil_Arurang
		dyn_gil_Asanuma.dyn_gil_Asanuma.dyn_gil_Asanuma.dyn_gil_Asanuma
		dyn_gil_Beltau.dyn_gil_Beltau.dyn_gil_Beltau.dyn_gil_Beltau
		dyn_gil_Bultedaob.dyn_gil_Bultedaob.dyn_gil_Bultedaob.dyn_gil_Bultedaob
		dyn_gil_Decherong.dyn_gil_Decherong.dyn_gil_Decherong.dyn_gil_Decherong
		dyn_gil_Demei.dyn_gil_Demei.dyn_gil_Demei.dyn_gil_Demei
		dyn_gil_Elbelau.dyn_gil_Elbelau.dyn_gil_Elbelau.dyn_gil_Elbelau
		dyn_gil_Emesiochel.dyn_gil_Emesiochel.dyn_gil_Emesiochel.dyn_gil_Emesiochel
		dyn_gil_Etpison.dyn_gil_Etpison.dyn_gil_Etpison.dyn_gil_Etpison
		dyn_gil_Eungel.dyn_gil_Eungel.dyn_gil_Eungel.dyn_gil_Eungel
		dyn_gil_Fritz.dyn_gil_Fritz.dyn_gil_Fritz.dyn_gil_Fritz
		dyn_gil_Ililau.dyn_gil_Ililau.dyn_gil_Ililau.dyn_gil_Ililau
		dyn_gil_Katosang.dyn_gil_Katosang.dyn_gil_Katosang.dyn_gil_Katosang
		dyn_gil_Kloulechad.dyn_gil_Kloulechad.dyn_gil_Kloulechad.dyn_gil_Kloulechad
		dyn_gil_Kloulubak.dyn_gil_Kloulubak.dyn_gil_Kloulubak.dyn_gil_Kloulubak
		dyn_gil_Kuartei.dyn_gil_Kuartei.dyn_gil_Kuartei.dyn_gil_Kuartei
		dyn_gil_Kumangai.dyn_gil_Kumangai.dyn_gil_Kumangai.dyn_gil_Kumangai
		dyn_gil_Kyota.dyn_gil_Kyota.dyn_gil_Kyota.dyn_gil_Kyota
		dyn_gil_Malsol.dyn_gil_Malsol.dyn_gil_Malsol.dyn_gil_Malsol
		dyn_gil_Mariur.dyn_gil_Mariur.dyn_gil_Mariur.dyn_gil_Mariur
		dyn_gil_Mesubed.dyn_gil_Mesubed.dyn_gil_Mesubed.dyn_gil_Mesubed
		dyn_gil_Napil.dyn_gil_Napil.dyn_gil_Napil.dyn_gil_Napil
		dyn_gil_Ngiraibai.dyn_gil_Ngiraibai.dyn_gil_Ngiraibai.dyn_gil_Ngiraibai
		dyn_gil_Ngirailemesang.dyn_gil_Ngirailemesang.dyn_gil_Ngirailemesang.dyn_gil_Ngirailemesang
		dyn_gil_Ngiraingas.dyn_gil_Ngiraingas.dyn_gil_Ngiraingas.dyn_gil_Ngiraingas
		dyn_gil_Ngiraked.dyn_gil_Ngiraked.dyn_gil_Ngiraked.dyn_gil_Ngiraked
		dyn_gil_Ngirakesau.dyn_gil_Ngirakesau.dyn_gil_Ngirakesau.dyn_gil_Ngirakesau
		dyn_gil_Ngiralmau.dyn_gil_Ngiralmau.dyn_gil_Ngiralmau.dyn_gil_Ngiralmau
		dyn_gil_Ngirausui.dyn_gil_Ngirausui.dyn_gil_Ngirausui.dyn_gil_Ngirausui
		dyn_gil_Ngirchoimei.dyn_gil_Ngirchoimei.dyn_gil_Ngirchoimei.dyn_gil_Ngirchoimei
		dyn_gil_Ngirmang.dyn_gil_Ngirmang.dyn_gil_Ngirmang.dyn_gil_Ngirmang
		dyn_gil_Ngirmekur.dyn_gil_Ngirmekur.dyn_gil_Ngirmekur.dyn_gil_Ngirmekur
		dyn_gil_Ngirmeril.dyn_gil_Ngirmeril.dyn_gil_Ngirmeril.dyn_gil_Ngirmeril
		dyn_gil_Ngirmidol.dyn_gil_Ngirmidol.dyn_gil_Ngirmidol.dyn_gil_Ngirmidol
		dyn_gil_Ngiruchelbad.dyn_gil_Ngiruchelbad.dyn_gil_Ngiruchelbad.dyn_gil_Ngiruchelbad
		dyn_gil_Ngotel.dyn_gil_Ngotel.dyn_gil_Ngotel.dyn_gil_Ngotel
		dyn_gil_Oiterong.dyn_gil_Oiterong.dyn_gil_Oiterong.dyn_gil_Oiterong
		dyn_gil_Olkeriil.dyn_gil_Olkeriil.dyn_gil_Olkeriil.dyn_gil_Olkeriil
		dyn_gil_Ongrung.dyn_gil_Ongrung.dyn_gil_Ongrung.dyn_gil_Ongrung
		dyn_gil_Orrukem.dyn_gil_Orrukem.dyn_gil_Orrukem.dyn_gil_Orrukem
		dyn_gil_Raikadroka.dyn_gil_Raikadroka.dyn_gil_Raikadroka.dyn_gil_Raikadroka
		dyn_gil_Ramarui.dyn_gil_Ramarui.dyn_gil_Ramarui.dyn_gil_Ramarui
		dyn_gil_Rechelluul.dyn_gil_Rechelluul.dyn_gil_Rechelluul.dyn_gil_Rechelluul
		dyn_gil_Reklai.dyn_gil_Reklai.dyn_gil_Reklai.dyn_gil_Reklai
		dyn_gil_Remelik.dyn_gil_Remelik.dyn_gil_Remelik.dyn_gil_Remelik
		dyn_gil_Remengesau.dyn_gil_Remengesau.dyn_gil_Remengesau.dyn_gil_Remengesau
		dyn_gil_Remoket.dyn_gil_Remoket.dyn_gil_Remoket.dyn_gil_Remoket
		dyn_gil_Rengiil.dyn_gil_Rengiil.dyn_gil_Rengiil.dyn_gil_Rengiil
		dyn_gil_Rengulbai.dyn_gil_Rengulbai.dyn_gil_Rengulbai.dyn_gil_Rengulbai
		dyn_gil_Ruluked.dyn_gil_Ruluked.dyn_gil_Ruluked.dyn_gil_Ruluked
		dyn_gil_Sbal.dyn_gil_Sbal.dyn_gil_Sbal.dyn_gil_Sbal
		dyn_gil_Sikyang.dyn_gil_Sikyang.dyn_gil_Sikyang.dyn_gil_Sikyang
		dyn_gil_Soalablai.dyn_gil_Soalablai.dyn_gil_Soalablai.dyn_gil_Soalablai
		dyn_gil_Subris.dyn_gil_Subris.dyn_gil_Subris.dyn_gil_Subris
		dyn_gil_Tellames.dyn_gil_Tellames.dyn_gil_Tellames.dyn_gil_Tellames
		dyn_gil_Tellei.dyn_gil_Tellei.dyn_gil_Tellei.dyn_gil_Tellei
		dyn_gil_Temengil.dyn_gil_Temengil.dyn_gil_Temengil.dyn_gil_Temengil
		dyn_gil_Teriong.dyn_gil_Teriong.dyn_gil_Teriong.dyn_gil_Teriong
		dyn_gil_Tmetuchl.dyn_gil_Tmetuchl.dyn_gil_Tmetuchl.dyn_gil_Tmetuchl
		dyn_gil_Toribiong.dyn_gil_Toribiong.dyn_gil_Toribiong.dyn_gil_Toribiong
		dyn_gil_Udui.dyn_gil_Udui.dyn_gil_Udui.dyn_gil_Udui
		dyn_gil_Ulengchong.dyn_gil_Ulengchong.dyn_gil_Ulengchong.dyn_gil_Ulengchong
	}
		}
	}
	
	barbarian_names = {
		SALOBRIASAI #TBA 
	}
	
	graphical_culture = native_1815_gfx
	ethnicities = {
		10 = polynesian
	}
}

