portuguese_group = {
	color = hsv { 0.3  0.25  0.5 }

    levy_template = levy_conscripts

    primary = conscripts
    secondary = conscripts
    flank = conscripts

    primary_navy = tetrere
    secondary_navy = octere
    flank_navy = liburnian
			male_names = {
				pt_Aarao pt_Abel pt_Adalberto pt_Adao pt_Adriano pt_Adriao pt_Afonso pt_Agnaldo
		pt_Agostinho pt_Ailton pt_Airton pt_Alan pt_Alberto pt_Alceu pt_Alcindo pt_Alcino
		pt_Aldomiro pt_Aleixo pt_Alexandre pt_Alfonso pt_Alfredo pt_Almiro pt_Alonso
		pt_Alvaro pt_Amandio pt_Amaro pt_Ambrosio pt_Americo pt_Andronico pt_Andre
		pt_Antenor pt_Antonio pt_Aparecido pt_Aquiles pt_Armando pt_Arminio pt_Arnaldo
		pt_Arquimedes pt_Arsenio pt_Artur pt_Augusto pt_Baltasar pt_Basilio pt_Bastiao
		pt_Batista pt_Belchior pt_Belisario pt_Benedito pt_Benjamim pt_Bento pt_Bernardo
		pt_Brandao pt_Bras pt_Braz pt_Breno pt_Bruno pt_Caetano pt_Caio pt_Calebe pt_Camilo
		pt_Candido pt_Carlos pt_Casimiro pt_Cassiano pt_Cassio pt_Celio pt_Celso pt_Cesar
		pt_Ciro pt_Clovis pt_Conrado pt_Constantim pt_Constantino pt_Cornelio pt_Cosme
		pt_Cristiano pt_Cristovao pt_Damao pt_Damiao pt_Daniel pt_David pt_Decio pt_Delfim
		pt_Deodato pt_Desiderio pt_Dinho pt_Diocleciano pt_Diogo pt_Dirceu pt_Domingos
		pt_Donato pt_Duarte pt_Durval pt_Edmundo pt_Edson pt_Eduardo pt_Egidio pt_Elias
		pt_Eliseu pt_Emilio pt_Enrique pt_Erico pt_Esdras pt_Estevao pt_Evaristo pt_Expedito
		pt_Ezequias pt_Ezequiel pt_Fabiano pt_Fabiao pt_Fabio pt_Fabricio pt_Faustino
		pt_Fausto pt_Feliciano pt_Felix pt_Fernando pt_Fernao pt_Filipe pt_Firmino pt_Flavio
		pt_Floriano pt_Francisco pt_Gabriel pt_Galeno pt_Garcia pt_Gaspard pt_Gastao
		pt_Gideao pt_Gil pt_Gilberto pt_Goncalo pt_Goncalves pt_Gregorio pt_Gualter
		pt_Gualterio pt_Guilherme pt_Gustavo pt_Heitor pt_Helio pt_Henrique pt_Hermano
		pt_Hilario pt_Hipolito pt_Hugo pt_Iago pt_Inacio pt_Isaac pt_Isaias pt_Isaque pt_Isidoro
		pt_Jacob pt_Jaco pt_Jacomo pt_Jaime pt_Jair pt_Jairo pt_Jarede pt_Jasao pt_Jatori
		pt_Jeremias pt_Jeronimo pt_Joao pt_Joaquim pt_Joel pt_Jonas pt_Jonatas pt_Jonathan
		pt_Jordao pt_Jorge pt_Jose pt_Jose_Mario pt_Josue pt_Juda pt_Judas pt_Juliano
		pt_Juliao pt_Julio pt_Justino pt_Lazaro pt_Leandro pt_Leao pt_Lenine pt_Leonardo
		pt_Leonidas pt_Leopoldo pt_Lineu pt_Lino pt_Livio pt_Lotario pt_Lourenco pt_Lucas
		pt_Luciano pt_Lucio pt_Ludovico pt_Luiz pt_Manoel pt_Marcelino pt_Marcelo pt_Marcio
		pt_Marco pt_Marcos pt_Marcus pt_Mariano pt_Mario pt_Martim pt_Martinho pt_Mateus
		pt_Matheus pt_Matias pt_Mauricio pt_Mauro pt_Maximiliano pt_Maximo pt_Maximino
		pt_Miguel pt_Miqueias pt_Modesto pt_Moises pt_Moreno pt_Narciso pt_Nataniel
		pt_Nazario pt_Neemias pt_Nestor pt_Nicolau pt_Noe pt_Nuno pt_Odisseu pt_Olavo
		pt_Oliveiros pt_Onesimo pt_Orion pt_Orionte pt_Paolo pt_Pascoal pt_Patricio
		pt_Patrique pt_Paulino pt_Paulo pt_Pedro pt_Pio pt_Placido pt_Ponto pt_Quim
		pt_Quintino pt_Quirino pt_Radames pt_Rafael pt_Raimundo pt_Ramiro pt_Raul
		pt_Raymilson pt_Reinaldo pt_Remigio pt_Renato pt_Ricardo pt_Roberto pt_Rocque
		pt_Rodolfo pt_Rodrigo pt_Rogerio pt_Romeu pt_Ronaldinho pt_Ronaldo pt_Rui
		pt_Salomao pt_Samuel pt_Sandro pt_Sansao pt_Saul pt_Sebastiao pt_Sergio pt_Sete
		pt_Severiano pt_Severino pt_Silverio pt_Silvino pt_Silvio pt_Simao pt_Simeao pt_Tadeu
		pt_Teodosio pt_Teodoro pt_Teofilo pt_Tercio pt_Thales pt_Thiago pt_Tiago pt_Tiburcio
		pt_Tito pt_Tomaz pt_Tome pt_Tristao pt_Ulisses pt_Ulrico pt_Urbano pt_Urias
		pt_Valdinei pt_Valentim pt_Victor pt_Vinicius pt_Vitor pt_Xavier pt_Ximeno pt_Zeferino
		pt_Zefiro
			}
			female_names = {
				pt_Acacia pt_Adalgisa pt_Adela pt_Adelaide pt_Adelina pt_Adriana pt_Agueda
		pt_Albertina pt_Albina pt_Alessandra pt_Alexandra pt_Alexandrina pt_Alexia pt_Alfonsa
		pt_Alfonsina pt_Alice pt_Aline pt_Alodia pt_Alvodia pt_Amalia pt_Amanda pt_Amandia
		pt_Amarilis pt_Amelia pt_Amordeiza pt_Amparo pt_Ana pt_Anabela pt_Ana_Claudia
		pt_Ana_Flavia pt_Ana_Lucia pt_Ana_Luiza pt_Ana_Maria pt_Ana_Paula pt_Ana_Rosa
		pt_Anastasia pt_Andreia pt_Andressa pt_Andreza pt_Angela pt_Angelica pt_Antigona
		pt_Antonia pt_Aparecida pt_Arlete pt_Armanda pt_Arnalda pt_Assuncao pt_Atena
		pt_Augusta pt_Aurelia pt_Barbara pt_Barbara_Heliodora pt_Beatriz pt_Bendita
		pt_Benedita pt_Bernarda pt_Bernardete pt_Betina pt_Bianca pt_Branca pt_Brigida
		pt_Bruna pt_Calixta pt_Camila pt_Carina pt_Carla pt_Carlota pt_Carmelinda pt_Carmo
		pt_Carolina pt_Cassia pt_Cassiana pt_Cassilda pt_Castalia pt_Catarina pt_Caterina
		pt_Catia pt_Celia pt_Celina pt_Cesaria pt_Cibele pt_Cilene pt_Cinira pt_Cintia pt_Clara
		pt_Clarissa pt_Claudia pt_Clementina pt_Cloe pt_Clotilde pt_Conceicao pt_Constanca
		pt_Constantina pt_Cornelia pt_Creusa pt_Cristiana pt_Cristiane pt_Cristina pt_Dafine
		pt_Dafne pt_Dalila pt_Danae pt_Daniela pt_Debora pt_Deise pt_Delia pt_Denise
		pt_Denise_Aparecida pt_Desideria pt_Diana pt_Digna pt_Domingas pt_Dores pt_Doroteia
		pt_Driope pt_Dulce pt_Edite pt_Edilene pt_Elaine pt_Elana pt_Eliana pt_Elisa pt_Elisabete
		pt_Elisete pt_Elma pt_Elsa pt_Elzira pt_Ema pt_Emanuela pt_Emanuelita pt_Emilia
		pt_Emiliana pt_Enes pt_Erica pt_Erna pt_Esmeralda pt_Esperanca pt_Eva pt_Evangelina
		pt_Fabia pt_Fabiana pt_Fabricia pt_Fatima pt_Febe pt_Felicia pt_Felicidade pt_Fernanda
		pt_Filipa pt_Filomena pt_Flora pt_Francisca pt_Gabriela pt_Galateia pt_Geisa pt_Gema
		pt_Genebra pt_Genoveva pt_Germana pt_Gertrudes pt_Gilda pt_Giseli pt_Gislaine
		pt_Glaucia pt_Gloria pt_Graca pt_Graciela pt_Graciete pt_Gracinda pt_Graziela
		pt_Griselda pt_Guida pt_Guilhermina pt_Hadassa pt_Helenice pt_Helia pt_Heliodora
		pt_Heloisa pt_Hermione pt_Hilaria pt_Idalina pt_Ifigenia pt_Ina pt_Ines pt_Iria pt_Isabel
		pt_Isabela pt_Isidora pt_Jacinta pt_Jael pt_Janaina pt_Jessica pt_Joana pt_Jordana
		pt_Josefa pt_Judite pt_Julia pt_Juliana pt_Julieta pt_Junia pt_Justina pt_Katia pt_Laelia
		pt_Lais pt_Lara pt_Larissa pt_Laura pt_Lavinia pt_Leandra pt_Lena pt_Leonor pt_Leonora
		pt_Leticia pt_Lia pt_Liana pt_Lidia pt_Ligia pt_Lilia pt_Lilian pt_Livia pt_Lorena pt_Luana
		pt_Lucelia pt_Lucia pt_Luciana pt_Lucila pt_Lucilia pt_Lucimara pt_Ludovica pt_Luisa
		pt_Luiza pt_Lurdes pt_Luz pt_Luzia pt_Madalena pt_Mafalda pt_Magda pt_Manoela
		pt_Manola pt_Marcia pt_Margarida pt_Maria pt_Maria_Antonia pt_Maria_da_Graca
		pt_Maria_do_Carmo pt_Maria_do_Rosario pt_Maria_Helena pt_Maria_Jose
		pt_Maria_Madalena pt_Mariana pt_Mariluce pt_Marina pt_Marisa pt_Marta pt_Martina
		pt_Martinha pt_Matilde pt_Maximiliana pt_Melissa pt_Melpomene pt_Mercedes
		pt_Milena pt_Mina pt_Miria pt_Monica pt_Nadia pt_Narcisa pt_Natalia pt_Nefele
		pt_Neusa pt_Neves pt_Noemi pt_Nuria pt_Ofelia pt_Olavia pt_Olga pt_Olivia pt_Ondina
		pt_Ouroana pt_Palmira pt_Partenope pt_Patricia pt_Paula pt_Penelope pt_Pilar
		pt_Poliana pt_Priscila pt_Quintina pt_Radegunda pt_Raisa pt_Ramona pt_Raquel
		pt_Rebeca pt_Regina pt_Renata pt_Rita pt_Ronalda pt_Rosa pt_Rosalia pt_Rosana
		pt_Rosario pt_Roseli pt_Rosemeire pt_Rosilene pt_Rute pt_Sabina pt_Sabrina pt_Salome
		pt_Sandra pt_Sara pt_Serafina pt_Severina pt_Shirlei pt_Sibele pt_Sibila pt_Silmara
		pt_Silvania pt_Silvia pt_Simona pt_Simone pt_Sofia pt_Sol pt_Solange pt_Sonia pt_Sueli
		pt_Susana pt_Suzana pt_Tais pt_Talia pt_Tathiana pt_Tatiana pt_Telma pt_Teodora
		pt_Teresa pt_Teresinha pt_Tereza pt_Thais pt_Tina pt_Trinidade pt_Ursula pt_Valeria
		pt_Vanessa pt_Veronica pt_Vilma pt_Viola pt_Violeta pt_Virginia pt_Vitoria pt_Viviane
		pt_Wanda pt_Xantipe pt_Ximena pt_Zita pt_Zoe
			}
			family = {
				dyn_pt_Silva.dyn_pt_Silva.dyn_pt_Silva.dyn_pt_Silva
				dyn_pt_Santos.dyn_pt_Santos.dyn_pt_Santos.dyn_pt_Santos
				dyn_pt_Ferreira.dyn_pt_Ferreira.dyn_pt_Ferreira.dyn_pt_Ferreira
				dyn_pt_Pereira.dyn_pt_Pereira.dyn_pt_Pereira.dyn_pt_Pereira
				dyn_pt_Oliveira.dyn_pt_Oliveira.dyn_pt_Oliveira.dyn_pt_Oliveira
				dyn_pt_Costa.dyn_pt_Costa.dyn_pt_Costa.dyn_pt_Costa
				dyn_pt_Rodrigues.dyn_pt_Rodrigues.dyn_pt_Rodrigues.dyn_pt_Rodrigues
				dyn_pt_Martins.dyn_pt_Martins.dyn_pt_Martins.dyn_pt_Martins
				dyn_pt_Jesus.dyn_pt_Jesus.dyn_pt_Jesus.dyn_pt_Jesus
				dyn_pt_Sousa.dyn_pt_Sousa.dyn_pt_Sousa.dyn_pt_Sousa
				dyn_pt_Fernandes.dyn_pt_Fernandes.dyn_pt_Fernandes.dyn_pt_Fernandes
				dyn_pt_Goncalves.dyn_pt_Goncalves.dyn_pt_Goncalves.dyn_pt_Goncalves
				dyn_pt_Gomes.dyn_pt_Gomes.dyn_pt_Gomes.dyn_pt_Gomes
				dyn_pt_Lopes.dyn_pt_Lopes.dyn_pt_Lopes.dyn_pt_Lopes
				dyn_pt_Marques.dyn_pt_Marques.dyn_pt_Marques.dyn_pt_Marques
				dyn_pt_Alves.dyn_pt_Alves.dyn_pt_Alves.dyn_pt_Alves
				dyn_pt_Almeida.dyn_pt_Almeida.dyn_pt_Almeida.dyn_pt_Almeida
				dyn_pt_Ribeiro.dyn_pt_Ribeiro.dyn_pt_Ribeiro.dyn_pt_Ribeiro
				dyn_pt_Pinto.dyn_pt_Pinto.dyn_pt_Pinto.dyn_pt_Pinto
				dyn_pt_Carvalho.dyn_pt_Carvalho.dyn_pt_Carvalho.dyn_pt_Carvalho
				dyn_pt_Abrantes.dyn_pt_Abrantes.dyn_pt_Abrantes.dyn_pt_Abrantes
				dyn_pt_Abreu.dyn_pt_Abreu.dyn_pt_Abreu.dyn_pt_Abreu
				dyn_pt_Afonso.dyn_pt_Afonso.dyn_pt_Afonso.dyn_pt_Afonso
				dyn_pt_Aguiar.dyn_pt_Aguiar.dyn_pt_Aguiar.dyn_pt_Aguiar
				dyn_pt_Albuquerque.dyn_pt_Albuquerque.dyn_pt_Albuquerque.dyn_pt_Albuquerque
				dyn_pt_Alencar.dyn_pt_Alencar.dyn_pt_Alencar.dyn_pt_Alencar
				dyn_pt_Alexandre.dyn_pt_Alexandre.dyn_pt_Alexandre.dyn_pt_Alexandre
				dyn_pt_Alvares.dyn_pt_Alvares.dyn_pt_Alvares.dyn_pt_Alvares
				dyn_pt_Amaral.dyn_pt_Amaral.dyn_pt_Amaral.dyn_pt_Amaral
				dyn_pt_Amarante.dyn_pt_Amarante.dyn_pt_Amarante.dyn_pt_Amarante
				dyn_pt_Amaro.dyn_pt_Amaro.dyn_pt_Amaro.dyn_pt_Amaro
				dyn_pt_Ambrozio.dyn_pt_Ambrozio.dyn_pt_Ambrozio.dyn_pt_Ambrozio
				dyn_pt_Amorim.dyn_pt_Amorim.dyn_pt_Amorim.dyn_pt_Amorim
				dyn_pt_Andrada.dyn_pt_Andrada.dyn_pt_Andrada.dyn_pt_Andrada
				dyn_pt_Andrade.dyn_pt_Andrade.dyn_pt_Andrade.dyn_pt_Andrade
				dyn_pt_Andre.dyn_pt_Andre.dyn_pt_Andre.dyn_pt_Andre
				dyn_pt_Aniceto.dyn_pt_Aniceto.dyn_pt_Aniceto.dyn_pt_Aniceto
				dyn_pt_Antonio.dyn_pt_Antonio.dyn_pt_Antonio.dyn_pt_Antonio
				dyn_pt_Antunes.dyn_pt_Antunes.dyn_pt_Antunes.dyn_pt_Antunes
				dyn_pt_Aparecida.dyn_pt_Aparecida.dyn_pt_Aparecida.dyn_pt_Aparecida
				dyn_pt_Aragao.dyn_pt_Aragao.dyn_pt_Aragao.dyn_pt_Aragao
				dyn_pt_Arantes.dyn_pt_Arantes.dyn_pt_Arantes.dyn_pt_Arantes
				dyn_pt_Araujo.dyn_pt_Araujo.dyn_pt_Araujo.dyn_pt_Araujo
				dyn_pt_Arauxo.dyn_pt_Arauxo.dyn_pt_Arauxo.dyn_pt_Arauxo
				dyn_pt_Arauz.dyn_pt_Arauz.dyn_pt_Arauz.dyn_pt_Arauz
				dyn_pt_Arruda.dyn_pt_Arruda.dyn_pt_Arruda.dyn_pt_Arruda
				dyn_pt_Assis.dyn_pt_Assis.dyn_pt_Assis.dyn_pt_Assis
				dyn_pt_Augusto.dyn_pt_Augusto.dyn_pt_Augusto.dyn_pt_Augusto
				dyn_pt_Azevedo.dyn_pt_Azevedo.dyn_pt_Azevedo.dyn_pt_Azevedo
				dyn_pt_Bairros.dyn_pt_Bairros.dyn_pt_Bairros.dyn_pt_Bairros
				dyn_pt_Balsamo.dyn_pt_Balsamo.dyn_pt_Balsamo.dyn_pt_Balsamo
				dyn_pt_Baptista.dyn_pt_Baptista.dyn_pt_Baptista.dyn_pt_Baptista
				dyn_pt_Barata.dyn_pt_Barata.dyn_pt_Barata.dyn_pt_Barata
				dyn_pt_Barbosa.dyn_pt_Barbosa.dyn_pt_Barbosa.dyn_pt_Barbosa
				dyn_pt_Barreiro.dyn_pt_Barreiro.dyn_pt_Barreiro.dyn_pt_Barreiro
				dyn_pt_Barreto.dyn_pt_Barreto.dyn_pt_Barreto.dyn_pt_Barreto
				dyn_pt_Barrios.dyn_pt_Barrios.dyn_pt_Barrios.dyn_pt_Barrios
				dyn_pt_Barros.dyn_pt_Barros.dyn_pt_Barros.dyn_pt_Barros
				dyn_pt_Barroso.dyn_pt_Barroso.dyn_pt_Barroso.dyn_pt_Barroso
				dyn_pt_Bastos.dyn_pt_Bastos.dyn_pt_Bastos.dyn_pt_Bastos
				dyn_pt_Batista.dyn_pt_Batista.dyn_pt_Batista.dyn_pt_Batista
				dyn_pt_Bavaro.dyn_pt_Bavaro.dyn_pt_Bavaro.dyn_pt_Bavaro
				dyn_pt_Belarmino.dyn_pt_Belarmino.dyn_pt_Belarmino.dyn_pt_Belarmino
				dyn_pt_Benevides.dyn_pt_Benevides.dyn_pt_Benevides.dyn_pt_Benevides
				dyn_pt_Benites.dyn_pt_Benites.dyn_pt_Benites.dyn_pt_Benites
				dyn_pt_Bento.dyn_pt_Bento.dyn_pt_Bento.dyn_pt_Bento
				dyn_pt_Berberia.dyn_pt_Berberia.dyn_pt_Berberia.dyn_pt_Berberia
				dyn_pt_Bernardes.dyn_pt_Bernardes.dyn_pt_Bernardes.dyn_pt_Bernardes
				dyn_pt_Bernardino.dyn_pt_Bernardino.dyn_pt_Bernardino.dyn_pt_Bernardino
				dyn_pt_Bernardo.dyn_pt_Bernardo.dyn_pt_Bernardo.dyn_pt_Bernardo
				dyn_pt_Bettencourt.dyn_pt_Bettencourt.dyn_pt_Bettencourt.dyn_pt_Bettencourt
				dyn_pt_Bezerra.dyn_pt_Bezerra.dyn_pt_Bezerra.dyn_pt_Bezerra
				dyn_pt_Bispo.dyn_pt_Bispo.dyn_pt_Bispo.dyn_pt_Bispo
				dyn_pt_Bitancourt.dyn_pt_Bitancourt.dyn_pt_Bitancourt.dyn_pt_Bitancourt
				dyn_pt_Bittencourt.dyn_pt_Bittencourt.dyn_pt_Bittencourt.dyn_pt_Bittencourt
				dyn_pt_Bonito.dyn_pt_Bonito.dyn_pt_Bonito.dyn_pt_Bonito
				dyn_pt_Borba.dyn_pt_Borba.dyn_pt_Borba.dyn_pt_Borba
				dyn_pt_Borges.dyn_pt_Borges.dyn_pt_Borges.dyn_pt_Borges
				dyn_pt_Botelho.dyn_pt_Botelho.dyn_pt_Botelho.dyn_pt_Botelho
				dyn_pt_Braga.dyn_pt_Braga.dyn_pt_Braga.dyn_pt_Braga
				dyn_pt_Branco.dyn_pt_Branco.dyn_pt_Branco.dyn_pt_Branco
				dyn_pt_Brandao.dyn_pt_Brandao.dyn_pt_Brandao.dyn_pt_Brandao
				dyn_pt_Brasil.dyn_pt_Brasil.dyn_pt_Brasil.dyn_pt_Brasil
				dyn_pt_Braz.dyn_pt_Braz.dyn_pt_Braz.dyn_pt_Braz
				dyn_pt_Brito.dyn_pt_Brito.dyn_pt_Brito.dyn_pt_Brito
				dyn_pt_Britto.dyn_pt_Britto.dyn_pt_Britto.dyn_pt_Britto
				dyn_pt_Bueno.dyn_pt_Bueno.dyn_pt_Bueno.dyn_pt_Bueno
				dyn_pt_Cabral.dyn_pt_Cabral.dyn_pt_Cabral.dyn_pt_Cabral
				dyn_pt_Caetano.dyn_pt_Caetano.dyn_pt_Caetano.dyn_pt_Caetano
				dyn_pt_Calado.dyn_pt_Calado.dyn_pt_Calado.dyn_pt_Calado
				dyn_pt_Caldeira.dyn_pt_Caldeira.dyn_pt_Caldeira.dyn_pt_Caldeira
				dyn_pt_Camara.dyn_pt_Camara.dyn_pt_Camara.dyn_pt_Camara
				dyn_pt_Camargo.dyn_pt_Camargo.dyn_pt_Camargo.dyn_pt_Camargo
				dyn_pt_Cambra.dyn_pt_Cambra.dyn_pt_Cambra.dyn_pt_Cambra
				dyn_pt_Cameiro.dyn_pt_Cameiro.dyn_pt_Cameiro.dyn_pt_Cameiro
				dyn_pt_Camilo.dyn_pt_Camilo.dyn_pt_Camilo.dyn_pt_Camilo
				dyn_pt_Campanario.dyn_pt_Campanario.dyn_pt_Campanario.dyn_pt_Campanario
				dyn_pt_Campos.dyn_pt_Campos.dyn_pt_Campos.dyn_pt_Campos
				dyn_pt_Candido.dyn_pt_Candido.dyn_pt_Candido.dyn_pt_Candido
				dyn_pt_Canto.dyn_pt_Canto.dyn_pt_Canto.dyn_pt_Canto
				dyn_pt_Capela.dyn_pt_Capela.dyn_pt_Capela.dyn_pt_Capela
				dyn_pt_Cardella.dyn_pt_Cardella.dyn_pt_Cardella.dyn_pt_Cardella
				dyn_pt_Cardoso.dyn_pt_Cardoso.dyn_pt_Cardoso.dyn_pt_Cardoso
				dyn_pt_Carlos.dyn_pt_Carlos.dyn_pt_Carlos.dyn_pt_Carlos
				dyn_pt_Carmo.dyn_pt_Carmo.dyn_pt_Carmo.dyn_pt_Carmo
				dyn_pt_Carneiro.dyn_pt_Carneiro.dyn_pt_Carneiro.dyn_pt_Carneiro
				dyn_pt_Carolino.dyn_pt_Carolino.dyn_pt_Carolino.dyn_pt_Carolino
				dyn_pt_Carreira.dyn_pt_Carreira.dyn_pt_Carreira.dyn_pt_Carreira
				dyn_pt_Carreiro.dyn_pt_Carreiro.dyn_pt_Carreiro.dyn_pt_Carreiro
				dyn_pt_Carriere.dyn_pt_Carriere.dyn_pt_Carriere.dyn_pt_Carriere
				dyn_pt_Casimiro.dyn_pt_Casimiro.dyn_pt_Casimiro.dyn_pt_Casimiro
				dyn_pt_Castro.dyn_pt_Castro.dyn_pt_Castro.dyn_pt_Castro
				dyn_pt_Cavalcante.dyn_pt_Cavalcante.dyn_pt_Cavalcante.dyn_pt_Cavalcante
				dyn_pt_Cavalcanti.dyn_pt_Cavalcanti.dyn_pt_Cavalcanti.dyn_pt_Cavalcanti
				dyn_pt_Celestino.dyn_pt_Celestino.dyn_pt_Celestino.dyn_pt_Celestino
				dyn_pt_Cerqueira.dyn_pt_Cerqueira.dyn_pt_Cerqueira.dyn_pt_Cerqueira
				dyn_pt_Cesar.dyn_pt_Cesar.dyn_pt_Cesar.dyn_pt_Cesar
				dyn_pt_Chagas.dyn_pt_Chagas.dyn_pt_Chagas.dyn_pt_Chagas
				dyn_pt_Chaves.dyn_pt_Chaves.dyn_pt_Chaves.dyn_pt_Chaves
				dyn_pt_Cintra.dyn_pt_Cintra.dyn_pt_Cintra.dyn_pt_Cintra
				dyn_pt_Cipriano.dyn_pt_Cipriano.dyn_pt_Cipriano.dyn_pt_Cipriano
				dyn_pt_Coelho.dyn_pt_Coelho.dyn_pt_Coelho.dyn_pt_Coelho
				dyn_pt_Coimbra.dyn_pt_Coimbra.dyn_pt_Coimbra.dyn_pt_Coimbra
				dyn_pt_Conceicao.dyn_pt_Conceicao.dyn_pt_Conceicao.dyn_pt_Conceicao
				dyn_pt_Conde.dyn_pt_Conde.dyn_pt_Conde.dyn_pt_Conde
				dyn_pt_Constantino.dyn_pt_Constantino.dyn_pt_Constantino.dyn_pt_Constantino
				dyn_pt_Cordeiro.dyn_pt_Cordeiro.dyn_pt_Cordeiro.dyn_pt_Cordeiro
				dyn_pt_Correa.dyn_pt_Correa.dyn_pt_Correa.dyn_pt_Correa
				dyn_pt_Correia.dyn_pt_Correia.dyn_pt_Correia.dyn_pt_Correia
				dyn_pt_Correira.dyn_pt_Correira.dyn_pt_Correira.dyn_pt_Correira
				dyn_pt_Coutinho.dyn_pt_Coutinho.dyn_pt_Coutinho.dyn_pt_Coutinho
				dyn_pt_Couto.dyn_pt_Couto.dyn_pt_Couto.dyn_pt_Couto
				dyn_pt_Cristina.dyn_pt_Cristina.dyn_pt_Cristina.dyn_pt_Cristina
				dyn_pt_Cruz.dyn_pt_Cruz.dyn_pt_Cruz.dyn_pt_Cruz
				dyn_pt_Cunha.dyn_pt_Cunha.dyn_pt_Cunha.dyn_pt_Cunha
				dyn_pt_de_Amaral.dyn_pt_de_Amaral.dyn_pt_de_Amaral.dyn_pt_de_Amaral
				dyn_pt_de_Andrade.dyn_pt_de_Andrade.dyn_pt_de_Andrade.dyn_pt_de_Andrade
				dyn_pt_Da_Costa.dyn_pt_Da_Costa.dyn_pt_Da_Costa.dyn_pt_Da_Costa
				dyn_pt_da_Cruz.dyn_pt_da_Cruz.dyn_pt_da_Cruz.dyn_pt_da_Cruz
				dyn_pt_da_Cunha.dyn_pt_da_Cunha.dyn_pt_da_Cunha.dyn_pt_da_Cunha
				dyn_pt_da_Luz.dyn_pt_da_Luz.dyn_pt_da_Luz.dyn_pt_da_Luz
				dyn_pt_da_Mata.dyn_pt_da_Mata.dyn_pt_da_Mata.dyn_pt_da_Mata
				dyn_pt_Daniel.dyn_pt_Daniel.dyn_pt_Daniel.dyn_pt_Daniel
				dyn_pt_Dano.dyn_pt_Dano.dyn_pt_Dano.dyn_pt_Dano
				dyn_pt_Dantas.dyn_pt_Dantas.dyn_pt_Dantas.dyn_pt_Dantas
				dyn_pt_da_Rosa.dyn_pt_da_Rosa.dyn_pt_da_Rosa.dyn_pt_da_Rosa
				dyn_pt_da_Silva.dyn_pt_da_Silva.dyn_pt_da_Silva.dyn_pt_da_Silva
				dyn_pt_da_Veiga.dyn_pt_da_Veiga.dyn_pt_da_Veiga.dyn_pt_da_Veiga
				dyn_pt_de_Almeida.dyn_pt_de_Almeida.dyn_pt_de_Almeida.dyn_pt_de_Almeida
				dyn_pt_de_Ambrosio.dyn_pt_de_Ambrosio.dyn_pt_de_Ambrosio.dyn_pt_de_Ambrosio
				dyn_pt_de_Assis.dyn_pt_de_Assis.dyn_pt_de_Assis.dyn_pt_de_Assis
				dyn_pt_de_Aveiro.dyn_pt_de_Aveiro.dyn_pt_de_Aveiro.dyn_pt_de_Aveiro
				dyn_pt_de_Avila.dyn_pt_de_Avila.dyn_pt_de_Avila.dyn_pt_de_Avila
				dyn_pt_de_Azevedo.dyn_pt_de_Azevedo.dyn_pt_de_Azevedo.dyn_pt_de_Azevedo
				dyn_pt_de_Carvalho.dyn_pt_de_Carvalho.dyn_pt_de_Carvalho.dyn_pt_de_Carvalho
				dyn_pt_de_Conceicao.dyn_pt_de_Conceicao.dyn_pt_de_Conceicao.dyn_pt_de_Conceicao
				dyn_pt_de_Faria.dyn_pt_de_Faria.dyn_pt_de_Faria.dyn_pt_de_Faria
				dyn_pt_de_Freitas.dyn_pt_de_Freitas.dyn_pt_de_Freitas.dyn_pt_de_Freitas
				dyn_pt_de_Jesus.dyn_pt_de_Jesus.dyn_pt_de_Jesus.dyn_pt_de_Jesus
				dyn_pt_Delfino.dyn_pt_Delfino.dyn_pt_Delfino.dyn_pt_Delfino
				dyn_pt_de_Lima.dyn_pt_de_Lima.dyn_pt_de_Lima.dyn_pt_de_Lima
				dyn_pt_de_Mata.dyn_pt_de_Mata.dyn_pt_de_Mata.dyn_pt_de_Mata
				dyn_pt_de_Mello.dyn_pt_de_Mello.dyn_pt_de_Mello.dyn_pt_de_Mello
				dyn_pt_de_Melo.dyn_pt_de_Melo.dyn_pt_de_Melo.dyn_pt_de_Melo
				dyn_pt_de_Moraes.dyn_pt_de_Moraes.dyn_pt_de_Moraes.dyn_pt_de_Moraes
				dyn_pt_de_Moura.dyn_pt_de_Moura.dyn_pt_de_Moura.dyn_pt_de_Moura
				dyn_pt_Deniz.dyn_pt_Deniz.dyn_pt_Deniz.dyn_pt_Deniz
				dyn_pt_de_Noronha.dyn_pt_de_Noronha.dyn_pt_de_Noronha.dyn_pt_de_Noronha
				dyn_pt_Dente.dyn_pt_Dente.dyn_pt_Dente.dyn_pt_Dente
				dyn_pt_de_Oliveira.dyn_pt_de_Oliveira.dyn_pt_de_Oliveira.dyn_pt_de_Oliveira
				dyn_pt_de_Paiva.dyn_pt_de_Paiva.dyn_pt_de_Paiva.dyn_pt_de_Paiva
				dyn_pt_de_Paula.dyn_pt_de_Paula.dyn_pt_de_Paula.dyn_pt_de_Paula
				dyn_pt_de_Silva.dyn_pt_de_Silva.dyn_pt_de_Silva.dyn_pt_de_Silva
				dyn_pt_de_Sousa.dyn_pt_de_Sousa.dyn_pt_de_Sousa.dyn_pt_de_Sousa
				dyn_pt_de_Souza.dyn_pt_de_Souza.dyn_pt_de_Souza.dyn_pt_de_Souza
				dyn_pt_Dias.dyn_pt_Dias.dyn_pt_Dias.dyn_pt_Dias
				dyn_pt_Dimas.dyn_pt_Dimas.dyn_pt_Dimas.dyn_pt_Dimas
				dyn_pt_Dinis.dyn_pt_Dinis.dyn_pt_Dinis.dyn_pt_Dinis
				dyn_pt_Diniz.dyn_pt_Diniz.dyn_pt_Diniz.dyn_pt_Diniz
				dyn_pt_Diogo.dyn_pt_Diogo.dyn_pt_Diogo.dyn_pt_Diogo
				dyn_pt_do_Carmo.dyn_pt_do_Carmo.dyn_pt_do_Carmo.dyn_pt_do_Carmo
				dyn_pt_Domingos.dyn_pt_Domingos.dyn_pt_Domingos.dyn_pt_Domingos
				dyn_pt_Domingues.dyn_pt_Domingues.dyn_pt_Domingues.dyn_pt_Domingues
				dyn_pt_do_Nascimento.dyn_pt_do_Nascimento.dyn_pt_do_Nascimento.dyn_pt_do_Nascimento
				dyn_pt_dos_Reis.dyn_pt_dos_Reis.dyn_pt_dos_Reis.dyn_pt_dos_Reis
				dyn_pt_dos_Santos.dyn_pt_dos_Santos.dyn_pt_dos_Santos.dyn_pt_dos_Santos
				dyn_pt_Dourado.dyn_pt_Dourado.dyn_pt_Dourado.dyn_pt_Dourado
				dyn_pt_Duarte.dyn_pt_Duarte.dyn_pt_Duarte.dyn_pt_Duarte
				dyn_pt_Dutra.dyn_pt_Dutra.dyn_pt_Dutra.dyn_pt_Dutra
				dyn_pt_Eduardo.dyn_pt_Eduardo.dyn_pt_Eduardo.dyn_pt_Eduardo
				dyn_pt_Esperanca.dyn_pt_Esperanca.dyn_pt_Esperanca.dyn_pt_Esperanca
				dyn_pt_Esteves.dyn_pt_Esteves.dyn_pt_Esteves.dyn_pt_Esteves
				dyn_pt_Estores.dyn_pt_Estores.dyn_pt_Estores.dyn_pt_Estores
				dyn_pt_Estrela.dyn_pt_Estrela.dyn_pt_Estrela.dyn_pt_Estrela
				dyn_pt_Eva.dyn_pt_Eva.dyn_pt_Eva.dyn_pt_Eva
				dyn_pt_Fagundes.dyn_pt_Fagundes.dyn_pt_Fagundes.dyn_pt_Fagundes
				dyn_pt_Falcao.dyn_pt_Falcao.dyn_pt_Falcao.dyn_pt_Falcao
				dyn_pt_Faria.dyn_pt_Faria.dyn_pt_Faria.dyn_pt_Faria
				dyn_pt_Farias.dyn_pt_Farias.dyn_pt_Farias.dyn_pt_Farias
				dyn_pt_Farinha.dyn_pt_Farinha.dyn_pt_Farinha.dyn_pt_Farinha
				dyn_pt_Faustino.dyn_pt_Faustino.dyn_pt_Faustino.dyn_pt_Faustino
				dyn_pt_Feijo.dyn_pt_Feijo.dyn_pt_Feijo.dyn_pt_Feijo
				dyn_pt_Felipe.dyn_pt_Felipe.dyn_pt_Felipe.dyn_pt_Felipe
				dyn_pt_Felix.dyn_pt_Felix.dyn_pt_Felix.dyn_pt_Felix
				dyn_pt_Feria.dyn_pt_Feria.dyn_pt_Feria.dyn_pt_Feria
				dyn_pt_Ferraz.dyn_pt_Ferraz.dyn_pt_Ferraz.dyn_pt_Ferraz
				dyn_pt_Figo.dyn_pt_Figo.dyn_pt_Figo.dyn_pt_Figo
				dyn_pt_Figueira.dyn_pt_Figueira.dyn_pt_Figueira.dyn_pt_Figueira
				dyn_pt_Figueiredo.dyn_pt_Figueiredo.dyn_pt_Figueiredo.dyn_pt_Figueiredo
				dyn_pt_Filho.dyn_pt_Filho.dyn_pt_Filho.dyn_pt_Filho
				dyn_pt_Filipe.dyn_pt_Filipe.dyn_pt_Filipe.dyn_pt_Filipe
				dyn_pt_Fonseca.dyn_pt_Fonseca.dyn_pt_Fonseca.dyn_pt_Fonseca
				dyn_pt_Fontes.dyn_pt_Fontes.dyn_pt_Fontes.dyn_pt_Fontes
				dyn_pt_Formosa.dyn_pt_Formosa.dyn_pt_Formosa.dyn_pt_Formosa
				dyn_pt_Formoso.dyn_pt_Formoso.dyn_pt_Formoso.dyn_pt_Formoso
				dyn_pt_Fragoso.dyn_pt_Fragoso.dyn_pt_Fragoso.dyn_pt_Fragoso
				dyn_pt_Franca.dyn_pt_Franca.dyn_pt_Franca.dyn_pt_Franca
				dyn_pt_Francisco.dyn_pt_Francisco.dyn_pt_Francisco.dyn_pt_Francisco
				dyn_pt_Franco.dyn_pt_Franco.dyn_pt_Franco.dyn_pt_Franco
				dyn_pt_Freire.dyn_pt_Freire.dyn_pt_Freire.dyn_pt_Freire
				dyn_pt_Freitas.dyn_pt_Freitas.dyn_pt_Freitas.dyn_pt_Freitas
				dyn_pt_Galante.dyn_pt_Galante.dyn_pt_Galante.dyn_pt_Galante
				dyn_pt_Galiza.dyn_pt_Galiza.dyn_pt_Galiza.dyn_pt_Galiza
				dyn_pt_Gama.dyn_pt_Gama.dyn_pt_Gama.dyn_pt_Gama
				dyn_pt_Garcia.dyn_pt_Garcia.dyn_pt_Garcia.dyn_pt_Garcia
				dyn_pt_Garro.dyn_pt_Garro.dyn_pt_Garro.dyn_pt_Garro
				dyn_pt_Gaspar.dyn_pt_Gaspar.dyn_pt_Gaspar.dyn_pt_Gaspar
				dyn_pt_Gazolla.dyn_pt_Gazolla.dyn_pt_Gazolla.dyn_pt_Gazolla
				dyn_pt_Generoso.dyn_pt_Generoso.dyn_pt_Generoso.dyn_pt_Generoso
				dyn_pt_Gerevasio.dyn_pt_Gerevasio.dyn_pt_Gerevasio.dyn_pt_Gerevasio
				dyn_pt_Gil.dyn_pt_Gil.dyn_pt_Gil.dyn_pt_Gil
				dyn_pt_Godinho.dyn_pt_Godinho.dyn_pt_Godinho.dyn_pt_Godinho
				dyn_pt_Gonzales.dyn_pt_Gonzales.dyn_pt_Gonzales.dyn_pt_Gonzales
				dyn_pt_Gouveia.dyn_pt_Gouveia.dyn_pt_Gouveia.dyn_pt_Gouveia
				dyn_pt_Graca.dyn_pt_Graca.dyn_pt_Graca.dyn_pt_Graca
				dyn_pt_Guedes.dyn_pt_Guedes.dyn_pt_Guedes.dyn_pt_Guedes
				dyn_pt_Guera.dyn_pt_Guera.dyn_pt_Guera.dyn_pt_Guera
				dyn_pt_Guerra.dyn_pt_Guerra.dyn_pt_Guerra.dyn_pt_Guerra
				dyn_pt_Guerreiro.dyn_pt_Guerreiro.dyn_pt_Guerreiro.dyn_pt_Guerreiro
				dyn_pt_Guilherme.dyn_pt_Guilherme.dyn_pt_Guilherme.dyn_pt_Guilherme
				dyn_pt_Guimaraes.dyn_pt_Guimaraes.dyn_pt_Guimaraes.dyn_pt_Guimaraes
				dyn_pt_Hernandes.dyn_pt_Hernandes.dyn_pt_Hernandes.dyn_pt_Hernandes
				dyn_pt_Henrique.dyn_pt_Henrique.dyn_pt_Henrique.dyn_pt_Henrique
				dyn_pt_Henriques.dyn_pt_Henriques.dyn_pt_Henriques.dyn_pt_Henriques
				dyn_pt_Inacio.dyn_pt_Inacio.dyn_pt_Inacio.dyn_pt_Inacio
				dyn_pt_Ines.dyn_pt_Ines.dyn_pt_Ines.dyn_pt_Ines
				dyn_pt_Jacinto.dyn_pt_Jacinto.dyn_pt_Jacinto.dyn_pt_Jacinto
				dyn_pt_Jaime.dyn_pt_Jaime.dyn_pt_Jaime.dyn_pt_Jaime
				dyn_pt_Jardim.dyn_pt_Jardim.dyn_pt_Jardim.dyn_pt_Jardim
				dyn_pt_Jayme.dyn_pt_Jayme.dyn_pt_Jayme.dyn_pt_Jayme
				dyn_pt_Jeronimo.dyn_pt_Jeronimo.dyn_pt_Jeronimo.dyn_pt_Jeronimo
				dyn_pt_Joaquim.dyn_pt_Joaquim.dyn_pt_Joaquim.dyn_pt_Joaquim
				dyn_pt_Jordao.dyn_pt_Jordao.dyn_pt_Jordao.dyn_pt_Jordao
				dyn_pt_Jorge.dyn_pt_Jorge.dyn_pt_Jorge.dyn_pt_Jorge
				dyn_pt_Jose.dyn_pt_Jose.dyn_pt_Jose.dyn_pt_Jose
				dyn_pt_Junior.dyn_pt_Junior.dyn_pt_Junior.dyn_pt_Junior
				dyn_pt_Junqueira.dyn_pt_Junqueira.dyn_pt_Junqueira.dyn_pt_Junqueira
				dyn_pt_Junqueiro.dyn_pt_Junqueiro.dyn_pt_Junqueiro.dyn_pt_Junqueiro
				dyn_pt_Lacerda.dyn_pt_Lacerda.dyn_pt_Lacerda.dyn_pt_Lacerda
				dyn_pt_Lazaro.dyn_pt_Lazaro.dyn_pt_Lazaro.dyn_pt_Lazaro
				dyn_pt_Leal.dyn_pt_Leal.dyn_pt_Leal.dyn_pt_Leal
				dyn_pt_Leandro.dyn_pt_Leandro.dyn_pt_Leandro.dyn_pt_Leandro
				dyn_pt_Leitao.dyn_pt_Leitao.dyn_pt_Leitao.dyn_pt_Leitao
				dyn_pt_Leite.dyn_pt_Leite.dyn_pt_Leite.dyn_pt_Leite
				dyn_pt_Leme.dyn_pt_Leme.dyn_pt_Leme.dyn_pt_Leme
				dyn_pt_Lemos.dyn_pt_Lemos.dyn_pt_Lemos.dyn_pt_Lemos
				dyn_pt_Leonardo.dyn_pt_Leonardo.dyn_pt_Leonardo.dyn_pt_Leonardo
				dyn_pt_Lima.dyn_pt_Lima.dyn_pt_Lima.dyn_pt_Lima
				dyn_pt_Limas.dyn_pt_Limas.dyn_pt_Limas.dyn_pt_Limas
				dyn_pt_Linhares.dyn_pt_Linhares.dyn_pt_Linhares.dyn_pt_Linhares
				dyn_pt_Lino.dyn_pt_Lino.dyn_pt_Lino.dyn_pt_Lino
				dyn_pt_Lins.dyn_pt_Lins.dyn_pt_Lins.dyn_pt_Lins
				dyn_pt_Lira.dyn_pt_Lira.dyn_pt_Lira.dyn_pt_Lira
				dyn_pt_Liro.dyn_pt_Liro.dyn_pt_Liro.dyn_pt_Liro
				dyn_pt_Lisboa.dyn_pt_Lisboa.dyn_pt_Lisboa.dyn_pt_Lisboa
				dyn_pt_Lobato.dyn_pt_Lobato.dyn_pt_Lobato.dyn_pt_Lobato
				dyn_pt_Lobo.dyn_pt_Lobo.dyn_pt_Lobo.dyn_pt_Lobo
				dyn_pt_Lobos.dyn_pt_Lobos.dyn_pt_Lobos.dyn_pt_Lobos
				dyn_pt_Loureiro.dyn_pt_Loureiro.dyn_pt_Loureiro.dyn_pt_Loureiro
				dyn_pt_Lourenco.dyn_pt_Lourenco.dyn_pt_Lourenco.dyn_pt_Lourenco
				dyn_pt_Louro.dyn_pt_Louro.dyn_pt_Louro.dyn_pt_Louro
				dyn_pt_Lucas.dyn_pt_Lucas.dyn_pt_Lucas.dyn_pt_Lucas
				dyn_pt_Lucindo.dyn_pt_Lucindo.dyn_pt_Lucindo.dyn_pt_Lucindo
				dyn_pt_Luis.dyn_pt_Luis.dyn_pt_Luis.dyn_pt_Luis
				dyn_pt_Luiz.dyn_pt_Luiz.dyn_pt_Luiz.dyn_pt_Luiz
				dyn_pt_Luz.dyn_pt_Luz.dyn_pt_Luz.dyn_pt_Luz
				dyn_pt_Lyra.dyn_pt_Lyra.dyn_pt_Lyra.dyn_pt_Lyra
				dyn_pt_Macedo.dyn_pt_Macedo.dyn_pt_Macedo.dyn_pt_Macedo
				dyn_pt_Machado.dyn_pt_Machado.dyn_pt_Machado.dyn_pt_Machado
				dyn_pt_Maciel.dyn_pt_Maciel.dyn_pt_Maciel.dyn_pt_Maciel
				dyn_pt_Madeira.dyn_pt_Madeira.dyn_pt_Madeira.dyn_pt_Madeira
				dyn_pt_Madeiros.dyn_pt_Madeiros.dyn_pt_Madeiros.dyn_pt_Madeiros
				dyn_pt_Madruga.dyn_pt_Madruga.dyn_pt_Madruga.dyn_pt_Madruga
				dyn_pt_Madureira.dyn_pt_Madureira.dyn_pt_Madureira.dyn_pt_Madureira
				dyn_pt_Magalhaes.dyn_pt_Magalhaes.dyn_pt_Magalhaes.dyn_pt_Magalhaes
				dyn_pt_Maia.dyn_pt_Maia.dyn_pt_Maia.dyn_pt_Maia
				dyn_pt_Maio.dyn_pt_Maio.dyn_pt_Maio.dyn_pt_Maio
				dyn_pt_Mangueira.dyn_pt_Mangueira.dyn_pt_Mangueira.dyn_pt_Mangueira
				dyn_pt_Manuel.dyn_pt_Manuel.dyn_pt_Manuel.dyn_pt_Manuel
				dyn_pt_Maral.dyn_pt_Maral.dyn_pt_Maral.dyn_pt_Maral
				dyn_pt_Maranhao.dyn_pt_Maranhao.dyn_pt_Maranhao.dyn_pt_Maranhao
				dyn_pt_Mariano.dyn_pt_Mariano.dyn_pt_Mariano.dyn_pt_Mariano
				dyn_pt_Marinho.dyn_pt_Marinho.dyn_pt_Marinho.dyn_pt_Marinho
				dyn_pt_Martinez.dyn_pt_Martinez.dyn_pt_Martinez.dyn_pt_Martinez
				dyn_pt_Martinho.dyn_pt_Martinho.dyn_pt_Martinho.dyn_pt_Martinho
				dyn_pt_Mascarenhas.dyn_pt_Mascarenhas.dyn_pt_Mascarenhas.dyn_pt_Mascarenhas
				dyn_pt_Mata.dyn_pt_Mata.dyn_pt_Mata.dyn_pt_Mata
				dyn_pt_Mateus.dyn_pt_Mateus.dyn_pt_Mateus.dyn_pt_Mateus
				dyn_pt_Matias.dyn_pt_Matias.dyn_pt_Matias.dyn_pt_Matias
				dyn_pt_Matos.dyn_pt_Matos.dyn_pt_Matos.dyn_pt_Matos
				dyn_pt_Mattos.dyn_pt_Mattos.dyn_pt_Mattos.dyn_pt_Mattos
				dyn_pt_Medeiros.dyn_pt_Medeiros.dyn_pt_Medeiros.dyn_pt_Medeiros
				dyn_pt_Meio.dyn_pt_Meio.dyn_pt_Meio.dyn_pt_Meio
				dyn_pt_Meireles.dyn_pt_Meireles.dyn_pt_Meireles.dyn_pt_Meireles
				dyn_pt_Meirelles.dyn_pt_Meirelles.dyn_pt_Meirelles.dyn_pt_Meirelles
				dyn_pt_Mello.dyn_pt_Mello.dyn_pt_Mello.dyn_pt_Mello
				dyn_pt_Melo.dyn_pt_Melo.dyn_pt_Melo.dyn_pt_Melo
				dyn_pt_Mendes.dyn_pt_Mendes.dyn_pt_Mendes.dyn_pt_Mendes
				dyn_pt_Mendonca.dyn_pt_Mendonca.dyn_pt_Mendonca.dyn_pt_Mendonca
				dyn_pt_Menezes.dyn_pt_Menezes.dyn_pt_Menezes.dyn_pt_Menezes
				dyn_pt_Mesquita.dyn_pt_Mesquita.dyn_pt_Mesquita.dyn_pt_Mesquita
				dyn_pt_Miguel.dyn_pt_Miguel.dyn_pt_Miguel.dyn_pt_Miguel
				dyn_pt_Miranda.dyn_pt_Miranda.dyn_pt_Miranda.dyn_pt_Miranda
				dyn_pt_Modesto.dyn_pt_Modesto.dyn_pt_Modesto.dyn_pt_Modesto
				dyn_pt_Moniz.dyn_pt_Moniz.dyn_pt_Moniz.dyn_pt_Moniz
				dyn_pt_Montalvo.dyn_pt_Montalvo.dyn_pt_Montalvo.dyn_pt_Montalvo
				dyn_pt_Monte.dyn_pt_Monte.dyn_pt_Monte.dyn_pt_Monte
				dyn_pt_Monteiro.dyn_pt_Monteiro.dyn_pt_Monteiro.dyn_pt_Monteiro
				dyn_pt_Moraes.dyn_pt_Moraes.dyn_pt_Moraes.dyn_pt_Moraes
				dyn_pt_Morais.dyn_pt_Morais.dyn_pt_Morais.dyn_pt_Morais
				dyn_pt_Morango.dyn_pt_Morango.dyn_pt_Morango.dyn_pt_Morango
				dyn_pt_Moreira.dyn_pt_Moreira.dyn_pt_Moreira.dyn_pt_Moreira
				dyn_pt_Morgado.dyn_pt_Morgado.dyn_pt_Morgado.dyn_pt_Morgado
				dyn_pt_Mota.dyn_pt_Mota.dyn_pt_Mota.dyn_pt_Mota
				dyn_pt_Motta.dyn_pt_Motta.dyn_pt_Motta.dyn_pt_Motta
				dyn_pt_Moura.dyn_pt_Moura.dyn_pt_Moura.dyn_pt_Moura
				dyn_pt_Mouzinho.dyn_pt_Mouzinho.dyn_pt_Mouzinho.dyn_pt_Mouzinho
				dyn_pt_Muniz.dyn_pt_Muniz.dyn_pt_Muniz.dyn_pt_Muniz
				dyn_pt_Munos.dyn_pt_Munos.dyn_pt_Munos.dyn_pt_Munos
				dyn_pt_Napoles.dyn_pt_Napoles.dyn_pt_Napoles.dyn_pt_Napoles
				dyn_pt_Nascimento.dyn_pt_Nascimento.dyn_pt_Nascimento.dyn_pt_Nascimento
				dyn_pt_Nazareth.dyn_pt_Nazareth.dyn_pt_Nazareth.dyn_pt_Nazareth
				dyn_pt_Negrao.dyn_pt_Negrao.dyn_pt_Negrao.dyn_pt_Negrao
				dyn_pt_Neto.dyn_pt_Neto.dyn_pt_Neto.dyn_pt_Neto
				dyn_pt_Netto.dyn_pt_Netto.dyn_pt_Netto.dyn_pt_Netto
				dyn_pt_Neves.dyn_pt_Neves.dyn_pt_Neves.dyn_pt_Neves
				dyn_pt_Nobre.dyn_pt_Nobre.dyn_pt_Nobre.dyn_pt_Nobre
				dyn_pt_Nobrega.dyn_pt_Nobrega.dyn_pt_Nobrega.dyn_pt_Nobrega
				dyn_pt_Nogueira.dyn_pt_Nogueira.dyn_pt_Nogueira.dyn_pt_Nogueira
				dyn_pt_Nora.dyn_pt_Nora.dyn_pt_Nora.dyn_pt_Nora
				dyn_pt_Noronha.dyn_pt_Noronha.dyn_pt_Noronha.dyn_pt_Noronha
				dyn_pt_Nunes.dyn_pt_Nunes.dyn_pt_Nunes.dyn_pt_Nunes
				dyn_pt_Oceano.dyn_pt_Oceano.dyn_pt_Oceano.dyn_pt_Oceano
				dyn_pt_Olivera.dyn_pt_Olivera.dyn_pt_Olivera.dyn_pt_Olivera
				dyn_pt_Ortis.dyn_pt_Ortis.dyn_pt_Ortis.dyn_pt_Ortis
				dyn_pt_Pacheco.dyn_pt_Pacheco.dyn_pt_Pacheco.dyn_pt_Pacheco
				dyn_pt_Paes.dyn_pt_Paes.dyn_pt_Paes.dyn_pt_Paes
				dyn_pt_Pais.dyn_pt_Pais.dyn_pt_Pais.dyn_pt_Pais
				dyn_pt_Paiva.dyn_pt_Paiva.dyn_pt_Paiva.dyn_pt_Paiva
				dyn_pt_Paixao.dyn_pt_Paixao.dyn_pt_Paixao.dyn_pt_Paixao
				dyn_pt_Palma.dyn_pt_Palma.dyn_pt_Palma.dyn_pt_Palma
				dyn_pt_Paneira.dyn_pt_Paneira.dyn_pt_Paneira.dyn_pt_Paneira
				dyn_pt_Parrela.dyn_pt_Parrela.dyn_pt_Parrela.dyn_pt_Parrela
				dyn_pt_Passos.dyn_pt_Passos.dyn_pt_Passos.dyn_pt_Passos
				dyn_pt_Pastor.dyn_pt_Pastor.dyn_pt_Pastor.dyn_pt_Pastor
				dyn_pt_Patricio.dyn_pt_Patricio.dyn_pt_Patricio.dyn_pt_Patricio
				dyn_pt_Paula.dyn_pt_Paula.dyn_pt_Paula.dyn_pt_Paula
				dyn_pt_Paulette.dyn_pt_Paulette.dyn_pt_Paulette.dyn_pt_Paulette
				dyn_pt_Paulo.dyn_pt_Paulo.dyn_pt_Paulo.dyn_pt_Paulo
				dyn_pt_Paulos.dyn_pt_Paulos.dyn_pt_Paulos.dyn_pt_Paulos
				dyn_pt_Pavao.dyn_pt_Pavao.dyn_pt_Pavao.dyn_pt_Pavao
				dyn_pt_Pecanha.dyn_pt_Pecanha.dyn_pt_Pecanha.dyn_pt_Pecanha
				dyn_pt_Pedras.dyn_pt_Pedras.dyn_pt_Pedras.dyn_pt_Pedras
				dyn_pt_Pedreira.dyn_pt_Pedreira.dyn_pt_Pedreira.dyn_pt_Pedreira
				dyn_pt_Pedro.dyn_pt_Pedro.dyn_pt_Pedro.dyn_pt_Pedro
				dyn_pt_Pedrosa.dyn_pt_Pedrosa.dyn_pt_Pedrosa.dyn_pt_Pedrosa
				dyn_pt_Peixe.dyn_pt_Peixe.dyn_pt_Peixe.dyn_pt_Peixe
				dyn_pt_Peixoto.dyn_pt_Peixoto.dyn_pt_Peixoto.dyn_pt_Peixoto
				dyn_pt_Pena.dyn_pt_Pena.dyn_pt_Pena.dyn_pt_Pena
				dyn_pt_Peres.dyn_pt_Peres.dyn_pt_Peres.dyn_pt_Peres
				dyn_pt_Pereira.dyn_pt_Pereira.dyn_pt_Pereira.dyn_pt_Pereira
				dyn_pt_Pessoa.dyn_pt_Pessoa.dyn_pt_Pessoa.dyn_pt_Pessoa
				dyn_pt_Pimenta.dyn_pt_Pimenta.dyn_pt_Pimenta.dyn_pt_Pimenta
				dyn_pt_Pimentel.dyn_pt_Pimentel.dyn_pt_Pimentel.dyn_pt_Pimentel
				dyn_pt_Pinheiro.dyn_pt_Pinheiro.dyn_pt_Pinheiro.dyn_pt_Pinheiro
				dyn_pt_Pinho.dyn_pt_Pinho.dyn_pt_Pinho.dyn_pt_Pinho
				dyn_pt_Pires.dyn_pt_Pires.dyn_pt_Pires.dyn_pt_Pires
				dyn_pt_Pombal.dyn_pt_Pombal.dyn_pt_Pombal.dyn_pt_Pombal
				dyn_pt_Pombo.dyn_pt_Pombo.dyn_pt_Pombo.dyn_pt_Pombo
				dyn_pt_Pontes.dyn_pt_Pontes.dyn_pt_Pontes.dyn_pt_Pontes
				dyn_pt_Portella.dyn_pt_Portella.dyn_pt_Portella.dyn_pt_Portella
				dyn_pt_Porto.dyn_pt_Porto.dyn_pt_Porto.dyn_pt_Porto
				dyn_pt_Portugal.dyn_pt_Portugal.dyn_pt_Portugal.dyn_pt_Portugal
				dyn_pt_Prado.dyn_pt_Prado.dyn_pt_Prado.dyn_pt_Prado
				dyn_pt_Prata.dyn_pt_Prata.dyn_pt_Prata.dyn_pt_Prata
				dyn_pt_Prazeres.dyn_pt_Prazeres.dyn_pt_Prazeres.dyn_pt_Prazeres
				dyn_pt_Quadros.dyn_pt_Quadros.dyn_pt_Quadros.dyn_pt_Quadros
				dyn_pt_Quental.dyn_pt_Quental.dyn_pt_Quental.dyn_pt_Quental
				dyn_pt_Queiroz.dyn_pt_Queiroz.dyn_pt_Queiroz.dyn_pt_Queiroz
				dyn_pt_Quintella.dyn_pt_Quintella.dyn_pt_Quintella.dyn_pt_Quintella
				dyn_pt_Rafael.dyn_pt_Rafael.dyn_pt_Rafael.dyn_pt_Rafael
				dyn_pt_Ramalho.dyn_pt_Ramalho.dyn_pt_Ramalho.dyn_pt_Ramalho
				dyn_pt_Ramires.dyn_pt_Ramires.dyn_pt_Ramires.dyn_pt_Ramires
				dyn_pt_Ramos.dyn_pt_Ramos.dyn_pt_Ramos.dyn_pt_Ramos
				dyn_pt_Rangel.dyn_pt_Rangel.dyn_pt_Rangel.dyn_pt_Rangel
				dyn_pt_Raposa.dyn_pt_Raposa.dyn_pt_Raposa.dyn_pt_Raposa
				dyn_pt_Raposo.dyn_pt_Raposo.dyn_pt_Raposo.dyn_pt_Raposo
				dyn_pt_Rapoza.dyn_pt_Rapoza.dyn_pt_Rapoza.dyn_pt_Rapoza
				dyn_pt_Rebelo.dyn_pt_Rebelo.dyn_pt_Rebelo.dyn_pt_Rebelo
				dyn_pt_Recto.dyn_pt_Recto.dyn_pt_Recto.dyn_pt_Recto
				dyn_pt_Regalo.dyn_pt_Regalo.dyn_pt_Regalo.dyn_pt_Regalo
				dyn_pt_Regina.dyn_pt_Regina.dyn_pt_Regina.dyn_pt_Regina
				dyn_pt_Rego.dyn_pt_Rego.dyn_pt_Rego.dyn_pt_Rego
				dyn_pt_Reis.dyn_pt_Reis.dyn_pt_Reis.dyn_pt_Reis
				dyn_pt_Resende.dyn_pt_Resende.dyn_pt_Resende.dyn_pt_Resende
				dyn_pt_Resendes.dyn_pt_Resendes.dyn_pt_Resendes.dyn_pt_Resendes
				dyn_pt_Rezende.dyn_pt_Rezende.dyn_pt_Rezende.dyn_pt_Rezende
				dyn_pt_Rezendes.dyn_pt_Rezendes.dyn_pt_Rezendes.dyn_pt_Rezendes
				dyn_pt_Ricardo.dyn_pt_Ricardo.dyn_pt_Ricardo.dyn_pt_Ricardo
				dyn_pt_Rigo.dyn_pt_Rigo.dyn_pt_Rigo.dyn_pt_Rigo
				dyn_pt_Rigor.dyn_pt_Rigor.dyn_pt_Rigor.dyn_pt_Rigor
				dyn_pt_Rios.dyn_pt_Rios.dyn_pt_Rios.dyn_pt_Rios
				dyn_pt_Rivaldo.dyn_pt_Rivaldo.dyn_pt_Rivaldo.dyn_pt_Rivaldo
				dyn_pt_Riveros.dyn_pt_Riveros.dyn_pt_Riveros.dyn_pt_Riveros
				dyn_pt_Roberto.dyn_pt_Roberto.dyn_pt_Roberto.dyn_pt_Roberto
				dyn_pt_Rocha.dyn_pt_Rocha.dyn_pt_Rocha.dyn_pt_Rocha
				dyn_pt_Roda.dyn_pt_Roda.dyn_pt_Roda.dyn_pt_Roda
				dyn_pt_Rodriques.dyn_pt_Rodriques.dyn_pt_Rodriques.dyn_pt_Rodriques
				dyn_pt_Rogerio.dyn_pt_Rogerio.dyn_pt_Rogerio.dyn_pt_Rogerio
				dyn_pt_Roque.dyn_pt_Roque.dyn_pt_Roque.dyn_pt_Roque
				dyn_pt_Rosa.dyn_pt_Rosa.dyn_pt_Rosa.dyn_pt_Rosa
				dyn_pt_Roza.dyn_pt_Roza.dyn_pt_Roza.dyn_pt_Roza
				dyn_pt_Rui.dyn_pt_Rui.dyn_pt_Rui.dyn_pt_Rui
				dyn_pt_Sa.dyn_pt_Sa.dyn_pt_Sa.dyn_pt_Sa
				dyn_pt_Sacramento.dyn_pt_Sacramento.dyn_pt_Sacramento.dyn_pt_Sacramento
				dyn_pt_Salazar.dyn_pt_Salazar.dyn_pt_Salazar.dyn_pt_Salazar
				dyn_pt_Sales.dyn_pt_Sales.dyn_pt_Sales.dyn_pt_Sales
				dyn_pt_Salomao.dyn_pt_Salomao.dyn_pt_Salomao.dyn_pt_Salomao
				dyn_pt_Sampaio.dyn_pt_Sampaio.dyn_pt_Sampaio.dyn_pt_Sampaio
				dyn_pt_Sanches.dyn_pt_Sanches.dyn_pt_Sanches.dyn_pt_Sanches
				dyn_pt_Santana.dyn_pt_Santana.dyn_pt_Santana.dyn_pt_Santana
				dyn_pt_Saraiva.dyn_pt_Saraiva.dyn_pt_Saraiva.dyn_pt_Saraiva
				dyn_pt_Sardinha.dyn_pt_Sardinha.dyn_pt_Sardinha.dyn_pt_Sardinha
				dyn_pt_Secretario.dyn_pt_Secretario.dyn_pt_Secretario.dyn_pt_Secretario
				dyn_pt_Sena.dyn_pt_Sena.dyn_pt_Sena.dyn_pt_Sena
				dyn_pt_Sequeira.dyn_pt_Sequeira.dyn_pt_Sequeira.dyn_pt_Sequeira
				dyn_pt_Serra.dyn_pt_Serra.dyn_pt_Serra.dyn_pt_Serra
				dyn_pt_Serrano.dyn_pt_Serrano.dyn_pt_Serrano.dyn_pt_Serrano
				dyn_pt_Serrao.dyn_pt_Serrao.dyn_pt_Serrao.dyn_pt_Serrao
				dyn_pt_Silvas.dyn_pt_Silvas.dyn_pt_Silvas.dyn_pt_Silvas
				dyn_pt_Silveira.dyn_pt_Silveira.dyn_pt_Silveira.dyn_pt_Silveira
				dyn_pt_Silvia.dyn_pt_Silvia.dyn_pt_Silvia.dyn_pt_Silvia
				dyn_pt_Simao.dyn_pt_Simao.dyn_pt_Simao.dyn_pt_Simao
				dyn_pt_Simas.dyn_pt_Simas.dyn_pt_Simas.dyn_pt_Simas
				dyn_pt_Simoes.dyn_pt_Simoes.dyn_pt_Simoes.dyn_pt_Simoes
				dyn_pt_Siqueira.dyn_pt_Siqueira.dyn_pt_Siqueira.dyn_pt_Siqueira
				dyn_pt_Soares.dyn_pt_Soares.dyn_pt_Soares.dyn_pt_Soares
				dyn_pt_Sosa.dyn_pt_Sosa.dyn_pt_Sosa.dyn_pt_Sosa
				dyn_pt_Souza.dyn_pt_Souza.dyn_pt_Souza.dyn_pt_Souza
				dyn_pt_Soveral.dyn_pt_Soveral.dyn_pt_Soveral.dyn_pt_Soveral
				dyn_pt_Suares.dyn_pt_Suares.dyn_pt_Suares.dyn_pt_Suares
				dyn_pt_Sylva.dyn_pt_Sylva.dyn_pt_Sylva.dyn_pt_Sylva
				dyn_pt_Sylvia.dyn_pt_Sylvia.dyn_pt_Sylvia.dyn_pt_Sylvia
				dyn_pt_Tacheira.dyn_pt_Tacheira.dyn_pt_Tacheira.dyn_pt_Tacheira
				dyn_pt_Tavares.dyn_pt_Tavares.dyn_pt_Tavares.dyn_pt_Tavares
				dyn_pt_Tavis.dyn_pt_Tavis.dyn_pt_Tavis.dyn_pt_Tavis
				dyn_pt_Teixeira.dyn_pt_Teixeira.dyn_pt_Teixeira.dyn_pt_Teixeira
				dyn_pt_Teles.dyn_pt_Teles.dyn_pt_Teles.dyn_pt_Teles
				dyn_pt_Telles.dyn_pt_Telles.dyn_pt_Telles.dyn_pt_Telles
				dyn_pt_Terra.dyn_pt_Terra.dyn_pt_Terra.dyn_pt_Terra
				dyn_pt_Teves.dyn_pt_Teves.dyn_pt_Teves.dyn_pt_Teves
				dyn_pt_Texeira.dyn_pt_Texeira.dyn_pt_Texeira.dyn_pt_Texeira
				dyn_pt_Toledo.dyn_pt_Toledo.dyn_pt_Toledo.dyn_pt_Toledo
				dyn_pt_Tomaz.dyn_pt_Tomaz.dyn_pt_Tomaz.dyn_pt_Tomaz
				dyn_pt_Torres.dyn_pt_Torres.dyn_pt_Torres.dyn_pt_Torres
				dyn_pt_Tosta.dyn_pt_Tosta.dyn_pt_Tosta.dyn_pt_Tosta
				dyn_pt_Toste.dyn_pt_Toste.dyn_pt_Toste.dyn_pt_Toste
				dyn_pt_Trajano.dyn_pt_Trajano.dyn_pt_Trajano.dyn_pt_Trajano
				dyn_pt_Travada.dyn_pt_Travada.dyn_pt_Travada.dyn_pt_Travada
				dyn_pt_Travassos.dyn_pt_Travassos.dyn_pt_Travassos.dyn_pt_Travassos
				dyn_pt_Trigueiro.dyn_pt_Trigueiro.dyn_pt_Trigueiro.dyn_pt_Trigueiro
				dyn_pt_Trindade.dyn_pt_Trindade.dyn_pt_Trindade.dyn_pt_Trindade
				dyn_pt_Turqueto.dyn_pt_Turqueto.dyn_pt_Turqueto.dyn_pt_Turqueto
				dyn_pt_Valdes.dyn_pt_Valdes.dyn_pt_Valdes.dyn_pt_Valdes
				dyn_pt_Vale.dyn_pt_Vale.dyn_pt_Vale.dyn_pt_Vale
				dyn_pt_Valente.dyn_pt_Valente.dyn_pt_Valente.dyn_pt_Valente
				dyn_pt_Valentim.dyn_pt_Valentim.dyn_pt_Valentim.dyn_pt_Valentim
				dyn_pt_Valim.dyn_pt_Valim.dyn_pt_Valim.dyn_pt_Valim
				dyn_pt_Valine.dyn_pt_Valine.dyn_pt_Valine.dyn_pt_Valine
				dyn_pt_Vargas.dyn_pt_Vargas.dyn_pt_Vargas.dyn_pt_Vargas
				dyn_pt_Vasconcelos.dyn_pt_Vasconcelos.dyn_pt_Vasconcelos.dyn_pt_Vasconcelos
				dyn_pt_Vasques.dyn_pt_Vasques.dyn_pt_Vasques.dyn_pt_Vasques
				dyn_pt_Vaz.dyn_pt_Vaz.dyn_pt_Vaz.dyn_pt_Vaz
				dyn_pt_Veiga.dyn_pt_Veiga.dyn_pt_Veiga.dyn_pt_Veiga
				dyn_pt_Veloso.dyn_pt_Veloso.dyn_pt_Veloso.dyn_pt_Veloso
				dyn_pt_Vento.dyn_pt_Vento.dyn_pt_Vento.dyn_pt_Vento
				dyn_pt_Ventura.dyn_pt_Ventura.dyn_pt_Ventura.dyn_pt_Ventura
				dyn_pt_Verde.dyn_pt_Verde.dyn_pt_Verde.dyn_pt_Verde
				dyn_pt_Viana.dyn_pt_Viana.dyn_pt_Viana.dyn_pt_Viana
				dyn_pt_Vicente.dyn_pt_Vicente.dyn_pt_Vicente.dyn_pt_Vicente
				dyn_pt_Victor.dyn_pt_Victor.dyn_pt_Victor.dyn_pt_Victor
				dyn_pt_Vidal.dyn_pt_Vidal.dyn_pt_Vidal.dyn_pt_Vidal
				dyn_pt_Vidigal.dyn_pt_Vidigal.dyn_pt_Vidigal.dyn_pt_Vidigal
				dyn_pt_Viegas.dyn_pt_Viegas.dyn_pt_Viegas.dyn_pt_Viegas
				dyn_pt_Vieira.dyn_pt_Vieira.dyn_pt_Vieira.dyn_pt_Vieira
				dyn_pt_Vilela.dyn_pt_Vilela.dyn_pt_Vilela.dyn_pt_Vilela
				dyn_pt_Viveiros.dyn_pt_Viveiros.dyn_pt_Viveiros.dyn_pt_Viveiros
				dyn_pt_Xavier.dyn_pt_Xavier.dyn_pt_Xavier.dyn_pt_Xavier
			}

	culture = {
		portuguese = {}
		azorean = {}
		brazilian = { }
	}
	
	barbarian_names = { PORTUGUESE }
	
	graphical_culture = western_1815_gfx
	
	ethnicities = {
		10 = western
	}	
}