romanian_group = {
	color = hsv { 0.5  0.9  0.9 }

    levy_template = levy_conscripts

    primary = conscripts
    secondary = conscripts
    flank = conscripts

    primary_navy = tetrere
    secondary_navy = octere
    flank_navy = liburnian
	male_names = {
		ro_Adrian ro_Alexandru ro_Alexandru-Bogdan ro_Alin ro_Andrei ro_Anghel ro_Anton
		ro_Atanasie ro_Augustin ro_Aurel ro_Aurelian ro_Bogdan ro_Bogdan-Nicolae ro_Calin
		ro_Catalin ro_Cezar ro_Ciprian ro_Claudiu ro_Claudiu-Marius ro_Constantin ro_Cornel
		ro_Corneliu ro_Cosmin ro_Costin ro_Costinel ro_Cristian ro_Cristian-Gheorghe ro_Cristinei
		ro_Damian ro_Dan ro_Daniel ro_Dan-Ioan ro_Danut ro_Dimitrie ro_Dimitrie_Marius
		ro_Dinu ro_Dionisie ro_Dorel ro_Dorian ro_Dorin ro_Doru ro_Dracul ro_Dragos ro_Dumitru
		ro_Dusa ro_Eftimie ro_Emanuel ro_Emil ro_Emilian ro_Eugen ro_Eugenio ro_Flaviu
		ro_Florentin ro_Florian ro_Florin ro_Florinel ro_Francisc ro_Gabriel ro_Gelu ro_Gheorghe
		ro_Gratian ro_Grigore ro_Haralambie ro_Horatiu ro_Horia ro_Iacob ro_Iancu ro_Ignati
		ro_Ilie ro_Ioan ro_Ion ro_Ionel ro_Ionut ro_Ion_Vasile ro_Iosif ro_Iulian ro_Iuliu
		ro_Laurentiu ro_Liviu ro_Lucian ro_Lucian-Florin ro_Marcel ro_Marcu ro_Marian ro_Marin
		ro_Marius ro_Matei ro_Mihai ro_Mihai-Adrian ro_Mihail ro_Mircea ro_Mirel ro_Mugur
		ro_Neculai ro_Nelu ro_Nicolae ro_Nicolae-Dan ro_Nicu ro_Niculae ro_Octavian ro_Ovidiu
		ro_Paul ro_Pavel ro_Petre ro_Petru ro_Radu ro_Radu-Calin ro_Rafael ro_Rares ro_Raul
		ro_Razvan ro_Remus ro_Robert ro_Romeo ro_Romul ro_Sandu ro_Sebastian ro_Serban
		ro_Sergiu ro_Sever ro_Silvestru ro_Silviu ro_Simion ro_Sorin ro_Spiru ro_Stefan ro_Teodor
		ro_Tiberiu ro_Timotei ro_Titus ro_Toader ro_Toma ro_Traian ro_Tudor ro_Valentin
		ro_Valentin-Cristian ro_Valer ro_Valeriu ro_Vasile ro_Vasile-Ciprian ro_Vasile-Cristian
		ro_Victor ro_Viorel ro_Virgil ro_Virgiliu ro_Vlad ro_Voicu
	}

	female_names = {
		ro_Adela ro_Adina ro_Adriana ro_Adriana-Nicoleta ro_Alexandra ro_Alexandrina ro_Alice
		ro_Alina ro_Alma ro_Ana ro_Ana-Luminita ro_Anamaria ro_Anca ro_Ancuta ro_Andreea
		ro_Aneta ro_Anghelina ro_Antoaneta ro_Aurela ro_Aurica ro_Aurora ro_Bianca ro_Camelia
		ro_Cararea ro_Carmen ro_Catalina ro_Cecilia ro_Claudia ro_Codruta ro_Constanta
		ro_Corina ro_Cornelia ro_Cosmina ro_Cristina ro_Dana ro_Daniela ro_Delia ro_Delia-Silvia
		ro_Diana ro_Doina ro_Dora ro_Dorina ro_Draguta ro_Dumitra ro_Ecaterina ro_Elena
		ro_Elisabeta ro_Elvira ro_Emilia ro_Emilia ro_Eufrosina ro_Eugenia ro_Felicia
		ro_Felicia_Gabriela ro_Flavia ro_Florica ro_Florina ro_Gabriela ro_Georgeta ro_Georgiana
		ro_Georgica ro_Georgina ro_Georgina_Viorica ro_Gina ro_Iulia ro_Gratiela ro_Hortenzia
		ro_Ileana ro_Ioana ro_Ioana-Bianca ro_Ionela ro_Irina ro_Iulia ro_Iuliana ro_Izabela
		ro_Jenica ro_Larisa ro_Laura ro_Lavinia ro_Liana ro_Lidia ro_Ligia ro_Liliana ro_Livia
		ro_Loredana ro_Luminita ro_Madalina ro_Magdalena ro_Manuela ro_Marcela ro_Margareta
		ro_Maria ro_Maria_Cristina ro_Maria_Elena ro_Mariana ro_Maricica ro_Marina
		ro_Marioara ro_Mihaela ro_Mihaela_Diana ro_Mirela ro_Monica ro_Nadia ro_Natalia
		ro_Nicoleta ro_Oana ro_Octavia ro_Olimpia ro_Olivia ro_Paula ro_Pauliana ro_Petruta
		ro_Rada ro_Raluca ro_Ramona ro_Regina ro_Rodica ro_Romina ro_Roxana ro_Rucsandra
		ro_Ruxandra ro_Sabina ro_Sanda ro_Sidonia ro_Silvia ro_Simona ro_Simona-Maria
		ro_Simziana ro_Smaranda ro_Sofia ro_Sorana ro_Sorina ro_Stefana ro_Suzana ro_Teodora
		ro_Tinduta ro_Valentina ro_Valeria ro_Balica ro_Veronica ro_Victoria ro_Violeta ro_Viorela
		ro_Viorica ro_Virginia
	}
	family = {
		dyn_ro_Popa.dyn_ro_Popa.dyn_ro_Popa.dyn_ro_Popa
		dyn_ro_Popescu.dyn_ro_Popescu.dyn_ro_Popescu.dyn_ro_Popescu
		dyn_ro_Pop.dyn_ro_Pop.dyn_ro_Pop.dyn_ro_Pop
		dyn_ro_Radu.dyn_ro_Radu.dyn_ro_Radu.dyn_ro_Radu
		dyn_ro_Dumitru.dyn_ro_Dumitru.dyn_ro_Dumitru.dyn_ro_Dumitru
		dyn_ro_Stan.dyn_ro_Stan.dyn_ro_Stan.dyn_ro_Stan
		dyn_ro_Stoica.dyn_ro_Stoica.dyn_ro_Stoica.dyn_ro_Stoica
		dyn_ro_Gheorghe.dyn_ro_Gheorghe.dyn_ro_Gheorghe.dyn_ro_Gheorghe
		dyn_ro_Matei.dyn_ro_Matei.dyn_ro_Matei.dyn_ro_Matei
		dyn_ro_Ciobanu.dyn_ro_Ciobanu.dyn_ro_Ciobanu.dyn_ro_Ciobanu
		dyn_ro_Bura.dyn_ro_Bura.dyn_ro_Bura.dyn_ro_Bura
		dyn_ro_Adrian.dyn_ro_Adrian.dyn_ro_Adrian.dyn_ro_Adrian
		dyn_ro_Agafitei.dyn_ro_Agafitei.dyn_ro_Agafitei.dyn_ro_Agafitei
		dyn_ro_Albu.dyn_ro_Albu.dyn_ro_Albu.dyn_ro_Albu
		dyn_ro_Albusul.dyn_ro_Albusul.dyn_ro_Albusul.dyn_ro_Albusul
		dyn_ro_Alecsandri.dyn_ro_Alecsandri.dyn_ro_Alecsandri.dyn_ro_Alecsandri
		dyn_ro_Alexandrescu.dyn_ro_Alexandrescu.dyn_ro_Alexandrescu.dyn_ro_Alexandrescu
		dyn_ro_Alexandru.dyn_ro_Alexandru.dyn_ro_Alexandru.dyn_ro_Alexandru
		dyn_ro_Alina.dyn_ro_Alina.dyn_ro_Alina.dyn_ro_Alina
		dyn_ro_Amanare.dyn_ro_Amanare.dyn_ro_Amanare.dyn_ro_Amanare
		dyn_ro_Ana.dyn_ro_Ana.dyn_ro_Ana.dyn_ro_Ana
		dyn_ro_Andreea.dyn_ro_Andreea.dyn_ro_Andreea.dyn_ro_Andreea
		dyn_ro_Andrei.dyn_ro_Andrei.dyn_ro_Andrei.dyn_ro_Andrei
		dyn_ro_Anghel.dyn_ro_Anghel.dyn_ro_Anghel.dyn_ro_Anghel
		dyn_ro_Anton.dyn_ro_Anton.dyn_ro_Anton.dyn_ro_Anton
		dyn_ro_Antonescu.dyn_ro_Antonescu.dyn_ro_Antonescu.dyn_ro_Antonescu
		dyn_ro_Apostol.dyn_ro_Apostol.dyn_ro_Apostol.dyn_ro_Apostol
		dyn_ro_Ardelean.dyn_ro_Ardelean.dyn_ro_Ardelean.dyn_ro_Ardelean
		dyn_ro_Arsenie.dyn_ro_Arsenie.dyn_ro_Arsenie.dyn_ro_Arsenie
		dyn_ro_Avram.dyn_ro_Avram.dyn_ro_Avram.dyn_ro_Avram
		dyn_ro_Babescu.dyn_ro_Babescu.dyn_ro_Babescu.dyn_ro_Babescu
		dyn_ro_Baciu.dyn_ro_Baciu.dyn_ro_Baciu.dyn_ro_Baciu
		dyn_ro_Badea.dyn_ro_Badea.dyn_ro_Badea.dyn_ro_Badea
		dyn_ro_Bajenaru.dyn_ro_Bajenaru.dyn_ro_Bajenaru.dyn_ro_Bajenaru
		dyn_ro_Balamuti.dyn_ro_Balamuti.dyn_ro_Balamuti.dyn_ro_Balamuti
		dyn_ro_Balan.dyn_ro_Balan.dyn_ro_Balan.dyn_ro_Balan
		dyn_ro_Balcescu.dyn_ro_Balcescu.dyn_ro_Balcescu.dyn_ro_Balcescu
		dyn_ro_Banica.dyn_ro_Banica.dyn_ro_Banica.dyn_ro_Banica
		dyn_ro_Barbu.dyn_ro_Barbu.dyn_ro_Barbu.dyn_ro_Barbu
		dyn_ro_Barnut.dyn_ro_Barnut.dyn_ro_Barnut.dyn_ro_Barnut
		dyn_ro_Basu.dyn_ro_Basu.dyn_ro_Basu.dyn_ro_Basu
		dyn_ro_Baram.dyn_ro_Baram.dyn_ro_Baram.dyn_ro_Baram
		dyn_ro_Blandiana.dyn_ro_Blandiana.dyn_ro_Blandiana.dyn_ro_Blandiana
		dyn_ro_Bogdan.dyn_ro_Bogdan.dyn_ro_Bogdan.dyn_ro_Bogdan
		dyn_ro_Bogdan.dyn_ro_Bogdan.dyn_ro_Bogdan.dyn_ro_Bogdan
		dyn_ro_Bortoi.dyn_ro_Bortoi.dyn_ro_Bortoi.dyn_ro_Bortoi
		dyn_ro_Brancoveanu.dyn_ro_Brancoveanu.dyn_ro_Brancoveanu.dyn_ro_Brancoveanu
		dyn_ro_Brancusi.dyn_ro_Brancusi.dyn_ro_Brancusi.dyn_ro_Brancusi
		dyn_ro_Bratianu.dyn_ro_Bratianu.dyn_ro_Bratianu.dyn_ro_Bratianu
		dyn_ro_Bratu.dyn_ro_Bratu.dyn_ro_Bratu.dyn_ro_Bratu
		dyn_ro_Breaban.dyn_ro_Breaban.dyn_ro_Breaban.dyn_ro_Breaban
		dyn_ro_Bubuira.dyn_ro_Bubuira.dyn_ro_Bubuira.dyn_ro_Bubuira
		dyn_ro_Bucur.dyn_ro_Bucur.dyn_ro_Bucur.dyn_ro_Bucur
		dyn_ro_Bucuresti.dyn_ro_Bucuresti.dyn_ro_Bucuresti.dyn_ro_Bucuresti
		dyn_ro_Buhaescu.dyn_ro_Buhaescu.dyn_ro_Buhaescu.dyn_ro_Buhaescu
		dyn_ro_Butacu.dyn_ro_Butacu.dyn_ro_Butacu.dyn_ro_Butacu
		dyn_ro_Calin.dyn_ro_Calin.dyn_ro_Calin.dyn_ro_Calin
		dyn_ro_Cantacuzino.dyn_ro_Cantacuzino.dyn_ro_Cantacuzino.dyn_ro_Cantacuzino
		dyn_ro_Cantu.dyn_ro_Cantu.dyn_ro_Cantu.dyn_ro_Cantu
		dyn_ro_Capraru.dyn_ro_Capraru.dyn_ro_Capraru.dyn_ro_Capraru
		dyn_ro_Cardei.dyn_ro_Cardei.dyn_ro_Cardei.dyn_ro_Cardei
		dyn_ro_Catalin.dyn_ro_Catalin.dyn_ro_Catalin.dyn_ro_Catalin
		dyn_ro_Ceausescu.dyn_ro_Ceausescu.dyn_ro_Ceausescu.dyn_ro_Ceausescu
		dyn_ro_Cernea.dyn_ro_Cernea.dyn_ro_Cernea.dyn_ro_Cernea
		dyn_ro_Chiriac.dyn_ro_Chiriac.dyn_ro_Chiriac.dyn_ro_Chiriac
		dyn_ro_Chirita.dyn_ro_Chirita.dyn_ro_Chirita.dyn_ro_Chirita
		dyn_ro_Chisca.dyn_ro_Chisca.dyn_ro_Chisca.dyn_ro_Chisca
		dyn_ro_Chitul.dyn_ro_Chitul.dyn_ro_Chitul.dyn_ro_Chitul
		dyn_ro_Cristescu.dyn_ro_Cristescu.dyn_ro_Cristescu.dyn_ro_Cristescu
		dyn_ro_Ciobotaru.dyn_ro_Ciobotaru.dyn_ro_Ciobotaru.dyn_ro_Ciobotaru
		dyn_ro_Cioran.dyn_ro_Cioran.dyn_ro_Cioran.dyn_ro_Cioran
		dyn_ro_Ciorbea.dyn_ro_Ciorbea.dyn_ro_Ciorbea.dyn_ro_Ciorbea
		dyn_ro_Ceuca.dyn_ro_Ceuca.dyn_ro_Ceuca.dyn_ro_Ceuca
		dyn_ro_Ciumas.dyn_ro_Ciumas.dyn_ro_Ciumas.dyn_ro_Ciumas
		dyn_ro_Codreanu.dyn_ro_Codreanu.dyn_ro_Codreanu.dyn_ro_Codreanu
		dyn_ro_Cojocaru.dyn_ro_Cojocaru.dyn_ro_Cojocaru.dyn_ro_Cojocaru
		dyn_ro_Coman.dyn_ro_Coman.dyn_ro_Coman.dyn_ro_Coman
		dyn_ro_Comaneci.dyn_ro_Comaneci.dyn_ro_Comaneci.dyn_ro_Comaneci
		dyn_ro_Constantin.dyn_ro_Constantin.dyn_ro_Constantin.dyn_ro_Constantin
		dyn_ro_Constantinescu.dyn_ro_Constantinescu.dyn_ro_Constantinescu.dyn_ro_Constantinescu
		dyn_ro_Cornea.dyn_ro_Cornea.dyn_ro_Cornea.dyn_ro_Cornea
		dyn_ro_Cosma.dyn_ro_Cosma.dyn_ro_Cosma.dyn_ro_Cosma
		dyn_ro_Cosescu.dyn_ro_Cosescu.dyn_ro_Cosescu.dyn_ro_Cosescu
		dyn_ro_Costache.dyn_ro_Costache.dyn_ro_Costache.dyn_ro_Costache
		dyn_ro_Costea.dyn_ro_Costea.dyn_ro_Costea.dyn_ro_Costea
		dyn_ro_Costin.dyn_ro_Costin.dyn_ro_Costin.dyn_ro_Costin
		dyn_ro_Craciun.dyn_ro_Craciun.dyn_ro_Craciun.dyn_ro_Craciun
		dyn_ro_Crainic.dyn_ro_Crainic.dyn_ro_Crainic.dyn_ro_Crainic
		dyn_ro_Cretu.dyn_ro_Cretu.dyn_ro_Cretu.dyn_ro_Cretu
		dyn_ro_Crisan.dyn_ro_Crisan.dyn_ro_Crisan.dyn_ro_Crisan
		dyn_ro_Cristea.dyn_ro_Cristea.dyn_ro_Cristea.dyn_ro_Cristea
		dyn_ro_Cristescu.dyn_ro_Cristescu.dyn_ro_Cristescu.dyn_ro_Cristescu
		dyn_ro_Cristian.dyn_ro_Cristian.dyn_ro_Cristian.dyn_ro_Cristian
		dyn_ro_Cristina.dyn_ro_Cristina.dyn_ro_Cristina.dyn_ro_Cristina
		dyn_ro_Croitoru.dyn_ro_Croitoru.dyn_ro_Croitoru.dyn_ro_Croitoru
		dyn_ro_Cuza.dyn_ro_Cuza.dyn_ro_Cuza.dyn_ro_Cuza
		dyn_ro_Dacianu.dyn_ro_Dacianu.dyn_ro_Dacianu.dyn_ro_Dacianu
		dyn_ro_Damian.dyn_ro_Damian.dyn_ro_Damian.dyn_ro_Damian
		dyn_ro_Dan.dyn_ro_Dan.dyn_ro_Dan.dyn_ro_Dan
		dyn_ro_Dantescu.dyn_ro_Dantescu.dyn_ro_Dantescu.dyn_ro_Dantescu
		dyn_ro_Daniel.dyn_ro_Daniel.dyn_ro_Daniel.dyn_ro_Daniel
		dyn_ro_Daniela.dyn_ro_Daniela.dyn_ro_Daniela.dyn_ro_Daniela
		dyn_ro_Dascalu.dyn_ro_Dascalu.dyn_ro_Dascalu.dyn_ro_Dascalu
		dyn_ro_David.dyn_ro_David.dyn_ro_David.dyn_ro_David
		dyn_ro_Dej.dyn_ro_Dej.dyn_ro_Dej.dyn_ro_Dej
		dyn_ro_Diaconescu.dyn_ro_Diaconescu.dyn_ro_Diaconescu.dyn_ro_Diaconescu
		dyn_ro_Diaconu.dyn_ro_Diaconu.dyn_ro_Diaconu.dyn_ro_Diaconu
		dyn_ro_Dima.dyn_ro_Dima.dyn_ro_Dima.dyn_ro_Dima
		dyn_ro_Dinca.dyn_ro_Dinca.dyn_ro_Dinca.dyn_ro_Dinca
		dyn_ro_Dinescu.dyn_ro_Dinescu.dyn_ro_Dinescu.dyn_ro_Dinescu
		dyn_ro_Dinu.dyn_ro_Dinu.dyn_ro_Dinu.dyn_ro_Dinu
		dyn_ro_Dobos.dyn_ro_Dobos.dyn_ro_Dobos.dyn_ro_Dobos
		dyn_ro_Dobra.dyn_ro_Dobra.dyn_ro_Dobra.dyn_ro_Dobra
		dyn_ro_Dobre.dyn_ro_Dobre.dyn_ro_Dobre.dyn_ro_Dobre
		dyn_ro_Dobrogeanu.dyn_ro_Dobrogeanu.dyn_ro_Dobrogeanu.dyn_ro_Dobrogeanu
		dyn_ro_Dobos.dyn_ro_Dobos.dyn_ro_Dobos.dyn_ro_Dobos
		dyn_ro_Dragan.dyn_ro_Dragan.dyn_ro_Dragan.dyn_ro_Dragan
		dyn_ro_Dragaica.dyn_ro_Dragaica.dyn_ro_Dragaica.dyn_ro_Dragaica
		dyn_ro_Dragomir.dyn_ro_Dragomir.dyn_ro_Dragomir.dyn_ro_Dragomir
		dyn_ro_Druta.dyn_ro_Druta.dyn_ro_Druta.dyn_ro_Druta
		dyn_ro_Dumitrache.dyn_ro_Dumitrache.dyn_ro_Dumitrache.dyn_ro_Dumitrache
		dyn_ro_Dumitrascu.dyn_ro_Dumitrascu.dyn_ro_Dumitrascu.dyn_ro_Dumitrascu
		dyn_ro_Dumitrescu.dyn_ro_Dumitrescu.dyn_ro_Dumitrescu.dyn_ro_Dumitrescu
		dyn_ro_Dumitru.dyn_ro_Dumitru.dyn_ro_Dumitru.dyn_ro_Dumitru
		dyn_ro_Eminescu.dyn_ro_Eminescu.dyn_ro_Eminescu.dyn_ro_Eminescu
		dyn_ro_Enache.dyn_ro_Enache.dyn_ro_Enache.dyn_ro_Enache
		dyn_ro_Ene.dyn_ro_Ene.dyn_ro_Ene.dyn_ro_Ene
		dyn_ro_Enescu.dyn_ro_Enescu.dyn_ro_Enescu.dyn_ro_Enescu
		dyn_ro_Enescu.dyn_ro_Enescu.dyn_ro_Enescu.dyn_ro_Enescu
		dyn_ro_Filip.dyn_ro_Filip.dyn_ro_Filip.dyn_ro_Filip
		dyn_ro_Filipescu.dyn_ro_Filipescu.dyn_ro_Filipescu.dyn_ro_Filipescu
		dyn_ro_Florea.dyn_ro_Florea.dyn_ro_Florea.dyn_ro_Florea
		dyn_ro_Florescu.dyn_ro_Florescu.dyn_ro_Florescu.dyn_ro_Florescu
		dyn_ro_Florin.dyn_ro_Florin.dyn_ro_Florin.dyn_ro_Florin
		dyn_ro_Gabor.dyn_ro_Gabor.dyn_ro_Gabor.dyn_ro_Gabor
		dyn_ro_Gabriel.dyn_ro_Gabriel.dyn_ro_Gabriel.dyn_ro_Gabriel
		dyn_ro_Gabriela.dyn_ro_Gabriela.dyn_ro_Gabriela.dyn_ro_Gabriela
		dyn_ro_Galca.dyn_ro_Galca.dyn_ro_Galca.dyn_ro_Galca
		dyn_ro_Gavrila.dyn_ro_Gavrila.dyn_ro_Gavrila.dyn_ro_Gavrila
		dyn_ro_Georgescu.dyn_ro_Georgescu.dyn_ro_Georgescu.dyn_ro_Georgescu
		dyn_ro_Gheorghiu.dyn_ro_Gheorghiu.dyn_ro_Gheorghiu.dyn_ro_Gheorghiu
		dyn_ro_Georgian.dyn_ro_Georgian.dyn_ro_Georgian.dyn_ro_Georgian
		dyn_ro_Gheorghiu.dyn_ro_Gheorghiu.dyn_ro_Gheorghiu.dyn_ro_Gheorghiu
		dyn_ro_Ghita.dyn_ro_Ghita.dyn_ro_Ghita.dyn_ro_Ghita
		dyn_ro_Gica.dyn_ro_Gica.dyn_ro_Gica.dyn_ro_Gica
		dyn_ro_Gogoasa.dyn_ro_Gogoasa.dyn_ro_Gogoasa.dyn_ro_Gogoasa
		dyn_ro_Gore.dyn_ro_Gore.dyn_ro_Gore.dyn_ro_Gore
		dyn_ro_Grasu.dyn_ro_Grasu.dyn_ro_Grasu.dyn_ro_Grasu
		dyn_ro_Grecu.dyn_ro_Grecu.dyn_ro_Grecu.dyn_ro_Grecu
		dyn_ro_Grigore.dyn_ro_Grigore.dyn_ro_Grigore.dyn_ro_Grigore
		dyn_ro_Grosu.dyn_ro_Grosu.dyn_ro_Grosu.dyn_ro_Grosu
		dyn_ro_Groza.dyn_ro_Groza.dyn_ro_Groza.dyn_ro_Groza
		dyn_ro_Hagi.dyn_ro_Hagi.dyn_ro_Hagi.dyn_ro_Hagi
		dyn_ro_Hategan.dyn_ro_Hategan.dyn_ro_Hategan.dyn_ro_Hategan
		dyn_ro_Iacob.dyn_ro_Iacob.dyn_ro_Iacob.dyn_ro_Iacob
		dyn_ro_Iancu.dyn_ro_Iancu.dyn_ro_Iancu.dyn_ro_Iancu
		dyn_ro_Banescu.dyn_ro_Banescu.dyn_ro_Banescu.dyn_ro_Banescu
		dyn_ro_Ierunca.dyn_ro_Ierunca.dyn_ro_Ierunca.dyn_ro_Ierunca
		dyn_ro_Ignat.dyn_ro_Ignat.dyn_ro_Ignat.dyn_ro_Ignat
		dyn_ro_Ilie.dyn_ro_Ilie.dyn_ro_Ilie.dyn_ro_Ilie
		dyn_ro_Iliescu.dyn_ro_Iliescu.dyn_ro_Iliescu.dyn_ro_Iliescu
		dyn_ro_Ioan.dyn_ro_Ioan.dyn_ro_Ioan.dyn_ro_Ioan
		dyn_ro_Ioana.dyn_ro_Ioana.dyn_ro_Ioana.dyn_ro_Ioana
		dyn_ro_Ion.dyn_ro_Ion.dyn_ro_Ion.dyn_ro_Ion
		dyn_ro_Ionescu.dyn_ro_Ionescu.dyn_ro_Ionescu.dyn_ro_Ionescu
		dyn_ro_Ionita.dyn_ro_Ionita.dyn_ro_Ionita.dyn_ro_Ionita
		dyn_ro_Ionut.dyn_ro_Ionut.dyn_ro_Ionut.dyn_ro_Ionut
		dyn_ro_Iordache.dyn_ro_Iordache.dyn_ro_Iordache.dyn_ro_Iordache
		dyn_ro_Iordanescu.dyn_ro_Iordanescu.dyn_ro_Iordanescu.dyn_ro_Iordanescu
		dyn_ro_Irimescu.dyn_ro_Irimescu.dyn_ro_Irimescu.dyn_ro_Irimescu
		dyn_ro_Irimia.dyn_ro_Irimia.dyn_ro_Irimia.dyn_ro_Irimia
		dyn_ro_Istrate.dyn_ro_Istrate.dyn_ro_Istrate.dyn_ro_Istrate
		dyn_ro_Istrati.dyn_ro_Istrati.dyn_ro_Istrati.dyn_ro_Istrati
		dyn_ro_Ivan.dyn_ro_Ivan.dyn_ro_Ivan.dyn_ro_Ivan
		dyn_ro_Ionescu.dyn_ro_Ionescu.dyn_ro_Ionescu.dyn_ro_Ionescu
		dyn_ro_Kazahu.dyn_ro_Kazahu.dyn_ro_Kazahu.dyn_ro_Kazahu
		dyn_ro_Cobori.dyn_ro_Cobori.dyn_ro_Cobori.dyn_ro_Cobori
		dyn_ro_Kogalniceanu.dyn_ro_Kogalniceanu.dyn_ro_Kogalniceanu.dyn_ro_Kogalniceanu
		dyn_ro_Creanga.dyn_ro_Creanga.dyn_ro_Creanga.dyn_ro_Creanga
		dyn_ro_Lacatus.dyn_ro_Lacatus.dyn_ro_Lacatus.dyn_ro_Lacatus
		dyn_ro_Lacusta.dyn_ro_Lacusta.dyn_ro_Lacusta.dyn_ro_Lacusta
		dyn_ro_Lazar.dyn_ro_Lazar.dyn_ro_Lazar.dyn_ro_Lazar
		dyn_ro_Leonte.dyn_ro_Leonte.dyn_ro_Leonte.dyn_ro_Leonte
		dyn_ro_Lixandru.dyn_ro_Lixandru.dyn_ro_Lixandru.dyn_ro_Lixandru
		dyn_ro_Lovinescu.dyn_ro_Lovinescu.dyn_ro_Lovinescu.dyn_ro_Lovinescu
		dyn_ro_Luca.dyn_ro_Luca.dyn_ro_Luca.dyn_ro_Luca
		dyn_ro_Lucescu.dyn_ro_Lucescu.dyn_ro_Lucescu.dyn_ro_Lucescu
		dyn_ro_Lungu.dyn_ro_Lungu.dyn_ro_Lungu.dyn_ro_Lungu
		dyn_ro_Lupan.dyn_ro_Lupan.dyn_ro_Lupan.dyn_ro_Lupan
		dyn_ro_Lupescu.dyn_ro_Lupescu.dyn_ro_Lupescu.dyn_ro_Lupescu
		dyn_ro_Lupu.dyn_ro_Lupu.dyn_ro_Lupu.dyn_ro_Lupu
		dyn_ro_Magaru.dyn_ro_Magaru.dyn_ro_Magaru.dyn_ro_Magaru
		dyn_ro_Maiorescu.dyn_ro_Maiorescu.dyn_ro_Maiorescu.dyn_ro_Maiorescu
		dyn_ro_Mandruleano.dyn_ro_Mandruleano.dyn_ro_Mandruleano.dyn_ro_Mandruleano
		dyn_ro_Manea.dyn_ro_Manea.dyn_ro_Manea.dyn_ro_Manea
		dyn_ro_Maniu.dyn_ro_Maniu.dyn_ro_Maniu.dyn_ro_Maniu
		dyn_ro_Manole.dyn_ro_Manole.dyn_ro_Manole.dyn_ro_Manole
		dyn_ro_Marcu.dyn_ro_Marcu.dyn_ro_Marcu.dyn_ro_Marcu
		dyn_ro_Marian.dyn_ro_Marian.dyn_ro_Marian.dyn_ro_Marian
		dyn_ro_Marin.dyn_ro_Marin.dyn_ro_Marin.dyn_ro_Marin
		dyn_ro_Marinescu.dyn_ro_Marinescu.dyn_ro_Marinescu.dyn_ro_Marinescu
		dyn_ro_Marius.dyn_ro_Marius.dyn_ro_Marius.dyn_ro_Marius
		dyn_ro_Martin.dyn_ro_Martin.dyn_ro_Martin.dyn_ro_Martin
		dyn_ro_Matescu.dyn_ro_Matescu.dyn_ro_Matescu.dyn_ro_Matescu
		dyn_ro_Mazilu.dyn_ro_Mazilu.dyn_ro_Mazilu.dyn_ro_Mazilu
		dyn_ro_Melite.dyn_ro_Melite.dyn_ro_Melite.dyn_ro_Melite
		dyn_ro_Micu.dyn_ro_Micu.dyn_ro_Micu.dyn_ro_Micu
		dyn_ro_Mihaela.dyn_ro_Mihaela.dyn_ro_Mihaela.dyn_ro_Mihaela
		dyn_ro_Mihai.dyn_ro_Mihai.dyn_ro_Mihai.dyn_ro_Mihai
		dyn_ro_Mihailescu.dyn_ro_Mihailescu.dyn_ro_Mihailescu.dyn_ro_Mihailescu
		dyn_ro_Mihaila.dyn_ro_Mihaila.dyn_ro_Mihaila.dyn_ro_Mihaila
		dyn_ro_Mihalache.dyn_ro_Mihalache.dyn_ro_Mihalache.dyn_ro_Mihalache
		dyn_ro_Mihnea.dyn_ro_Mihnea.dyn_ro_Mihnea.dyn_ro_Mihnea
		dyn_ro_Mircea.dyn_ro_Mircea.dyn_ro_Mircea.dyn_ro_Mircea
		dyn_ro_Mariuta.dyn_ro_Mariuta.dyn_ro_Mariuta.dyn_ro_Mariuta
		dyn_ro_Miron.dyn_ro_Miron.dyn_ro_Miron.dyn_ro_Miron
		dyn_ro_Mirenescu.dyn_ro_Mirenescu.dyn_ro_Mirenescu.dyn_ro_Mirenescu
		dyn_ro_Mocanu.dyn_ro_Mocanu.dyn_ro_Mocanu.dyn_ro_Mocanu
		dyn_ro_Moise.dyn_ro_Moise.dyn_ro_Moise.dyn_ro_Moise
		dyn_ro_Moldovan.dyn_ro_Moldovan.dyn_ro_Moldovan.dyn_ro_Moldovan
		dyn_ro_Moldoveanu.dyn_ro_Moldoveanu.dyn_ro_Moldoveanu.dyn_ro_Moldoveanu
		dyn_ro_Morarescu.dyn_ro_Morarescu.dyn_ro_Morarescu.dyn_ro_Morarescu
		dyn_ro_Morariu.dyn_ro_Morariu.dyn_ro_Morariu.dyn_ro_Morariu
		dyn_ro_Moraru.dyn_ro_Moraru.dyn_ro_Moraru.dyn_ro_Moraru
		dyn_ro_Muntean.dyn_ro_Muntean.dyn_ro_Muntean.dyn_ro_Muntean
		dyn_ro_Munteanu.dyn_ro_Munteanu.dyn_ro_Munteanu.dyn_ro_Munteanu
		dyn_ro_Munteanu.dyn_ro_Munteanu.dyn_ro_Munteanu.dyn_ro_Munteanu
		dyn_ro_Muresan.dyn_ro_Muresan.dyn_ro_Muresan.dyn_ro_Muresan
		dyn_ro_Murguletu.dyn_ro_Murguletu.dyn_ro_Murguletu.dyn_ro_Murguletu
		dyn_ro_Musat.dyn_ro_Musat.dyn_ro_Musat.dyn_ro_Musat
		dyn_ro_Nastase.dyn_ro_Nastase.dyn_ro_Nastase.dyn_ro_Nastase
		dyn_ro_Neacsu.dyn_ro_Neacsu.dyn_ro_Neacsu.dyn_ro_Neacsu
		dyn_ro_Neagoe.dyn_ro_Neagoe.dyn_ro_Neagoe.dyn_ro_Neagoe
		dyn_ro_Neagu.dyn_ro_Neagu.dyn_ro_Neagu.dyn_ro_Neagu
		dyn_ro_Nechita.dyn_ro_Nechita.dyn_ro_Nechita.dyn_ro_Nechita
		dyn_ro_Neculai.dyn_ro_Neculai.dyn_ro_Neculai.dyn_ro_Neculai
		dyn_ro_Nedelcu.dyn_ro_Nedelcu.dyn_ro_Nedelcu.dyn_ro_Nedelcu
		dyn_ro_Negulescu.dyn_ro_Negulescu.dyn_ro_Negulescu.dyn_ro_Negulescu
		dyn_ro_Negura.dyn_ro_Negura.dyn_ro_Negura.dyn_ro_Negura
		dyn_ro_Nicolae.dyn_ro_Nicolae.dyn_ro_Nicolae.dyn_ro_Nicolae
		dyn_ro_Nicolescu.dyn_ro_Nicolescu.dyn_ro_Nicolescu.dyn_ro_Nicolescu
		dyn_ro_Niculae.dyn_ro_Niculae.dyn_ro_Niculae.dyn_ro_Niculae
		dyn_ro_Niculescu.dyn_ro_Niculescu.dyn_ro_Niculescu.dyn_ro_Niculescu
		dyn_ro_Nistor.dyn_ro_Nistor.dyn_ro_Nistor.dyn_ro_Nistor
		dyn_ro_Nita.dyn_ro_Nita.dyn_ro_Nita.dyn_ro_Nita
		dyn_ro_Nitu.dyn_ro_Nitu.dyn_ro_Nitu.dyn_ro_Nitu
		dyn_ro_Nutu.dyn_ro_Nutu.dyn_ro_Nutu.dyn_ro_Nutu
		dyn_ro_Oancea.dyn_ro_Oancea.dyn_ro_Oancea.dyn_ro_Oancea
		dyn_ro_Olaru.dyn_ro_Olaru.dyn_ro_Olaru.dyn_ro_Olaru
		dyn_ro_Olteanu.dyn_ro_Olteanu.dyn_ro_Olteanu.dyn_ro_Olteanu
		dyn_ro_Oprea.dyn_ro_Oprea.dyn_ro_Oprea.dyn_ro_Oprea
		dyn_ro_Oros.dyn_ro_Oros.dyn_ro_Oros.dyn_ro_Oros
		dyn_ro_Ovidiu.dyn_ro_Ovidiu.dyn_ro_Ovidiu.dyn_ro_Ovidiu
		dyn_ro_Pana.dyn_ro_Pana.dyn_ro_Pana.dyn_ro_Pana
		dyn_ro_Panait.dyn_ro_Panait.dyn_ro_Panait.dyn_ro_Panait
		dyn_ro_Pancratiu.dyn_ro_Pancratiu.dyn_ro_Pancratiu.dyn_ro_Pancratiu
		dyn_ro_Parasca.dyn_ro_Parasca.dyn_ro_Parasca.dyn_ro_Parasca
		dyn_ro_Paraschiv.dyn_ro_Paraschiv.dyn_ro_Paraschiv.dyn_ro_Paraschiv
		dyn_ro_Pascu.dyn_ro_Pascu.dyn_ro_Pascu.dyn_ro_Pascu
		dyn_ro_Patrascu.dyn_ro_Patrascu.dyn_ro_Patrascu.dyn_ro_Patrascu
		dyn_ro_Petrescu.dyn_ro_Petrescu.dyn_ro_Petrescu.dyn_ro_Petrescu
		dyn_ro_Paun.dyn_ro_Paun.dyn_ro_Paun.dyn_ro_Paun
		dyn_ro_Pavel.dyn_ro_Pavel.dyn_ro_Pavel.dyn_ro_Pavel
		dyn_ro_Palinco.dyn_ro_Palinco.dyn_ro_Palinco.dyn_ro_Palinco
		dyn_ro_Pescariu.dyn_ro_Pescariu.dyn_ro_Pescariu.dyn_ro_Pescariu
		dyn_ro_Petre.dyn_ro_Petre.dyn_ro_Petre.dyn_ro_Petre
		dyn_ro_Petrescu.dyn_ro_Petrescu.dyn_ro_Petrescu.dyn_ro_Petrescu
		dyn_ro_Petris.dyn_ro_Petris.dyn_ro_Petris.dyn_ro_Petris
		dyn_ro_Pirvut.dyn_ro_Pirvut.dyn_ro_Pirvut.dyn_ro_Pirvut
		dyn_ro_Plescan.dyn_ro_Plescan.dyn_ro_Plescan.dyn_ro_Plescan
		dyn_ro_Popi.dyn_ro_Popi.dyn_ro_Popi.dyn_ro_Popi
		dyn_ro_Popovici.dyn_ro_Popovici.dyn_ro_Popovici.dyn_ro_Popovici
		dyn_ro_Preda.dyn_ro_Preda.dyn_ro_Preda.dyn_ro_Preda
		dyn_ro_Radulescu.dyn_ro_Radulescu.dyn_ro_Radulescu.dyn_ro_Radulescu
		dyn_ro_Roman.dyn_ro_Roman.dyn_ro_Roman.dyn_ro_Roman
		dyn_ro_Rosca.dyn_ro_Rosca.dyn_ro_Rosca.dyn_ro_Rosca
		dyn_ro_Rosu.dyn_ro_Rosu.dyn_ro_Rosu.dyn_ro_Rosu
		dyn_ro_Rotaru.dyn_ro_Rotaru.dyn_ro_Rotaru.dyn_ro_Rotaru
		dyn_ro_Rus.dyn_ro_Rus.dyn_ro_Rus.dyn_ro_Rus
		dyn_ro_Rusu.dyn_ro_Rusu.dyn_ro_Rusu.dyn_ro_Rusu
		dyn_ro_Sabiau.dyn_ro_Sabiau.dyn_ro_Sabiau.dyn_ro_Sabiau
		dyn_ro_Sagna.dyn_ro_Sagna.dyn_ro_Sagna.dyn_ro_Sagna
		dyn_ro_Sandu.dyn_ro_Sandu.dyn_ro_Sandu.dyn_ro_Sandu
		dyn_ro_Sandulescu.dyn_ro_Sandulescu.dyn_ro_Sandulescu.dyn_ro_Sandulescu
		dyn_ro_Sava.dyn_ro_Sava.dyn_ro_Sava.dyn_ro_Sava
		dyn_ro_Savu.dyn_ro_Savu.dyn_ro_Savu.dyn_ro_Savu
		dyn_ro_Silezianu.dyn_ro_Silezianu.dyn_ro_Silezianu.dyn_ro_Silezianu
		dyn_ro_Serban.dyn_ro_Serban.dyn_ro_Serban.dyn_ro_Serban
		dyn_ro_Serbanescu.dyn_ro_Serbanescu.dyn_ro_Serbanescu.dyn_ro_Serbanescu
		dyn_ro_Sarguiesc.dyn_ro_Sarguiesc.dyn_ro_Sarguiesc.dyn_ro_Sarguiesc
		dyn_ro_Salivasi.dyn_ro_Salivasi.dyn_ro_Salivasi.dyn_ro_Salivasi
		dyn_ro_Simion.dyn_ro_Simion.dyn_ro_Simion.dyn_ro_Simion
		dyn_ro_Serbu.dyn_ro_Serbu.dyn_ro_Serbu.dyn_ro_Serbu
		dyn_ro_Soare.dyn_ro_Soare.dyn_ro_Soare.dyn_ro_Soare
		dyn_ro_Solomonici.dyn_ro_Solomonici.dyn_ro_Solomonici.dyn_ro_Solomonici
		dyn_ro_Sparlea.dyn_ro_Sparlea.dyn_ro_Sparlea.dyn_ro_Sparlea
		dyn_ro_Stanciu.dyn_ro_Stanciu.dyn_ro_Stanciu.dyn_ro_Stanciu
		dyn_ro_Stancu.dyn_ro_Stancu.dyn_ro_Stancu.dyn_ro_Stancu
		dyn_ro_Stanescu.dyn_ro_Stanescu.dyn_ro_Stanescu.dyn_ro_Stanescu
		dyn_ro_Stefan.dyn_ro_Stefan.dyn_ro_Stefan.dyn_ro_Stefan
		dyn_ro_Stefanescu.dyn_ro_Stefanescu.dyn_ro_Stefanescu.dyn_ro_Stefanescu
		dyn_ro_Stefanoiu.dyn_ro_Stefanoiu.dyn_ro_Stefanoiu.dyn_ro_Stefanoiu
		dyn_ro_Stelei.dyn_ro_Stelei.dyn_ro_Stelei.dyn_ro_Stelei
		dyn_ro_Stinga.dyn_ro_Stinga.dyn_ro_Stinga.dyn_ro_Stinga
		dyn_ro_Stoian.dyn_ro_Stoian.dyn_ro_Stoian.dyn_ro_Stoian
		dyn_ro_Stroe.dyn_ro_Stroe.dyn_ro_Stroe.dyn_ro_Stroe
		dyn_ro_Suciu.dyn_ro_Suciu.dyn_ro_Suciu.dyn_ro_Suciu
		dyn_ro_Tanase.dyn_ro_Tanase.dyn_ro_Tanase.dyn_ro_Tanase
		dyn_ro_Tarii.dyn_ro_Tarii.dyn_ro_Tarii.dyn_ro_Tarii
		dyn_ro_Tatarescu.dyn_ro_Tatarescu.dyn_ro_Tatarescu.dyn_ro_Tatarescu
		dyn_ro_Teodorescu.dyn_ro_Teodorescu.dyn_ro_Teodorescu.dyn_ro_Teodorescu
		dyn_ro_Tepele.dyn_ro_Tepele.dyn_ro_Tepele.dyn_ro_Tepele
		dyn_ro_Tirlea.dyn_ro_Tirlea.dyn_ro_Tirlea.dyn_ro_Tirlea
		dyn_ro_Toader.dyn_ro_Toader.dyn_ro_Toader.dyn_ro_Toader
		dyn_ro_Toma.dyn_ro_Toma.dyn_ro_Toma.dyn_ro_Toma
		dyn_ro_Tudor.dyn_ro_Tudor.dyn_ro_Tudor.dyn_ro_Tudor
		dyn_ro_Tudose.dyn_ro_Tudose.dyn_ro_Tudose.dyn_ro_Tudose
		dyn_ro_Tugulan.dyn_ro_Tugulan.dyn_ro_Tugulan.dyn_ro_Tugulan
		dyn_ro_Turcu.dyn_ro_Turcu.dyn_ro_Turcu.dyn_ro_Turcu
		dyn_ro_Ungureanu.dyn_ro_Ungureanu.dyn_ro_Ungureanu.dyn_ro_Ungureanu
		dyn_ro_Ursu.dyn_ro_Ursu.dyn_ro_Ursu.dyn_ro_Ursu
		dyn_ro_Urzica.dyn_ro_Urzica.dyn_ro_Urzica.dyn_ro_Urzica
		dyn_ro_Valceanu.dyn_ro_Valceanu.dyn_ro_Valceanu.dyn_ro_Valceanu
		dyn_ro_Vasile.dyn_ro_Vasile.dyn_ro_Vasile.dyn_ro_Vasile
		dyn_ro_Vasilescu.dyn_ro_Vasilescu.dyn_ro_Vasilescu.dyn_ro_Vasilescu
		dyn_ro_Vasiliu.dyn_ro_Vasiliu.dyn_ro_Vasiliu.dyn_ro_Vasiliu
		dyn_ro_Viscan.dyn_ro_Viscan.dyn_ro_Viscan.dyn_ro_Viscan
		dyn_ro_Vlad.dyn_ro_Vlad.dyn_ro_Vlad.dyn_ro_Vlad
		dyn_ro_Vladimirescu.dyn_ro_Vladimirescu.dyn_ro_Vladimirescu.dyn_ro_Vladimirescu
		dyn_ro_Ladoiu.dyn_ro_Ladoiu.dyn_ro_Ladoiu.dyn_ro_Ladoiu
		dyn_ro_Vladut.dyn_ro_Vladut.dyn_ro_Vladut.dyn_ro_Vladut
		dyn_ro_Voicu.dyn_ro_Voicu.dyn_ro_Voicu.dyn_ro_Voicu
		dyn_ro_Voinea.dyn_ro_Voinea.dyn_ro_Voinea.dyn_ro_Voinea
		dyn_ro_Vulpesc.dyn_ro_Vulpesc.dyn_ro_Vulpesc.dyn_ro_Vulpesc
		dyn_ro_Ionescu.dyn_ro_Ionescu.dyn_ro_Ionescu.dyn_ro_Ionescu
		dyn_ro_Zaharia.dyn_ro_Zaharia.dyn_ro_Zaharia.dyn_ro_Zaharia
		dyn_ro_Zamfir.dyn_ro_Zamfir.dyn_ro_Zamfir.dyn_ro_Zamfir
		dyn_ro_Zelos.dyn_ro_Zelos.dyn_ro_Zelos.dyn_ro_Zelos
	}

	culture = {
		romanian = {}
		moldovan = {}
		aromanian = {}
	}
	
	barbarian_names = { ROMANIAN }
	
	graphical_culture = slavic_1815_gfx
	
	ethnicities = {
		10 = western
		5 = northern
	}	
}