south_celtic = {
	color = rgb { 0  255  0 }

    levy_template = levy_conscripts

    primary = conscripts
    secondary = conscripts
    flank = conscripts

    primary_navy = tetrere
    secondary_navy = octere
    flank_navy = liburnian
	male_names = {
		cy_Aled cy_Alexander cy_Alistair cy_Alun cy_Arthur cy_Arwel cy_Arwyn cy_Bleddyn
		cy_Blegywryd cy_Broderick cy_Bryn cy_Brynmor cy_Cadell cy_Caden cy_Cadwaladr
		cy_Cadwgan cy_Caradog cy_Carwyn cy_Cecil cy_Conway cy_Cynan cy_Dafydd cy_Dai
		cy_Damien cy_Derfel cy_Dylan cy_Eifion cy_Eirwyn cy_Emrys cy_Emyr cy_Euryn cy_Evan
		cy_Floyd cy_Gareth cy_Geraint cy_Gethin cy_Glyn cy_Griffin cy_Gruffudd cy_Gruffydd
		cy_Gwilym cy_Harold cy_Huw cy_Hywel cy_Ian cy_Idris cy_Iestyn cy_Ieuan cy_Ifan cy_Ioan
		cy_Iolo cy_Iori cy_Iorwerth cy_Islwyn cy_Iwan cy_Jacob cy_John cy_Jonathan cy_Lewys
		cy_Lloyd cy_Llyr cy_Madoc cy_Mael cy_Osian cy_Owain cy_Owen cy_Rhodri cy_Rhun
		cy_Rhydian cy_Rhys cy_Ryan cy_Sion cy_Taran cy_Trefor cy_Trevor cy_Tristan cy_Tudur
		cy_Wyn cy_Zayden
	}

	female_names = {
		cy_Adele cy_Alys cy_Angharad cy_Annie cy_Anwen cy_Arianrhod cy_Bethan cy_Blodwen
		cy_Branwen cy_Bronwen cy_Bryn cy_Buddug cy_Carys cy_Cecil cy_Ceridwen cy_Cerys
		cy_Cheryl cy_Chloe cy_Colleen cy_Danielle cy_Dilys cy_Donna cy_Eirwen cy_Elen cy_Eleri
		cy_Eluned cy_Emma cy_Enid cy_Ffion cy_Gaynor cy_Gemma cy_Georgia cy_Gladys
		cy_Glennis cy_Glenys cy_Glynis cy_Gwen cy_Gwenda cy_Gwendolen cy_Gwenllian
		cy_Gwladys cy_Gwyneth cy_Harriet cy_Heather cy_Helena cy_Holly cy_Jane cy_Joanna
		cy_Lowri cy_Mair cy_Manon cy_Mary cy_Maud cy_Megan cy_Melanie cy_Myfanwy
		cy_Nerys cy_Nia cy_Non cy_Olwen cy_Rachel cy_Rhian cy_Rhiannon cy_Rhonda cy_Rose 
		cy_Seren cy_Sian cy_Siana cy_Tara cy_Tegan cy_Trudy
	}
	family = {
		dyn_cy_Abse.dyn_cy_Abse.dyn_cy_Abse.dyn_cy_Abse
		dyn_cy_Allen.dyn_cy_Allen.dyn_cy_Allen.dyn_cy_Allen
		dyn_cy_Baines.dyn_cy_Baines.dyn_cy_Baines.dyn_cy_Baines
		dyn_cy_Beddoe.dyn_cy_Beddoe.dyn_cy_Beddoe.dyn_cy_Beddoe
		dyn_cy_Beddoes.dyn_cy_Beddoes.dyn_cy_Beddoes.dyn_cy_Beddoes
		dyn_cy_Bevan.dyn_cy_Bevan.dyn_cy_Bevan.dyn_cy_Bevan
		dyn_cy_Beynon.dyn_cy_Beynon.dyn_cy_Beynon.dyn_cy_Beynon
		dyn_cy_Cadwaladr.dyn_cy_Cadwaladr.dyn_cy_Cadwaladr.dyn_cy_Cadwaladr
		dyn_cy_Carew.dyn_cy_Carew.dyn_cy_Carew.dyn_cy_Carew
		dyn_cy_Castell.dyn_cy_Castell.dyn_cy_Castell.dyn_cy_Castell
		dyn_cy_Cecil.dyn_cy_Cecil.dyn_cy_Cecil.dyn_cy_Cecil
		dyn_cy_Collins.dyn_cy_Collins.dyn_cy_Collins.dyn_cy_Collins
		dyn_cy_Cox.dyn_cy_Cox.dyn_cy_Cox.dyn_cy_Cox
		dyn_cy_Crowther.dyn_cy_Crowther.dyn_cy_Crowther.dyn_cy_Crowther
		dyn_cy_Daffey.dyn_cy_Daffey.dyn_cy_Daffey.dyn_cy_Daffey
		dyn_cy_Davies.dyn_cy_Davies.dyn_cy_Davies.dyn_cy_Davies
		dyn_cy_Davies-Jones.dyn_cy_Davies-Jones.dyn_cy_Davies-Jones.dyn_cy_Davies-Jones
		dyn_cy_Davis.dyn_cy_Davis.dyn_cy_Davis.dyn_cy_Davis
		dyn_cy_Dyfodwg.dyn_cy_Dyfodwg.dyn_cy_Dyfodwg.dyn_cy_Dyfodwg
		dyn_cy_Edwards.dyn_cy_Edwards.dyn_cy_Edwards.dyn_cy_Edwards
		dyn_cy_Evans.dyn_cy_Evans.dyn_cy_Evans.dyn_cy_Evans
		dyn_cy_Every.dyn_cy_Every.dyn_cy_Every.dyn_cy_Every
		dyn_cy_Fardd.dyn_cy_Fardd.dyn_cy_Fardd.dyn_cy_Fardd
		dyn_cy_Fflur.dyn_cy_Fflur.dyn_cy_Fflur.dyn_cy_Fflur
		dyn_cy_Fluellen.dyn_cy_Fluellen.dyn_cy_Fluellen.dyn_cy_Fluellen
		dyn_cy_Foulkes.dyn_cy_Foulkes.dyn_cy_Foulkes.dyn_cy_Foulkes
		dyn_cy_Glyn.dyn_cy_Glyn.dyn_cy_Glyn.dyn_cy_Glyn
		dyn_cy_Griffith.dyn_cy_Griffith.dyn_cy_Griffith.dyn_cy_Griffith
		dyn_cy_Griffiths.dyn_cy_Griffiths.dyn_cy_Griffiths.dyn_cy_Griffiths
		dyn_cy_Gruffudd.dyn_cy_Gruffudd.dyn_cy_Gruffudd.dyn_cy_Gruffudd
		dyn_cy_Guynn.dyn_cy_Guynn.dyn_cy_Guynn.dyn_cy_Guynn
		dyn_cy_Gwilym.dyn_cy_Gwilym.dyn_cy_Gwilym.dyn_cy_Gwilym
		dyn_cy_Hanford.dyn_cy_Hanford.dyn_cy_Hanford.dyn_cy_Hanford
		dyn_cy_Hooley.dyn_cy_Hooley.dyn_cy_Hooley.dyn_cy_Hooley
		dyn_cy_Hughes.dyn_cy_Hughes.dyn_cy_Hughes.dyn_cy_Hughes
		dyn_cy_Iwan.dyn_cy_Iwan.dyn_cy_Iwan.dyn_cy_Iwan
		dyn_cy_Jenner.dyn_cy_Jenner.dyn_cy_Jenner.dyn_cy_Jenner
		dyn_cy_Jones.dyn_cy_Jones.dyn_cy_Jones.dyn_cy_Jones
		dyn_cy_Lewis.dyn_cy_Lewis.dyn_cy_Lewis.dyn_cy_Lewis
		dyn_cy_Leyshon.dyn_cy_Leyshon.dyn_cy_Leyshon.dyn_cy_Leyshon
		dyn_cy_Lloyd.dyn_cy_Lloyd.dyn_cy_Lloyd.dyn_cy_Lloyd
		dyn_cy_Llywelyn.dyn_cy_Llywelyn.dyn_cy_Llywelyn.dyn_cy_Llywelyn
		dyn_cy_Lowcock.dyn_cy_Lowcock.dyn_cy_Lowcock.dyn_cy_Lowcock
		dyn_cy_Lush.dyn_cy_Lush.dyn_cy_Lush.dyn_cy_Lush
		dyn_cy_Machen.dyn_cy_Machen.dyn_cy_Machen.dyn_cy_Machen
		dyn_cy_Medwin.dyn_cy_Medwin.dyn_cy_Medwin.dyn_cy_Medwin
		dyn_cy_Merwin.dyn_cy_Merwin.dyn_cy_Merwin.dyn_cy_Merwin
		dyn_cy_Morgan.dyn_cy_Morgan.dyn_cy_Morgan.dyn_cy_Morgan
		dyn_cy_Naegle.dyn_cy_Naegle.dyn_cy_Naegle.dyn_cy_Naegle
		dyn_cy_Nanney.dyn_cy_Nanney.dyn_cy_Nanney.dyn_cy_Nanney
		dyn_cy_Nash-Williams.dyn_cy_Nash-Williams.dyn_cy_Nash-Williams.dyn_cy_Nash-Williams
		dyn_cy_Neagle.dyn_cy_Neagle.dyn_cy_Neagle.dyn_cy_Neagle
		dyn_cy_Owen.dyn_cy_Owen.dyn_cy_Owen.dyn_cy_Owen
		dyn_cy_Owens.dyn_cy_Owens.dyn_cy_Owens.dyn_cy_Owens
		dyn_cy_Parry.dyn_cy_Parry.dyn_cy_Parry.dyn_cy_Parry
		dyn_cy_Powell.dyn_cy_Powell.dyn_cy_Powell.dyn_cy_Powell
		dyn_cy_Powys.dyn_cy_Powys.dyn_cy_Powys.dyn_cy_Powys
		dyn_cy_Price.dyn_cy_Price.dyn_cy_Price.dyn_cy_Price
		dyn_cy_Pritchard.dyn_cy_Pritchard.dyn_cy_Pritchard.dyn_cy_Pritchard
		dyn_cy_Probert.dyn_cy_Probert.dyn_cy_Probert.dyn_cy_Probert
		dyn_cy_Prosser.dyn_cy_Prosser.dyn_cy_Prosser.dyn_cy_Prosser
		dyn_cy_Prothero.dyn_cy_Prothero.dyn_cy_Prothero.dyn_cy_Prothero
		dyn_cy_Pugh.dyn_cy_Pugh.dyn_cy_Pugh.dyn_cy_Pugh
		dyn_cy_Rees-Jones.dyn_cy_Rees-Jones.dyn_cy_Rees-Jones.dyn_cy_Rees-Jones
		dyn_cy_Rheon.dyn_cy_Rheon.dyn_cy_Rheon.dyn_cy_Rheon
		dyn_cy_Rhys.dyn_cy_Rhys.dyn_cy_Rhys.dyn_cy_Rhys
		dyn_cy_Rhys-Davies.dyn_cy_Rhys-Davies.dyn_cy_Rhys-Davies.dyn_cy_Rhys-Davies
		dyn_cy_Shankland.dyn_cy_Shankland.dyn_cy_Shankland.dyn_cy_Shankland
		dyn_cy_Terfel.dyn_cy_Terfel.dyn_cy_Terfel.dyn_cy_Terfel
		dyn_cy_Thomas.dyn_cy_Thomas.dyn_cy_Thomas.dyn_cy_Thomas
		dyn_cy_Toews.dyn_cy_Toews.dyn_cy_Toews.dyn_cy_Toews
		dyn_cy_Tudor.dyn_cy_Tudor.dyn_cy_Tudor.dyn_cy_Tudor
		dyn_cy_Upjohn.dyn_cy_Upjohn.dyn_cy_Upjohn.dyn_cy_Upjohn
		dyn_cy_Vaughan.dyn_cy_Vaughan.dyn_cy_Vaughan.dyn_cy_Vaughan
		dyn_cy_Wales.dyn_cy_Wales.dyn_cy_Wales.dyn_cy_Wales
		dyn_cy_Watkins.dyn_cy_Watkins.dyn_cy_Watkins.dyn_cy_Watkins
		dyn_cy_Wiegold.dyn_cy_Wiegold.dyn_cy_Wiegold.dyn_cy_Wiegold
		dyn_cy_Williams.dyn_cy_Williams.dyn_cy_Williams.dyn_cy_Williams
		dyn_cy_Williams-Wynn.dyn_cy_Williams-Wynn.dyn_cy_Williams-Wynn.dyn_cy_Williams-Wynn
		dyn_cy_Wogan.dyn_cy_Wogan.dyn_cy_Wogan.dyn_cy_Wogan
		dyn_cy_Wyn.dyn_cy_Wyn.dyn_cy_Wyn.dyn_cy_Wyn
		dyn_cy_Wynn-Williams.dyn_cy_Wynn-Williams.dyn_cy_Wynn-Williams.dyn_cy_Wynn-Williams
		dyn_cy_Wynne.dyn_cy_Wynne.dyn_cy_Wynne.dyn_cy_Wynne
		dyn_cy_Wynne-Jones.dyn_cy_Wynne-Jones.dyn_cy_Wynne-Jones.dyn_cy_Wynne-Jones
	}

	culture = {
		welsh = {}
		cornish = {
	male_names = {
		kw_Arthek kw_Arthyen kw_Austol kw_Benesek kw_Brae kw_Branok kw_Breock kw_Bryok
		kw_Cadan kw_Cadwur kw_Carantok kw_Carlyon kw_Casek kw_Casworan kw_Casworon
		kw_Clemo kw_Clesek kw_Corentyn kw_Costentyn kw_Cubert kw_Cumow kw_Curnow
		kw_Enyon kw_Gerren kw_Goron kw_Gryffyn kw_Gwalather kw_Hedrek kw_Jennie
		kw_Jowan kw_Kenal kw_Keneder kw_Kensa kw_Kenver kw_Kitto kw_Locryn kw_Lowen
		kw_Madern kw_Margh kw_Massen kw_Meryasek kw_Minver kw_Opie kw_Pascoe
		kw_Pascow kw_Peran kw_Tehan kw_Treeve kw_Tremaine kw_Tremayne kw_Trethowan
		kw_Trevik
	}

	female_names = {
		kw_Amelia kw_Charlie kw_Evelyn kw_Evie kw_Isabella kw_Isla kw_Olivia kw_Poppy
		kw_Ruby kw_Sienna kw_Sophia kw_Beaten kw_Bennath kw_Berlewen kw_Bersaba
		kw_Beryan kw_Bronnen kw_Conwenna kw_Delen kw_Delennyk kw_Derowen kw_Derwa
		kw_Doryty kw_Ebrel kw_Elowen kw_Endelyn kw_Ewella kw_Genni kw_Glanna kw_Jeni
		kw_Jenifry kw_Jenn kw_Jenni kw_Jennie kw_Jowanet kw_Kelynen kw_Keresen
		kw_Lamorna kw_Lowdy kw_Melder kw_Melyonen kw_Merouda kw_Merrin kw_Metheven
		kw_Morgelyn kw_Morvoren kw_Morwen kw_Morwenna kw_Pasca kw_Peswera kw_Rosen
		kw_Rosenwyn kw_Sowena kw_Splanna kw_Steren kw_Talwyn kw_Tege kw_Tegen
		kw_Tiegan kw_Tregereth kw_Tremaine kw_Tremayne kw_Tressa kw_Trueth kw_Wenna
		kw_Ysella
	}
		family = {
		dyn_kw_Angove.dyn_kw_Angove.dyn_kw_Angove.dyn_kw_Angove
		dyn_kw_Angwin.dyn_kw_Angwin.dyn_kw_Angwin.dyn_kw_Angwin
		dyn_kw_Argus.dyn_kw_Argus.dyn_kw_Argus.dyn_kw_Argus
		dyn_kw_Bligh.dyn_kw_Bligh.dyn_kw_Bligh.dyn_kw_Bligh
		dyn_kw_Bolitho.dyn_kw_Bolitho.dyn_kw_Bolitho.dyn_kw_Bolitho
		dyn_kw_Bosanko.dyn_kw_Bosanko.dyn_kw_Bosanko.dyn_kw_Bosanko
		dyn_kw_Cardy.dyn_kw_Cardy.dyn_kw_Cardy.dyn_kw_Cardy
		dyn_kw_Carew.dyn_kw_Carew.dyn_kw_Carew.dyn_kw_Carew
		dyn_kw_Carlyon.dyn_kw_Carlyon.dyn_kw_Carlyon.dyn_kw_Carlyon
		dyn_kw_Carne.dyn_kw_Carne.dyn_kw_Carne.dyn_kw_Carne
		dyn_kw_Chenoweth.dyn_kw_Chenoweth.dyn_kw_Chenoweth.dyn_kw_Chenoweth
		dyn_kw_Chenowith.dyn_kw_Chenowith.dyn_kw_Chenowith.dyn_kw_Chenowith
		dyn_kw_Chynoweth.dyn_kw_Chynoweth.dyn_kw_Chynoweth.dyn_kw_Chynoweth
		dyn_kw_Couch.dyn_kw_Couch.dyn_kw_Couch.dyn_kw_Couch
		dyn_kw_Cuff.dyn_kw_Cuff.dyn_kw_Cuff.dyn_kw_Cuff
		dyn_kw_Curnow.dyn_kw_Curnow.dyn_kw_Curnow.dyn_kw_Curnow
		dyn_kw_Eudy.dyn_kw_Eudy.dyn_kw_Eudy.dyn_kw_Eudy
		dyn_kw_Geen.dyn_kw_Geen.dyn_kw_Geen.dyn_kw_Geen
		dyn_kw_Grose.dyn_kw_Grose.dyn_kw_Grose.dyn_kw_Grose
		dyn_kw_Gummo.dyn_kw_Gummo.dyn_kw_Gummo.dyn_kw_Gummo
		dyn_kw_Keast.dyn_kw_Keast.dyn_kw_Keast.dyn_kw_Keast
		dyn_kw_Kellow.dyn_kw_Kellow.dyn_kw_Kellow.dyn_kw_Kellow
		dyn_kw_Kevern.dyn_kw_Kevern.dyn_kw_Kevern.dyn_kw_Kevern
		dyn_kw_Kimbrel.dyn_kw_Kimbrel.dyn_kw_Kimbrel.dyn_kw_Kimbrel
		dyn_kw_Kimbrell.dyn_kw_Kimbrell.dyn_kw_Kimbrell.dyn_kw_Kimbrell
		dyn_kw_Kitto.dyn_kw_Kitto.dyn_kw_Kitto.dyn_kw_Kitto
		dyn_kw_Lamphier.dyn_kw_Lamphier.dyn_kw_Lamphier.dyn_kw_Lamphier
		dyn_kw_Lanyon.dyn_kw_Lanyon.dyn_kw_Lanyon.dyn_kw_Lanyon
		dyn_kw_Lower.dyn_kw_Lower.dyn_kw_Lower.dyn_kw_Lower
		dyn_kw_Moon.dyn_kw_Moon.dyn_kw_Moon.dyn_kw_Moon
		dyn_kw_Moyle.dyn_kw_Moyle.dyn_kw_Moyle.dyn_kw_Moyle
		dyn_kw_Nancarrow.dyn_kw_Nancarrow.dyn_kw_Nancarrow.dyn_kw_Nancarrow
		dyn_kw_Nankervis.dyn_kw_Nankervis.dyn_kw_Nankervis.dyn_kw_Nankervis
		dyn_kw_Opie.dyn_kw_Opie.dyn_kw_Opie.dyn_kw_Opie
		dyn_kw_Oppy.dyn_kw_Oppy.dyn_kw_Oppy.dyn_kw_Oppy
		dyn_kw_Pedrick.dyn_kw_Pedrick.dyn_kw_Pedrick.dyn_kw_Pedrick
		dyn_kw_Pengelly.dyn_kw_Pengelly.dyn_kw_Pengelly.dyn_kw_Pengelly
		dyn_kw_Penhollow.dyn_kw_Penhollow.dyn_kw_Penhollow.dyn_kw_Penhollow
		dyn_kw_Penna.dyn_kw_Penna.dyn_kw_Penna.dyn_kw_Penna
		dyn_kw_Penrose.dyn_kw_Penrose.dyn_kw_Penrose.dyn_kw_Penrose
		dyn_kw_Pethick.dyn_kw_Pethick.dyn_kw_Pethick.dyn_kw_Pethick
		dyn_kw_Polkinghorn.dyn_kw_Polkinghorn.dyn_kw_Polkinghorn.dyn_kw_Polkinghorn
		dyn_kw_Polkinghorne.dyn_kw_Polkinghorne.dyn_kw_Polkinghorne.dyn_kw_Polkinghorne
		dyn_kw_Prideaux.dyn_kw_Prideaux.dyn_kw_Prideaux.dyn_kw_Prideaux
		dyn_kw_Quick.dyn_kw_Quick.dyn_kw_Quick.dyn_kw_Quick
		dyn_kw_Retallick.dyn_kw_Retallick.dyn_kw_Retallick.dyn_kw_Retallick
		dyn_kw_Rosevear.dyn_kw_Rosevear.dyn_kw_Rosevear.dyn_kw_Rosevear
		dyn_kw_Roskelley.dyn_kw_Roskelley.dyn_kw_Roskelley.dyn_kw_Roskelley
		dyn_kw_Sholl.dyn_kw_Sholl.dyn_kw_Sholl.dyn_kw_Sholl
		dyn_kw_Skewes.dyn_kw_Skewes.dyn_kw_Skewes.dyn_kw_Skewes
		dyn_kw_Skuse.dyn_kw_Skuse.dyn_kw_Skuse.dyn_kw_Skuse
		dyn_kw_Spargo.dyn_kw_Spargo.dyn_kw_Spargo.dyn_kw_Spargo
		dyn_kw_Teague.dyn_kw_Teague.dyn_kw_Teague.dyn_kw_Teague
		dyn_kw_Trebilcock.dyn_kw_Trebilcock.dyn_kw_Trebilcock.dyn_kw_Trebilcock
		dyn_kw_Tredinnick.dyn_kw_Tredinnick.dyn_kw_Tredinnick.dyn_kw_Tredinnick
		dyn_kw_Treen.dyn_kw_Treen.dyn_kw_Treen.dyn_kw_Treen
		dyn_kw_Tregoning.dyn_kw_Tregoning.dyn_kw_Tregoning.dyn_kw_Tregoning
		dyn_kw_Trelease.dyn_kw_Trelease.dyn_kw_Trelease.dyn_kw_Trelease
		dyn_kw_Treleven.dyn_kw_Treleven.dyn_kw_Treleven.dyn_kw_Treleven
		dyn_kw_Treloar.dyn_kw_Treloar.dyn_kw_Treloar.dyn_kw_Treloar
		dyn_kw_Tremaine.dyn_kw_Tremaine.dyn_kw_Tremaine.dyn_kw_Tremaine
		dyn_kw_Tremayne.dyn_kw_Tremayne.dyn_kw_Tremayne.dyn_kw_Tremayne
		dyn_kw_Trembath.dyn_kw_Trembath.dyn_kw_Trembath.dyn_kw_Trembath
		dyn_kw_Trenary.dyn_kw_Trenary.dyn_kw_Trenary.dyn_kw_Trenary
		dyn_kw_Tretheway.dyn_kw_Tretheway.dyn_kw_Tretheway.dyn_kw_Tretheway
		dyn_kw_Trethewey.dyn_kw_Trethewey.dyn_kw_Trethewey.dyn_kw_Trethewey
		dyn_kw_Trevarthen.dyn_kw_Trevarthen.dyn_kw_Trevarthen.dyn_kw_Trevarthen
		dyn_kw_Trevena.dyn_kw_Trevena.dyn_kw_Trevena.dyn_kw_Trevena
		dyn_kw_Trevethan.dyn_kw_Trevethan.dyn_kw_Trevethan.dyn_kw_Trevethan
		dyn_kw_Trevithick.dyn_kw_Trevithick.dyn_kw_Trevithick.dyn_kw_Trevithick
		dyn_kw_Trevorrow.dyn_kw_Trevorrow.dyn_kw_Trevorrow.dyn_kw_Trevorrow
		dyn_kw_Trezise.dyn_kw_Trezise.dyn_kw_Trezise.dyn_kw_Trezise
		dyn_kw_Truscott.dyn_kw_Truscott.dyn_kw_Truscott.dyn_kw_Truscott
		dyn_kw_Verran.dyn_kw_Verran.dyn_kw_Verran.dyn_kw_Verran
		dyn_kw_Vigus.dyn_kw_Vigus.dyn_kw_Vigus.dyn_kw_Vigus
		dyn_kw_Woon.dyn_kw_Woon.dyn_kw_Woon.dyn_kw_Woon
		}
		}
		brezhoneg = {
				male_names = {
		br_Abriel br_Adrian br_Ael br_Aelig br_Alan br_Alanig br_Alar br_Alarig br_Alberz
		br_Albinig br_Aler br_Alerig br_Amand br_Andrev br_Annaeg br_Annaog br_Aodren
		br_Aodrenig br_Aoperzh br_Argan br_Armael br_Armel br_Arthur br_Artus br_Arzel
		br_Arzhael br_Arzhaelig br_Arzhel br_Arzhelig br_Arzhul br_Arzhulig br_Arzhur
		br_Arzhurig br_Arzhvael br_Arzhvaelig br_Audren br_Avel br_Avelig br_Aven br_Awen
		br_Awenig br_Bastian br_Benead br_Benedig br_Bennigan br_Benniged br_Bernez br_Bili
		br_Binidig br_Binig br_Blaez br_Bleiz br_Bleizig br_Bleizou br_Blez br_Bran br_Brandan
		br_Brendan br_Brendanig br_Breval br_Brevala br_Brevalaer br_Brevalan br_Brevaler
		br_Brevara br_Brewal br_Brewalan br_Brewen br_Briac br_Briag br_Briagenn br_Brieg
		br_Briegig br_Brieu br_Brieuc br_Brieux br_Brigal br_Brivael br_Brivel br_Briwal br_Briz
		br_Cado br_Cadog br_Cadou br_Charlez br_Charlig br_Charlou br_Conogan br_Conan
		br_Corentin br_Denez br_Deniel br_Denielig br_Denig br_Denoel br_Denoelig br_Derien
		br_Derrien br_Devi br_Devrig br_Dewi br_Dider br_Dinan br_Divi br_Dominig br_Donan
		br_Donasian br_Donasien br_Donnan br_Edern br_Edernig br_Edwin br_Efflam
		br_Efflamm br_Efflammig br_Eflamig br_Egat br_Ehoarn br_Ehouarn br_Elar br_Elarig
		br_Eler br_Elerig br_Eliaz br_Eliez br_Elorn br_Elouan br_Elouen br_Elvan br_Elven
		br_Elvin br_Erwan br_Erwanig br_Estin br_Euzen br_Evan br_Even br_Evon br_Ewan
		br_Ewann br_Ewen br_Ewenn br_Fanch br_Fanchig br_Filiz br_Flammen br_Flammenig
		br_Flammig br_Fransez br_Fransezig br_Gab br_Gabig br_Gael br_Gaelig br_Gall br_Gallig
		br_Ganael br_Germen br_Gestin br_Gildas br_Gilduen br_Gilduin br_Gildwen br_Gilles
		br_Gireg br_Goal br_Gobrian br_Gobrien br_Golven br_Goneri br_Gonery br_Gouenou
		br_Goueznou br_Goulchan br_Goulc-han br_Goulchen br_Goul-chen br_Goul-chenig
		br_Goul-chennig br_Goulven br_Goulvenaig br_Goulvenig br_Goulwen br_Goulwenig
		br_Gourvan br_Goustan br_Gouziern br_Govran br_Govrian br_Gudwal br_Guenael
		br_Guenhael br_Guenole br_Guerande br_Gueric br_Gueroc br_Gueroch br_Guinai
		br_Guireg br_Guinal br_Guirec br_Guireg br_Gulian br_Gulien br_Gunevel br_Gurloes
		br_Gurval br_Gurvan br_Gurvand br_Gurvant br_Gurwan br_Gweltaz br_Gweltazig
		br_Gwemnael br_Gwen br_Gwenal br_Gwenael br_Gwendal br_Gwenel br_Gwenaell
		br_Gwenhael br_Gwenn br_Gwennael br_Gwenneg br_Gwennin br_Gwennog br_Gwennole
		br_Gwenole br_Gwenvred br_Gwilherm br_Gwilhermig br_Gwilhermou br_Gwilhou
		br_Gwinal br_Gwion br_Harn br_Harvey br_Helaury br_Helori br_Helouri br_Heneg
		br_Herbod br_Herik br_Herle br_Hern br_Hernin br_Herve br_Herveig br_Hoel br_Hoelig
		br_Houarn br_Houarnev br_Houarnon br_Houarvev br_Houarvian br_Iestin br_Ifig
		br_Igneuc br_Ikel br_Ilan br_Ildud br_Ildut br_Iltud br_Iltudig br_Iltut br_Ioen br_Iv br_Ivi
		br_Ivo br_Ivon br_Ivonig br_Iwan br_Iwen br_Izikel br_Jacme br_Jacut br_Jagu br_Jak
		br_Jakez br_Jakezig br_Jakou br_Janick br_Jaoua br_Jaouen br_Jaoven br_Jegu br_Jekel
		br_Jestin br_Jezekael br_Jezekel br_Jezekelig br_Jikael br_Jikel br_Jildas br_Jildaz
		br_Jildazig br_Jobig br_Jodog br_Jodok br_Joran br_Jorj br_Jos br_Josse br_Josselin
		br_Josselyn br_Josset br_Jova br_Jovan br_Jud br_Judec br_Judicael br_Judikael br_Judoc
		br_Judoce br_Judog br_Judok br_Judual br_Judwal br_Juluan br_Junan br_Juzel br_Kadeg
		br_Kado br_Kadog br_Kadou br_Kadvael br_Kadvalaer br_Kaelig br_Kan br_Kann
		br_Kannig br_Kaour br_Kaourant br_Kaourantin br_Kaourig br_Kaourintin br_Karadeg
		br_Karadog br_Karan br_Karanteg br_Karenteg br_Kavan br_Kavanig br_Kenan br_Kelig
		br_Kemo br_Kenan br_Kerrian br_Kerrien br_Kieran br_Kireg br_Killian br_Kireg br_Kola
		br_Kolaig br_Kolaz br_Kolazig br_Konan br_Kongal br_Konogan br_Konstantin br_Konvael
		br_Konwal br_Korneli br_Kou br_Kouig br_Koulg br_Koulm br_Koulman br_Koulmig
		br_Kristen br_Kunwal br_Lan br_Lanig br_Laorans br_Laou br_Laouenan br_Laouig
		br_Larig br_Lenaic br_Lenaick br_Lerig br_Likael br_Loan br_Loann br_Loeiz br_Loeizig
		br_Lohan br_Lohann br_Loic br_Loick br_Loig br_Loik br_Loiz br_Loizig br_Lom br_Lomig
		br_Louan br_Louen br_Louenn br_Louennig br_Luan br_Luhan br_Luner br_Maclou
		br_Madeg br_Maden br_Madenig br_Madog br_Mae br_Maeg br_Mael br_Maelan
		br_Maeleg br_Maelig br_Mahe br_Maheu br_Maho br_Malo br_Maodan br_Maodanig
		br_Maodez br_Marzhin br_Marzin br_Masho br_Matelin br_Mateo br_Matheo br_Matilin
		br_Maudan br_Maudez br_Maulde br_Maze br_Mazen br_Mazhe br_Mazheav br_Mazheaz
		br_Mazhev br_Mazheven br_Mazho br_Mazhoig br_Mazoig br_Meen br_Mel br_Melaine
		br_Melan br_Melar br_Melard br_Melenig br_Meloar br_Meriadec br_Meriadeg
		br_Meurzh br_Meven br_Mevenig br_Mewen br_Mikaelig br_Mikelig br_Milian br_Milio
		br_Millian br_Milliau br_Million br_Min br_Minig br_Modan br_Modanig br_Modanig
		br_Moran br_Mordiern br_Morgad br_Morgan br_Morgann br_Morvan br_Morvanig
		br_Morvred br_Nan br_Nedeleg br_Neneg br_Nennok br_Neven br_Nevenig br_Neveno
		br_Nevenoe br_Nevenou br_Neventer br_Nig br_Nikolaz br_Nikolazig br_Ninian br_Noelig
		br_Nolo br_Nolwen br_Nolwenn br_Nomen br_Nonna br_Nouel br_Nouelig br_Oan
		br_Oanig br_Olwen br_Olwenn br_Padarn br_Padern br_Padernig br_Padrig br_Paol
		br_Paolig br_Paskalig br_Paskou br_Patern br_Peterne br_Pedernig br_Peio br_Per
		br_Peran br_Peranig br_Pereg br_Perezig br_Perick br_Perig br_Peyo br_Piarik br_Pierig
		br_Pierrig br_Pol br_Polig br_Preden br_Predenig br_Premel br_Prevel br_Primael
		br_Primel br_Primelig br_Privel br_Privelig br_Renan br_Reunan br_Reunanig br_Rieg
		br_Riog br_Riwal br_Riwalig br_Riwallan br_Riwan br_Riwanig br_Ronan br_Ronanig
		br_Roparz br_Roparzh br_Ruvon br_Ruvonig br_Saig br_Salaun br_Samzun br_Segal
		br_Seo br_Sev br_Sez br_Sezig br_Soa br_Soaig br_Soig br_Steon br_Steonig br_Stevan
		br_Suliac br_Suliag br_Sulian br_Suliau br_Sulien br_Sulio br_Tadeg br_Tadek br_Tangui
		br_Tanguy br_Tanig br_Tefanig br_Telo br_Tenedor br_Tenenan br_Thuria br_Thurial
		br_Thurian br_Thuriau br_Thurien br_Tilio br_Tinidor br_Titouan br_Tivio br_Tomaz
		br_Tonan br_Tremeur br_Trestanig br_Treveur br_Tristanig br_Tual br_Tualig br_Tudal
		br_Tudalig br_Tudeg br_Tudi br_Tudig br_Tudual br_Tudwal br_Tugdual br_Tugen
		br_Tujan br_Tujen br_Turien br_Turio br_Urien br_Urio br_Uriou br_Urlo br_Urloes
		br_Veig br_Venig br_Venou br_Vinog br_Visant br_Walig br_Wanig br_Waroc br_Winog
		br_Yan br_Yann br_Yael br_Yannig br_Yannou br_Yekel br_Yeltaz br_Yeltazig br_Yekel
		br_Yeltaz br_Yeltazig br_Yeun br_Yoan br_Yoann br_Youen br_Youenn br_Youn
		br_Younick br_Yun br_Yusek br_Yven br_Yves br_Yvon
				}
				female_names = {
		br_Adela br_Adenor br_Adenora br_Ael br_Aela br_Aelaig br_Alana br_Aelez br_Aelezig
		br_Aelig br_Aenaelle br_Aenor br_Afflamez br_Afflammel br_Ahe br_Ahes br_Ahez
		br_Alana br_Alanez br_Alara br_Albina br_Albinenn br_Albinnen br_Alera br_Anaig
		br_Annaig br_Annig br_Aoda br_Aodez br_Aodrena br_Aodrenell br_Aodrenez
		br_Aouregan br_Aouregen br_Aouregon br_Aouregwenn br_Aourell br_Aourellig
		br_Aourgen br_Arc-hantael br_Argane br_Argantael br_Argantel br_Armaelle br_Armel
		br_Armela br_Armeline br_Armelle br_Arzela br_Arzelig br_Arzhelenn br_Arzhelez
		br_Arzhula br_Arzhulenn br_Arzhura br_Arzhurenn br_Arzhvaelig br_Arzu br_Arzula
		br_Auregan br_Auregane br_Auregann br_Aurken br_Auruguen br_Avela br_Aven br_Awen
		br_Awena br_Azeline br_Azenor br_Azenora br_Azenorig br_Azilis br_Aziliz br_Barba
		br_Barban br_Beatriz br_Benniga br_Bennigez br_Berched br_Berc-hed br_Biganna
		br_Binenn br_Bleiza br_Bleizenn br_Bleuenn br_Bleunienn br_Bleuenn br_Bleunvenn
		br_Bleuzenn br_Bleza br_Blezou br_Brandana br_Brec-hed br_Bredig br_Brenda
		br_Brendana br_Briaca br_Briaga br_Briagell br_Briagenn br_Briagez br_Brianne br_Briega
		br_Briegen br_Briegenn br_Briny br_Brivaela br_Brivela br_Charleza br_Clair br_Clervie
		br_Dahud br_Delfina br_Deneza br_Deniela br_Denielez br_Denoela br_Ederna br_Edernez
		br_Edwina br_Efflamma br_Efflammel br_Efflammell br_Efflammez br_Eflamma
		br_Eflammez br_Eflez br_Elara br_Elen br_Elena br_Eloane br_Elvan br_Enor br_Enora
		br_Enorig br_Eodez br_Eozena br_Eozenez br_Erell br_Erwana br_Erwanez br_Euriel
		br_Euriell br_Eurielle br_Fanchenn br_Fanchon br_Fant br_Fanta br_Fantig br_Fantou
		br_Flamell br_Flamellig br_Flamen br_Flamenig br_Franseza br_Fransoez br_Franzoez
		br_Gaedig br_Gael br_Gaela br_Gaelaig br_Gaele br_Gaelig br_Gaella br_Gaid br_Gaida
		br_Gaidig br_Gallez br_Gallezig br_Gallezou br_Ganaelle br_Genovefa br_Germene
		br_Gladez br_Gladezig br_Glannon br_Goulvena br_Goulvenez br_Goulwena br_Goulwenez
		br_Guenael br_Guenaele br_Guenaelle br_Guenola br_Guenole br_Gurvana br_Gurvanez
		br_Gwanaelle br_Gwellalouen br_Gweltaza br_Gwen br_Gwenael br_Gwenaela
		br_Gwenaele br_Gwenaelle br_Gwenhael br_Gwenhaela br_Gwenina br_Gwenivar
		br_Gwenola br_Gwenn br_Gwenna br_Gwennaelle br_Gwennaig br_Gwennanig
		br_Gwennen br_Gwennenn br_Gwennez br_Haude br_Heodez br_Hervea br_Herveline
		br_Herveva br_Hervevenn br_Hoela br_Hoelenn br_Houarneva br_Houarnevenn br_Iltuda
		br_Iltuden br_Iltudez br_Ioena br_Ivona br_Ivonig br_Izold br_Izolda br_Jakeza br_Janig
		br_Jenovefa br_Jezekela br_Jidazez br_Jildaza br_Jildazez br_Joceline br_Jocelyne
		br_Josselyne br_Josefa br_Judicaelle br_Judoca br_Juna br_Kanna br_Kannaig br_Kaoura
		br_Kaourantina br_Kaourintina br_Katarin br_Katel br_Katell br_Katellig br_Katou
		br_Kavanez br_Kavanin br_Klaoda br_Klara br_Kler br_Klervi br_Klervia br_Klervie
		br_Klodina br_Korydwen br_Koulm br_Koulma br_Koulmenn br_Koulmez br_Koulmia
		br_Koulmig br_Koupaia br_Laig br_Laora br_Lara br_Lena br_Lenaig br_Lenaig br_Lennig
		br_Lera br_Levenez br_Leveneza br_Levenezig br_Lezig br_Lezou br_Lid br_Lidig br_Lisig
		br_Liz br_Liza br_Lizaig br_Lizig br_Loan br_Loane br_Loann br_Loanne br_Loeiza
		br_Loezaig br_Loicia br_Loiza br_Maden br_Madenn br_Madennig br_Madez br_Madezig
		br_Madezou br_Madin br_Madina br_Mae br_Mael br_Maela br_Maelaig br_Maelane
		br_Maelann br_Maele br_Maelenn br_Maelennig br_Maelez br_Maelezig br_Maeli
		br_Maelis br_Maelia br_Maelice br_Maelie br_Maelig br_Maeline br_Maeliss br_Maelisse
		br_Maella br_Maelle br_Maellis br_Maelly br_Maellys br_Maelwenn br_Maely br_Maelyne
		br_Maelys br_Maelyss br_Maelysse br_Maewenn br_Magod br_Mahe br_Mai
		br_Mailennig br_Mailys br_Maina br_Maiwen br_Maiwena br_Maiwenn br_Maiwenna
		br_Manna br_Mannaig br_Maodana br_Maodanez br_Maodanig br_Maodanna
		br_Maodannez br_Marc-haid br_Marcharid br_Marc-harid br_Marc-harit br_Margaid
		br_Margod br_Marianig br_Marianna br_Mariannig br_Marivon br_Marivona br_Marivonig
		br_Matilina br_Mazheva br_Mazhevenn br_Melaine br_Melena br_Melenez br_Mer
		br_Met br_Metig br_Mevena br_Mevenez br_Modana br_Modanez br_Modanig br_Mon
		br_Mona br_Morgaine br_Morgan br_Morgana br_Naig br_Nedeleg br_Nellig br_Neneg
		br_Nenog br_Nevena br_Nevenez br_Nezig br_Nina br_Ninian br_Ninnog br_Ninoga
		br_Ninogan br_Noalig br_Noela br_Noella br_Noluen br_Noluen br_Nolven br_Nolvene
		br_Nolvenn br_Nolwen br_Nolwene br_Nolwenn br_Nolwenne br_Nolwennig br_Nonn
		br_Nonna br_Norig br_Nouela br_Nougay br_Noyale br_Oana br_Oanell br_Oanellig
		br_Oanez br_Oanezig br_Olwen br_Olwenn br_Onen br_Onenn br_Onenna br_Onnen
		br_Oregane br_Oregen br_Oregon br_Padernez br_Padriga br_Padrigez br_Paola br_Paskel
		br_Paskell br_Paskella br_Pederna br_Perez br_Perezig br_Perlezenn br_Pola br_Predena
		br_Primela br_Privela br_Privelez br_Reunana br_Reunanenn br_Reunanez br_Rivanon
		br_Riwalenn br_Riwalez br_Riwana br_Riwanenn br_Riwanez br_Riwannon br_Riwanon
		br_Ronana br_Ronanenn br_Ronanez br_Rozen br_Rozena br_Rozenn br_Rozenne
		br_Rozennig br_Ruvona br_Ruvonenn br_Ruvonez br_Servane br_Servanne br_Seve
		br_Seza br_Sezaig br_Soazic br_Soazick br_Soazig br_Soisick br_Soizic br_Soizick
		br_Soizig br_Solena br_Steredenn br_Steredennig br_Sterenn br_Sterennig br_Tela
		br_Tella br_Tinaig br_Tiphaine br_Trefin br_Trephina br_Trephine br_Trestana br_Trifina
		br_Trifine br_Tristana br_Tuala br_Tualenn br_Tualez br_Tudala br_Tudalen br_Tudalenn
		br_Tudalez br_Uriel br_Uriell br_Vana br_Vanou br_Venaig br_Veronika br_Vona
		br_Vougay br_Yael br_Yaelle br_Yana br_Yanna br_Yannez br_Yannicka br_Yeuna
		br_Yoanie br_Yoannie br_Youna br_Yuala br_Yuna br_Zaig
				}
				family = {
				dyn_br_Abgrall.dyn_br_Abgrall.dyn_br_Abgrall.dyn_br_Abgrall
				dyn_br_Berthou.dyn_br_Berthou.dyn_br_Berthou.dyn_br_Berthou
				dyn_br_Bollore.dyn_br_Bollore.dyn_br_Bollore.dyn_br_Bollore
				dyn_br_Bosser.dyn_br_Bosser.dyn_br_Bosser.dyn_br_Bosser
				dyn_br_Calvez.dyn_br_Calvez.dyn_br_Calvez.dyn_br_Calvez
				dyn_br_Caradec.dyn_br_Caradec.dyn_br_Caradec.dyn_br_Caradec
				dyn_br_Cariou.dyn_br_Cariou.dyn_br_Cariou.dyn_br_Cariou
				dyn_br_Cloarec.dyn_br_Cloarec.dyn_br_Cloarec.dyn_br_Cloarec
				dyn_br_Corre.dyn_br_Corre.dyn_br_Corre.dyn_br_Corre
				dyn_br_Eveno.dyn_br_Eveno.dyn_br_Eveno.dyn_br_Eveno
				dyn_br_Floch.dyn_br_Floch.dyn_br_Floch.dyn_br_Floch
				dyn_br_Gallou.dyn_br_Gallou.dyn_br_Gallou.dyn_br_Gallou
				dyn_br_Goasdoue.dyn_br_Goasdoue.dyn_br_Goasdoue.dyn_br_Goasdoue
				dyn_br_Goff.dyn_br_Goff.dyn_br_Goff.dyn_br_Goff
				dyn_br_Gourcuff.dyn_br_Gourcuff.dyn_br_Gourcuff.dyn_br_Gourcuff
				dyn_br_Guegan.dyn_br_Guegan.dyn_br_Guegan.dyn_br_Guegan
				dyn_br_Guellec.dyn_br_Guellec.dyn_br_Guellec.dyn_br_Guellec
				dyn_br_Guillou.dyn_br_Guillou.dyn_br_Guillou.dyn_br_Guillou
				dyn_br_Guivarc-h.dyn_br_Guivarc-h.dyn_br_Guivarc-h.dyn_br_Guivarc-h
				dyn_br_Hamon.dyn_br_Hamon.dyn_br_Hamon.dyn_br_Hamon
				dyn_br_Herve.dyn_br_Herve.dyn_br_Herve.dyn_br_Herve
				dyn_br_Heussaff.dyn_br_Heussaff.dyn_br_Heussaff.dyn_br_Heussaff
				dyn_br_Jegou.dyn_br_Jegou.dyn_br_Jegou.dyn_br_Jegou
				dyn_br_Jezequel.dyn_br_Jezequel.dyn_br_Jezequel.dyn_br_Jezequel
				dyn_br_Kergoat.dyn_br_Kergoat.dyn_br_Kergoat.dyn_br_Kergoat
				dyn_br_Lagadec.dyn_br_Lagadec.dyn_br_Lagadec.dyn_br_Lagadec
				dyn_br_Le_Besco.dyn_br_Le_Besco.dyn_br_Le_Besco.dyn_br_Le_Besco
				dyn_br_Le_Bihan.dyn_br_Le_Bihan.dyn_br_Le_Bihan.dyn_br_Le_Bihan
				dyn_br_Le_Bris.dyn_br_Le_Bris.dyn_br_Le_Bris.dyn_br_Le_Bris
				dyn_br_Le_Deunff.dyn_br_Le_Deunff.dyn_br_Le_Deunff.dyn_br_Le_Deunff
				dyn_br_Le_Duff.dyn_br_Le_Duff.dyn_br_Le_Duff.dyn_br_Le_Duff
				dyn_br_Le_Fur.dyn_br_Le_Fur.dyn_br_Le_Fur.dyn_br_Le_Fur
				dyn_br_Le_Gall.dyn_br_Le_Gall.dyn_br_Le_Gall.dyn_br_Le_Gall
				dyn_br_Le_Garrec.dyn_br_Le_Garrec.dyn_br_Le_Garrec.dyn_br_Le_Garrec
				dyn_br_Le_Goarnig.dyn_br_Le_Goarnig.dyn_br_Le_Goarnig.dyn_br_Le_Goarnig
				dyn_br_Le_Guen.dyn_br_Le_Guen.dyn_br_Le_Guen.dyn_br_Le_Guen
				dyn_br_Le_Henaff.dyn_br_Le_Henaff.dyn_br_Le_Henaff.dyn_br_Le_Henaff
				dyn_br_Le_Hir.dyn_br_Le_Hir.dyn_br_Le_Hir.dyn_br_Le_Hir
				dyn_br_Le_Houerou.dyn_br_Le_Houerou.dyn_br_Le_Houerou.dyn_br_Le_Houerou
				dyn_br_Le_Meur.dyn_br_Le_Meur.dyn_br_Le_Meur.dyn_br_Le_Meur
				dyn_br_Le_Moal.dyn_br_Le_Moal.dyn_br_Le_Moal.dyn_br_Le_Moal
				dyn_br_Le_Pen.dyn_br_Le_Pen.dyn_br_Le_Pen.dyn_br_Le_Pen
				dyn_br_Le_Pennec.dyn_br_Le_Pennec.dyn_br_Le_Pennec.dyn_br_Le_Pennec
				dyn_br_Le_Quellec.dyn_br_Le_Quellec.dyn_br_Le_Quellec.dyn_br_Le_Quellec
				dyn_br_Le_Tallec.dyn_br_Le_Tallec.dyn_br_Le_Tallec.dyn_br_Le_Tallec
				dyn_br_Lozac-h.dyn_br_Lozac-h.dyn_br_Lozac-h.dyn_br_Lozac-h
				dyn_br_Madec.dyn_br_Madec.dyn_br_Madec.dyn_br_Madec
				dyn_br_Marec.dyn_br_Marec.dyn_br_Marec.dyn_br_Marec
				dyn_br_Menez.dyn_br_Menez.dyn_br_Menez.dyn_br_Menez
				dyn_br_Mezec.dyn_br_Mezec.dyn_br_Mezec.dyn_br_Mezec
				dyn_br_Moigne.dyn_br_Moigne.dyn_br_Moigne.dyn_br_Moigne
				dyn_br_Ollivier.dyn_br_Ollivier.dyn_br_Ollivier.dyn_br_Ollivier
				dyn_br_Omnes.dyn_br_Omnes.dyn_br_Omnes.dyn_br_Omnes
				dyn_br_Pelan.dyn_br_Pelan.dyn_br_Pelan.dyn_br_Pelan
				dyn_br_Pichon.dyn_br_Pichon.dyn_br_Pichon.dyn_br_Pichon
				dyn_br_Pinvidic.dyn_br_Pinvidic.dyn_br_Pinvidic.dyn_br_Pinvidic
				dyn_br_Pouliquen.dyn_br_Pouliquen.dyn_br_Pouliquen.dyn_br_Pouliquen
				dyn_br_Prado.dyn_br_Prado.dyn_br_Prado.dyn_br_Prado
				dyn_br_Prigent.dyn_br_Prigent.dyn_br_Prigent.dyn_br_Prigent
				dyn_br_Quemener.dyn_br_Quemener.dyn_br_Quemener.dyn_br_Quemener
				dyn_br_Quere.dyn_br_Quere.dyn_br_Quere.dyn_br_Quere
				dyn_br_Quiniou.dyn_br_Quiniou.dyn_br_Quiniou.dyn_br_Quiniou
				dyn_br_Quiviger.dyn_br_Quiviger.dyn_br_Quiviger.dyn_br_Quiviger
				dyn_br_Riou.dyn_br_Riou.dyn_br_Riou.dyn_br_Riou
				dyn_br_Ropars.dyn_br_Ropars.dyn_br_Ropars.dyn_br_Ropars
				dyn_br_Seznec.dyn_br_Seznec.dyn_br_Seznec.dyn_br_Seznec
				dyn_br_Stephan.dyn_br_Stephan.dyn_br_Stephan.dyn_br_Stephan
				dyn_br_Tanet.dyn_br_Tanet.dyn_br_Tanet.dyn_br_Tanet
				dyn_br_Tanguy.dyn_br_Tanguy.dyn_br_Tanguy.dyn_br_Tanguy
				dyn_br_Trevidic.dyn_br_Trevidic.dyn_br_Trevidic.dyn_br_Trevidic
				dyn_br_Vanderbeken.dyn_br_Vanderbeken.dyn_br_Vanderbeken.dyn_br_Vanderbeken
				}
		}
	}
	
	barbarian_names = { WELSH }
	
	graphical_culture = nordic_1815_gfx
	
	ethnicities = {
		10 = western
		30 = northern
	}	
}