south_slavic = {
	color = hsv { 0.2  0.4  0.9 }

    levy_template = levy_conscripts

    primary = conscripts
    secondary = conscripts
    flank = conscripts

    primary_navy = tetrere
    secondary_navy = octere
    flank_navy = liburnian
	male_names = {
		sh_Berislav sh_Berivoj sh_Blago sh_Bogdan sh_Bogumil sh_Bogoljub sh_Bogomil sh_Bojan
		sh_Boris sh_Borislav sh_Borna sh_Bozetjeh sh_Bozidar sh_Bozo sh_Bratislav sh_Budimir
		sh_Branimir sh_Brajko sh_Branko sh_Braslav sh_Bratoljub sh_Cvitko sh_Cvjetko sh_Caslav
		sh_Castimir sh_Cedomir sh_Dalibor sh_Damir sh_Darko sh_Davor sh_Desimir sh_Dobroslav
		sh_Dobrovit sh_Domagoj sh_Dragan sh_Drago sh_Dragoslav sh_Dragutin sh_Dragomir
		sh_Drazen sh_Drziha sh_Drzislav sh_Godemir sh_Gojko sh_Gojislav sh_Gojslav sh_Goran
		sh_Grubisa sh_Hrvatin sh_Hrvoj sh_Hrvoje sh_Hrvoslav sh_Kazimir sh_Kazimir sh_Jasenko
		sh_Klonimir sh_Kresimir sh_Krsevan sh_Lavoslav sh_Ljubomir sh_Ljudevit sh_Milan sh_Mile
		sh_Milivoj sh_Milovan sh_Miljenko sh_Mirko sh_Miroslav sh_Miros sh_Mislav sh_Mladen
		sh_Mojmir sh_Mutimir sh_Nediljko sh_Nedjeljko sh_Nenad sh_Ognjen sh_Ostoja sh_Ozren
		sh_Predrag sh_Pribislav sh_Prvan sh_Prvoslav sh_Prvos sh_Radimir sh_Radomir sh_Rados
		sh_Rajko sh_Ranko sh_Ratimir sh_Ratko sh_Rato sh_Radovan sh_Radoslav sh_Slaven
		sh_Slavisa sh_Slavoljub sh_Slavomir sh_Smiljan sh_Spomenko sh_Srebrenko sh_Srecko
		sh_Stanislav sh_Stanko sh_Strahimir sh_Svetoslav sh_Tihomil sh_Tihomir sh_Tjesimir
		sh_Tomislav sh_Tomo sh_Tvrtko sh_Trpimir sh_Vatroslav sh_Veceslav sh_Vedran
		sh_Velimir sh_Veselko sh_Vidoslav sh_Vjekoslav sh_Vjenceslav sh_Viseslav sh_Vitomir
		sh_Vjeran sh_Vladimir sh_Vlado sh_Vlatko sh_Vojmil sh_Vojnomir sh_Vuk sh_Zdenko
		sh_Zdeslav sh_Zdravko sh_Zorislav sh_Zoran sh_Zrinko sh_Zrinoslav sh_Zlatko sh_Zvonimir
		sh_Zvonko sh_Zarko sh_Zelimir sh_Zeljko sh_Zivko
	}

	female_names = {
		sh_Berislava sh_Blaga sh_Blagica sh_Bogdana sh_Bogomila sh_Bogumila sh_Borka
		sh_Borislava sh_Bozena sh_Bozica sh_Bozidarka sh_Branimira sh_Branka sh_Buga sh_Cvita
		sh_Cvijeta sh_Danica sh_Davorka sh_Divna sh_Dragana sh_Dragica sh_Dragomirka
		sh_Dragomira sh_Draginja sh_Dragina sh_Draga sh_Drazenka sh_Dubravka sh_Dunja
		sh_Hrvoja sh_Hrvojka sh_Jasenka sh_Jasna sh_Ljuba sh_Ljubica sh_Mila sh_Milica
		sh_Miljenka sh_Mislava sh_Mira sh_Mirjana sh_Mirka sh_Misirka sh_Mirna sh_Mojmira
		sh_Morana sh_Nada sh_Neda sh_Nediljka sh_Nevenka sh_Ognjenka sh_Ranka sh_Raseljka
		sh_Ratka sh_Ruza sh_Ruzica sh_Sanja sh_Slava sh_Slavica sh_Slavenka sh_Smiljana
		sh_Spomenka sh_Srebrenka sh_Stanislava sh_Stana sh_Stanka sh_Snjeska sh_Snjezana
		sh_Suncana sh_Suncica sh_Tjeha sh_Tihana sh_Tihomila sh_Tuga sh_Vedrana sh_Vera
		sh_Verica sh_Vjera sh_Vesna sh_Vjekoslava sh_Vlasta sh_Vlatka sh_Zdenka sh_Zlata
		sh_Zora sh_Zorica sh_Zorka sh_Zrinka sh_Zrina sh_Zvjezdana sh_Zvonimira sh_Zvonka
		sh_Zeljka sh_Zivka
	}
	family = {
		dyn_sh_Abadzic.dyn_sh_Abadzic.dyn_sh_Abadzic.dyn_sh_Abadzic
		dyn_sh_Abramovic.dyn_sh_Abramovic.dyn_sh_Abramovic.dyn_sh_Abramovic
		dyn_sh_Adamovic.dyn_sh_Adamovic.dyn_sh_Adamovic.dyn_sh_Adamovic
		dyn_sh_Ancic.dyn_sh_Ancic.dyn_sh_Ancic.dyn_sh_Ancic
		dyn_sh_Andric.dyn_sh_Andric.dyn_sh_Andric.dyn_sh_Andric
		dyn_sh_Andrijasevic.dyn_sh_Andrijasevic.dyn_sh_Andrijasevic.dyn_sh_Andrijasevic
		dyn_sh_Androic.dyn_sh_Androic.dyn_sh_Androic.dyn_sh_Androic
		dyn_sh_Anic.dyn_sh_Anic.dyn_sh_Anic.dyn_sh_Anic
		dyn_sh_Anicic.dyn_sh_Anicic.dyn_sh_Anicic.dyn_sh_Anicic
		dyn_sh_Antic.dyn_sh_Antic.dyn_sh_Antic.dyn_sh_Antic
		dyn_sh_Antolic.dyn_sh_Antolic.dyn_sh_Antolic.dyn_sh_Antolic
		dyn_sh_Antonic.dyn_sh_Antonic.dyn_sh_Antonic.dyn_sh_Antonic
		dyn_sh_Antunovic.dyn_sh_Antunovic.dyn_sh_Antunovic.dyn_sh_Antunovic
		dyn_sh_Aracic.dyn_sh_Aracic.dyn_sh_Aracic.dyn_sh_Aracic
		dyn_sh_Aralica.dyn_sh_Aralica.dyn_sh_Aralica.dyn_sh_Aralica
		dyn_sh_Arambasic.dyn_sh_Arambasic.dyn_sh_Arambasic.dyn_sh_Arambasic
		dyn_sh_Arapovic.dyn_sh_Arapovic.dyn_sh_Arapovic.dyn_sh_Arapovic
		dyn_sh_Babic.dyn_sh_Babic.dyn_sh_Babic.dyn_sh_Babic
		dyn_sh_Bacic.dyn_sh_Bacic.dyn_sh_Bacic.dyn_sh_Bacic
		dyn_sh_Bagaric.dyn_sh_Bagaric.dyn_sh_Bagaric.dyn_sh_Bagaric
		dyn_sh_Bajic.dyn_sh_Bajic.dyn_sh_Bajic.dyn_sh_Bajic
		dyn_sh_Bakaric.dyn_sh_Bakaric.dyn_sh_Bakaric.dyn_sh_Bakaric
		dyn_sh_Bakic.dyn_sh_Bakic.dyn_sh_Bakic.dyn_sh_Bakic
		dyn_sh_Bakovic.dyn_sh_Bakovic.dyn_sh_Bakovic.dyn_sh_Bakovic
		dyn_sh_Bakula.dyn_sh_Bakula.dyn_sh_Bakula.dyn_sh_Bakula
		dyn_sh_Balasevic.dyn_sh_Balasevic.dyn_sh_Balasevic.dyn_sh_Balasevic
		dyn_sh_Balic.dyn_sh_Balic.dyn_sh_Balic.dyn_sh_Balic
		dyn_sh_Banovic.dyn_sh_Banovic.dyn_sh_Banovic.dyn_sh_Banovic
		dyn_sh_Baric.dyn_sh_Baric.dyn_sh_Baric.dyn_sh_Baric
		dyn_sh_Barisic.dyn_sh_Barisic.dyn_sh_Barisic.dyn_sh_Barisic
		dyn_sh_Barukcic.dyn_sh_Barukcic.dyn_sh_Barukcic.dyn_sh_Barukcic
		dyn_sh_Basic.dyn_sh_Basic.dyn_sh_Basic.dyn_sh_Basic
		dyn_sh_Batinovic.dyn_sh_Batinovic.dyn_sh_Batinovic.dyn_sh_Batinovic
		dyn_sh_Bebek.dyn_sh_Bebek.dyn_sh_Bebek.dyn_sh_Bebek
		dyn_sh_Bebic.dyn_sh_Bebic.dyn_sh_Bebic.dyn_sh_Bebic
		dyn_sh_Begic.dyn_sh_Begic.dyn_sh_Begic.dyn_sh_Begic
		dyn_sh_Begovic.dyn_sh_Begovic.dyn_sh_Begovic.dyn_sh_Begovic
		dyn_sh_Bekic.dyn_sh_Bekic.dyn_sh_Bekic.dyn_sh_Bekic
		dyn_sh_Belic.dyn_sh_Belic.dyn_sh_Belic.dyn_sh_Belic
		dyn_sh_Bencic.dyn_sh_Bencic.dyn_sh_Bencic.dyn_sh_Bencic
		dyn_sh_Berislavic.dyn_sh_Berislavic.dyn_sh_Berislavic.dyn_sh_Berislavic
		dyn_sh_Berkovic.dyn_sh_Berkovic.dyn_sh_Berkovic.dyn_sh_Berkovic
		dyn_sh_Bezjak.dyn_sh_Bezjak.dyn_sh_Bezjak.dyn_sh_Bezjak
		dyn_sh_Bilic.dyn_sh_Bilic.dyn_sh_Bilic.dyn_sh_Bilic
		dyn_sh_Biscan.dyn_sh_Biscan.dyn_sh_Biscan.dyn_sh_Biscan
		dyn_sh_Biskup.dyn_sh_Biskup.dyn_sh_Biskup.dyn_sh_Biskup
		dyn_sh_Biskupic.dyn_sh_Biskupic.dyn_sh_Biskupic.dyn_sh_Biskupic
		dyn_sh_Blazevic.dyn_sh_Blazevic.dyn_sh_Blazevic.dyn_sh_Blazevic
		dyn_sh_Blazic.dyn_sh_Blazic.dyn_sh_Blazic.dyn_sh_Blazic
		dyn_sh_Boban.dyn_sh_Boban.dyn_sh_Boban.dyn_sh_Boban
		dyn_sh_Bobic.dyn_sh_Bobic.dyn_sh_Bobic.dyn_sh_Bobic
		dyn_sh_Bodrozic.dyn_sh_Bodrozic.dyn_sh_Bodrozic.dyn_sh_Bodrozic
		dyn_sh_Bodul.dyn_sh_Bodul.dyn_sh_Bodul.dyn_sh_Bodul
		dyn_sh_Bogdanovich.dyn_sh_Bogdanovich.dyn_sh_Bogdanovich.dyn_sh_Bogdanovich
		dyn_sh_Bogovic.dyn_sh_Bogovic.dyn_sh_Bogovic.dyn_sh_Bogovic
		dyn_sh_Bojanic.dyn_sh_Bojanic.dyn_sh_Bojanic.dyn_sh_Bojanic
		dyn_sh_Bojic.dyn_sh_Bojic.dyn_sh_Bojic.dyn_sh_Bojic
		dyn_sh_Bokun.dyn_sh_Bokun.dyn_sh_Bokun.dyn_sh_Bokun
		dyn_sh_Bonacic.dyn_sh_Bonacic.dyn_sh_Bonacic.dyn_sh_Bonacic
		dyn_sh_Boric.dyn_sh_Boric.dyn_sh_Boric.dyn_sh_Boric
		dyn_sh_Boskovic.dyn_sh_Boskovic.dyn_sh_Boskovic.dyn_sh_Boskovic
		dyn_sh_Bosnic.dyn_sh_Bosnic.dyn_sh_Bosnic.dyn_sh_Bosnic
		dyn_sh_Bosnjak.dyn_sh_Bosnjak.dyn_sh_Bosnjak.dyn_sh_Bosnjak
		dyn_sh_Bosnjakovic.dyn_sh_Bosnjakovic.dyn_sh_Bosnjakovic.dyn_sh_Bosnjakovic
		dyn_sh_Bozic.dyn_sh_Bozic.dyn_sh_Bozic.dyn_sh_Bozic
		dyn_sh_Bradaric.dyn_sh_Bradaric.dyn_sh_Bradaric.dyn_sh_Bradaric
		dyn_sh_Bradic.dyn_sh_Bradic.dyn_sh_Bradic.dyn_sh_Bradic
		dyn_sh_Brajkovic.dyn_sh_Brajkovic.dyn_sh_Brajkovic.dyn_sh_Brajkovic
		dyn_sh_Bratulic.dyn_sh_Bratulic.dyn_sh_Bratulic.dyn_sh_Bratulic
		dyn_sh_Brdar.dyn_sh_Brdar.dyn_sh_Brdar.dyn_sh_Brdar
		dyn_sh_Brekalo.dyn_sh_Brekalo.dyn_sh_Brekalo.dyn_sh_Brekalo
		dyn_sh_Brkic.dyn_sh_Brkic.dyn_sh_Brkic.dyn_sh_Brkic
		dyn_sh_Brlic.dyn_sh_Brlic.dyn_sh_Brlic.dyn_sh_Brlic
		dyn_sh_Broz.dyn_sh_Broz.dyn_sh_Broz.dyn_sh_Broz
		dyn_sh_Brozovic.dyn_sh_Brozovic.dyn_sh_Brozovic.dyn_sh_Brozovic
		dyn_sh_Bubalo.dyn_sh_Bubalo.dyn_sh_Bubalo.dyn_sh_Bubalo
		dyn_sh_Budimir.dyn_sh_Budimir.dyn_sh_Budimir.dyn_sh_Budimir
		dyn_sh_Budisa.dyn_sh_Budisa.dyn_sh_Budisa.dyn_sh_Budisa
		dyn_sh_Bujas.dyn_sh_Bujas.dyn_sh_Bujas.dyn_sh_Bujas
		dyn_sh_Bukvic.dyn_sh_Bukvic.dyn_sh_Bukvic.dyn_sh_Bukvic
		dyn_sh_Bulic.dyn_sh_Bulic.dyn_sh_Bulic.dyn_sh_Bulic
		dyn_sh_Buljevic.dyn_sh_Buljevic.dyn_sh_Buljevic.dyn_sh_Buljevic
		dyn_sh_Buljubasic.dyn_sh_Buljubasic.dyn_sh_Buljubasic.dyn_sh_Buljubasic
		dyn_sh_Bunjevcevic.dyn_sh_Bunjevcevic.dyn_sh_Bunjevcevic.dyn_sh_Bunjevcevic
		dyn_sh_Buric.dyn_sh_Buric.dyn_sh_Buric.dyn_sh_Buric
		dyn_sh_Busic.dyn_sh_Busic.dyn_sh_Busic.dyn_sh_Busic
		dyn_sh_Butorac.dyn_sh_Butorac.dyn_sh_Butorac.dyn_sh_Butorac
		dyn_sh_Cacic.dyn_sh_Cacic.dyn_sh_Cacic.dyn_sh_Cacic
		dyn_sh_Caktas.dyn_sh_Caktas.dyn_sh_Caktas.dyn_sh_Caktas
		dyn_sh_Caleta.dyn_sh_Caleta.dyn_sh_Caleta.dyn_sh_Caleta
		dyn_sh_Carapic.dyn_sh_Carapic.dyn_sh_Carapic.dyn_sh_Carapic
		dyn_sh_Causic.dyn_sh_Causic.dyn_sh_Causic.dyn_sh_Causic
		dyn_sh_Cavar.dyn_sh_Cavar.dyn_sh_Cavar.dyn_sh_Cavar
		dyn_sh_Cerneka.dyn_sh_Cerneka.dyn_sh_Cerneka.dyn_sh_Cerneka
		dyn_sh_Cilic.dyn_sh_Cilic.dyn_sh_Cilic.dyn_sh_Cilic
		dyn_sh_Cindric.dyn_sh_Cindric.dyn_sh_Cindric.dyn_sh_Cindric
		dyn_sh_Cingrija.dyn_sh_Cingrija.dyn_sh_Cingrija.dyn_sh_Cingrija
		dyn_sh_Cipric.dyn_sh_Cipric.dyn_sh_Cipric.dyn_sh_Cipric
		dyn_sh_Cirjak.dyn_sh_Cirjak.dyn_sh_Cirjak.dyn_sh_Cirjak
		dyn_sh_Cizmic.dyn_sh_Cizmic.dyn_sh_Cizmic.dyn_sh_Cizmic
		dyn_sh_Colic.dyn_sh_Colic.dyn_sh_Colic.dyn_sh_Colic
		dyn_sh_Cop.dyn_sh_Cop.dyn_sh_Cop.dyn_sh_Cop
		dyn_sh_Copic.dyn_sh_Copic.dyn_sh_Copic.dyn_sh_Copic
		dyn_sh_Coric.dyn_sh_Coric.dyn_sh_Coric.dyn_sh_Coric
		dyn_sh_Corluka.dyn_sh_Corluka.dyn_sh_Corluka.dyn_sh_Corluka
		dyn_sh_Cosic.dyn_sh_Cosic.dyn_sh_Cosic.dyn_sh_Cosic
		dyn_sh_Crijevic.dyn_sh_Crijevic.dyn_sh_Crijevic.dyn_sh_Crijevic
		dyn_sh_Crncic.dyn_sh_Crncic.dyn_sh_Crncic.dyn_sh_Crncic
		dyn_sh_Crnkovic.dyn_sh_Crnkovic.dyn_sh_Crnkovic.dyn_sh_Crnkovic
		dyn_sh_Culina.dyn_sh_Culina.dyn_sh_Culina.dyn_sh_Culina
		dyn_sh_Culo.dyn_sh_Culo.dyn_sh_Culo.dyn_sh_Culo
		dyn_sh_Cupic.dyn_sh_Cupic.dyn_sh_Cupic.dyn_sh_Cupic
		dyn_sh_Curkovic.dyn_sh_Curkovic.dyn_sh_Curkovic.dyn_sh_Curkovic
		dyn_sh_Cvek.dyn_sh_Cvek.dyn_sh_Cvek.dyn_sh_Cvek
		dyn_sh_Cvjeticanin.dyn_sh_Cvjeticanin.dyn_sh_Cvjeticanin.dyn_sh_Cvjeticanin
		dyn_sh_Dadic.dyn_sh_Dadic.dyn_sh_Dadic.dyn_sh_Dadic
		dyn_sh_Dalic.dyn_sh_Dalic.dyn_sh_Dalic.dyn_sh_Dalic
		dyn_sh_Damijanic.dyn_sh_Damijanic.dyn_sh_Damijanic.dyn_sh_Damijanic
		dyn_sh_Damjanic.dyn_sh_Damjanic.dyn_sh_Damjanic.dyn_sh_Damjanic
		dyn_sh_Damjanovic.dyn_sh_Damjanovic.dyn_sh_Damjanovic.dyn_sh_Damjanovic
		dyn_sh_Dancevic.dyn_sh_Dancevic.dyn_sh_Dancevic.dyn_sh_Dancevic
		dyn_sh_Danicic.dyn_sh_Danicic.dyn_sh_Danicic.dyn_sh_Danicic
		dyn_sh_Davidovic.dyn_sh_Davidovic.dyn_sh_Davidovic.dyn_sh_Davidovic
		dyn_sh_Dedic.dyn_sh_Dedic.dyn_sh_Dedic.dyn_sh_Dedic
		dyn_sh_Delic.dyn_sh_Delic.dyn_sh_Delic.dyn_sh_Delic
		dyn_sh_Demirovic.dyn_sh_Demirovic.dyn_sh_Demirovic.dyn_sh_Demirovic
		dyn_sh_Djerek.dyn_sh_Djerek.dyn_sh_Djerek.dyn_sh_Djerek
		dyn_sh_Devcic.dyn_sh_Devcic.dyn_sh_Devcic.dyn_sh_Devcic
		dyn_sh_Devic.dyn_sh_Devic.dyn_sh_Devic.dyn_sh_Devic
		dyn_sh_Dezic.dyn_sh_Dezic.dyn_sh_Dezic.dyn_sh_Dezic
		dyn_sh_Diklic.dyn_sh_Diklic.dyn_sh_Diklic.dyn_sh_Diklic
		dyn_sh_Dincic.dyn_sh_Dincic.dyn_sh_Dincic.dyn_sh_Dincic
		dyn_sh_Djakovic.dyn_sh_Djakovic.dyn_sh_Djakovic.dyn_sh_Djakovic
		dyn_sh_Dodig.dyn_sh_Dodig.dyn_sh_Dodig.dyn_sh_Dodig
		dyn_sh_Dodik.dyn_sh_Dodik.dyn_sh_Dodik.dyn_sh_Dodik
		dyn_sh_Dominikovic.dyn_sh_Dominikovic.dyn_sh_Dominikovic.dyn_sh_Dominikovic
		dyn_sh_Doncic.dyn_sh_Doncic.dyn_sh_Doncic.dyn_sh_Doncic
		dyn_sh_Draganja.dyn_sh_Draganja.dyn_sh_Draganja.dyn_sh_Draganja
		dyn_sh_Dragic.dyn_sh_Dragic.dyn_sh_Dragic.dyn_sh_Dragic
		dyn_sh_Dragicevic.dyn_sh_Dragicevic.dyn_sh_Dragicevic.dyn_sh_Dragicevic
		dyn_sh_Dragojevic.dyn_sh_Dragojevic.dyn_sh_Dragojevic.dyn_sh_Dragojevic
		dyn_sh_Dragovic.dyn_sh_Dragovic.dyn_sh_Dragovic.dyn_sh_Dragovic
		dyn_sh_Draskovic.dyn_sh_Draskovic.dyn_sh_Draskovic.dyn_sh_Draskovic
		dyn_sh_Drazeta.dyn_sh_Drazeta.dyn_sh_Drazeta.dyn_sh_Drazeta
		dyn_sh_Drmic.dyn_sh_Drmic.dyn_sh_Drmic.dyn_sh_Drmic
		dyn_sh_Dudan.dyn_sh_Dudan.dyn_sh_Dudan.dyn_sh_Dudan
		dyn_sh_Dujmovic.dyn_sh_Dujmovic.dyn_sh_Dujmovic.dyn_sh_Dujmovic
		dyn_sh_Djuric.dyn_sh_Djuric.dyn_sh_Djuric.dyn_sh_Djuric
		dyn_sh_Dzono.dyn_sh_Dzono.dyn_sh_Dzono.dyn_sh_Dzono
		dyn_sh_Elezovic.dyn_sh_Elezovic.dyn_sh_Elezovic.dyn_sh_Elezovic
		dyn_sh_Erakovic.dyn_sh_Erakovic.dyn_sh_Erakovic.dyn_sh_Erakovic
		dyn_sh_Erceg.dyn_sh_Erceg.dyn_sh_Erceg.dyn_sh_Erceg
		dyn_sh_Erlic.dyn_sh_Erlic.dyn_sh_Erlic.dyn_sh_Erlic
		dyn_sh_Fancovic.dyn_sh_Fancovic.dyn_sh_Fancovic.dyn_sh_Fancovic
		dyn_sh_Feric.dyn_sh_Feric.dyn_sh_Feric.dyn_sh_Feric
		dyn_sh_Filipovic.dyn_sh_Filipovic.dyn_sh_Filipovic.dyn_sh_Filipovic
		dyn_sh_Forlani.dyn_sh_Forlani.dyn_sh_Forlani.dyn_sh_Forlani
		dyn_sh_Franic.dyn_sh_Franic.dyn_sh_Franic.dyn_sh_Franic
		dyn_sh_Franulovic.dyn_sh_Franulovic.dyn_sh_Franulovic.dyn_sh_Franulovic
		dyn_sh_Gabric.dyn_sh_Gabric.dyn_sh_Gabric.dyn_sh_Gabric
		dyn_sh_Gacesa.dyn_sh_Gacesa.dyn_sh_Gacesa.dyn_sh_Gacesa
		dyn_sh_Gagula.dyn_sh_Gagula.dyn_sh_Gagula.dyn_sh_Gagula
		dyn_sh_Galic.dyn_sh_Galic.dyn_sh_Galic.dyn_sh_Galic
		dyn_sh_Galovic.dyn_sh_Galovic.dyn_sh_Galovic.dyn_sh_Galovic
		dyn_sh_Gavrilovic.dyn_sh_Gavrilovic.dyn_sh_Gavrilovic.dyn_sh_Gavrilovic
		dyn_sh_Gegic.dyn_sh_Gegic.dyn_sh_Gegic.dyn_sh_Gegic
		dyn_sh_Glavan.dyn_sh_Glavan.dyn_sh_Glavan.dyn_sh_Glavan
		dyn_sh_Glavas.dyn_sh_Glavas.dyn_sh_Glavas.dyn_sh_Glavas
		dyn_sh_Glavina.dyn_sh_Glavina.dyn_sh_Glavina.dyn_sh_Glavina
		dyn_sh_Gledevic.dyn_sh_Gledevic.dyn_sh_Gledevic.dyn_sh_Gledevic
		dyn_sh_Golic.dyn_sh_Golic.dyn_sh_Golic.dyn_sh_Golic
		dyn_sh_Golubic.dyn_sh_Golubic.dyn_sh_Golubic.dyn_sh_Golubic
		dyn_sh_Goluza.dyn_sh_Goluza.dyn_sh_Goluza.dyn_sh_Goluza
		dyn_sh_Govic.dyn_sh_Govic.dyn_sh_Govic.dyn_sh_Govic
		dyn_sh_Granic.dyn_sh_Granic.dyn_sh_Granic.dyn_sh_Granic
		dyn_sh_Graovac.dyn_sh_Graovac.dyn_sh_Graovac.dyn_sh_Graovac
		dyn_sh_Grbic.dyn_sh_Grbic.dyn_sh_Grbic.dyn_sh_Grbic
		dyn_sh_Grgic.dyn_sh_Grgic.dyn_sh_Grgic.dyn_sh_Grgic
		dyn_sh_Grgurevic.dyn_sh_Grgurevic.dyn_sh_Grgurevic.dyn_sh_Grgurevic
		dyn_sh_Grubisic.dyn_sh_Grubisic.dyn_sh_Grubisic.dyn_sh_Grubisic
		dyn_sh_Gudelj.dyn_sh_Gudelj.dyn_sh_Gudelj.dyn_sh_Gudelj
		dyn_sh_Gutic.dyn_sh_Gutic.dyn_sh_Gutic.dyn_sh_Gutic
		dyn_sh_Hadzic.dyn_sh_Hadzic.dyn_sh_Hadzic.dyn_sh_Hadzic
		dyn_sh_Haracic.dyn_sh_Haracic.dyn_sh_Haracic.dyn_sh_Haracic
		dyn_sh_Harambasic.dyn_sh_Harambasic.dyn_sh_Harambasic.dyn_sh_Harambasic
		dyn_sh_Haramija.dyn_sh_Haramija.dyn_sh_Haramija.dyn_sh_Haramija
		dyn_sh_Herceg.dyn_sh_Herceg.dyn_sh_Herceg.dyn_sh_Herceg
		dyn_sh_Herjavec.dyn_sh_Herjavec.dyn_sh_Herjavec.dyn_sh_Herjavec
		dyn_sh_Hodak.dyn_sh_Hodak.dyn_sh_Hodak.dyn_sh_Hodak
		dyn_sh_Horvat.dyn_sh_Horvat.dyn_sh_Horvat.dyn_sh_Horvat
		dyn_sh_Hrgota.dyn_sh_Hrgota.dyn_sh_Hrgota.dyn_sh_Hrgota
		dyn_sh_Hrkac.dyn_sh_Hrkac.dyn_sh_Hrkac.dyn_sh_Hrkac
		dyn_sh_Ignjatic.dyn_sh_Ignjatic.dyn_sh_Ignjatic.dyn_sh_Ignjatic
		dyn_sh_Ilic.dyn_sh_Ilic.dyn_sh_Ilic.dyn_sh_Ilic
		dyn_sh_Ilicic.dyn_sh_Ilicic.dyn_sh_Ilicic.dyn_sh_Ilicic
		dyn_sh_Ilijic.dyn_sh_Ilijic.dyn_sh_Ilijic.dyn_sh_Ilijic
		dyn_sh_Ivancevic.dyn_sh_Ivancevic.dyn_sh_Ivancevic.dyn_sh_Ivancevic
		dyn_sh_Ivancic.dyn_sh_Ivancic.dyn_sh_Ivancic.dyn_sh_Ivancic
		dyn_sh_Ivanek.dyn_sh_Ivanek.dyn_sh_Ivanek.dyn_sh_Ivanek
		dyn_sh_IvanicIvanisevic.dyn_sh_IvanicIvanisevic.dyn_sh_IvanicIvanisevic.dyn_sh_IvanicIvanisevic
		dyn_sh_Ivankovic.dyn_sh_Ivankovic.dyn_sh_Ivankovic.dyn_sh_Ivankovic
		dyn_sh_Ivanovic.dyn_sh_Ivanovic.dyn_sh_Ivanovic.dyn_sh_Ivanovic
		dyn_sh_Ivekovic.dyn_sh_Ivekovic.dyn_sh_Ivekovic.dyn_sh_Ivekovic
		dyn_sh_Ivic.dyn_sh_Ivic.dyn_sh_Ivic.dyn_sh_Ivic
		dyn_sh_Ivkovic.dyn_sh_Ivkovic.dyn_sh_Ivkovic.dyn_sh_Ivkovic
		dyn_sh_Jagic.dyn_sh_Jagic.dyn_sh_Jagic.dyn_sh_Jagic
		dyn_sh_Jajalo.dyn_sh_Jajalo.dyn_sh_Jajalo.dyn_sh_Jajalo
		dyn_sh_Jakovina.dyn_sh_Jakovina.dyn_sh_Jakovina.dyn_sh_Jakovina
		dyn_sh_Jakovljevic.dyn_sh_Jakovljevic.dyn_sh_Jakovljevic.dyn_sh_Jakovljevic
		dyn_sh_Jaksic.dyn_sh_Jaksic.dyn_sh_Jaksic.dyn_sh_Jaksic
		dyn_sh_Janic.dyn_sh_Janic.dyn_sh_Janic.dyn_sh_Janic
		dyn_sh_Janjic.dyn_sh_Janjic.dyn_sh_Janjic.dyn_sh_Janjic
		dyn_sh_Jankovic.dyn_sh_Jankovic.dyn_sh_Jankovic.dyn_sh_Jankovic
		dyn_sh_Japundza.dyn_sh_Japundza.dyn_sh_Japundza.dyn_sh_Japundza
		dyn_sh_Jedvaj.dyn_sh_Jedvaj.dyn_sh_Jedvaj.dyn_sh_Jedvaj
		dyn_sh_Jelacic.dyn_sh_Jelacic.dyn_sh_Jelacic.dyn_sh_Jelacic
		dyn_sh_Jelavic.dyn_sh_Jelavic.dyn_sh_Jelavic.dyn_sh_Jelavic
		dyn_sh_Jelenic.dyn_sh_Jelenic.dyn_sh_Jelenic.dyn_sh_Jelenic
		dyn_sh_Jelic.dyn_sh_Jelic.dyn_sh_Jelic.dyn_sh_Jelic
		dyn_sh_Jelicic.dyn_sh_Jelicic.dyn_sh_Jelicic.dyn_sh_Jelicic
		dyn_sh_Jerkovic.dyn_sh_Jerkovic.dyn_sh_Jerkovic.dyn_sh_Jerkovic
		dyn_sh_Jezic.dyn_sh_Jezic.dyn_sh_Jezic.dyn_sh_Jezic
		dyn_sh_Jezina.dyn_sh_Jezina.dyn_sh_Jezina.dyn_sh_Jezina
		dyn_sh_Jokovic.dyn_sh_Jokovic.dyn_sh_Jokovic.dyn_sh_Jokovic
		dyn_sh_Jonjic.dyn_sh_Jonjic.dyn_sh_Jonjic.dyn_sh_Jonjic
		dyn_sh_Josipovic.dyn_sh_Josipovic.dyn_sh_Josipovic.dyn_sh_Josipovic
		dyn_sh_Jovancevic.dyn_sh_Jovancevic.dyn_sh_Jovancevic.dyn_sh_Jovancevic
		dyn_sh_Jovic.dyn_sh_Jovic.dyn_sh_Jovic.dyn_sh_Jovic
		dyn_sh_Jozic.dyn_sh_Jozic.dyn_sh_Jozic.dyn_sh_Jozic
		dyn_sh_Jugovic.dyn_sh_Jugovic.dyn_sh_Jugovic.dyn_sh_Jugovic
		dyn_sh_Jukic.dyn_sh_Jukic.dyn_sh_Jukic.dyn_sh_Jukic
		dyn_sh_Juras.dyn_sh_Juras.dyn_sh_Juras.dyn_sh_Juras
		dyn_sh_Jurcevic.dyn_sh_Jurcevic.dyn_sh_Jurcevic.dyn_sh_Jurcevic
		dyn_sh_Juric.dyn_sh_Juric.dyn_sh_Juric.dyn_sh_Juric
		dyn_sh_Juricic.dyn_sh_Juricic.dyn_sh_Juricic.dyn_sh_Juricic
		dyn_sh_Jurisic.dyn_sh_Jurisic.dyn_sh_Jurisic.dyn_sh_Jurisic
		dyn_sh_Jurjevic.dyn_sh_Jurjevic.dyn_sh_Jurjevic.dyn_sh_Jurjevic
		dyn_sh_Jurkovic.dyn_sh_Jurkovic.dyn_sh_Jurkovic.dyn_sh_Jurkovic
		dyn_sh_Kacic.dyn_sh_Kacic.dyn_sh_Kacic.dyn_sh_Kacic
		dyn_sh_Kalaus.dyn_sh_Kalaus.dyn_sh_Kalaus.dyn_sh_Kalaus
		dyn_sh_Kalinic.dyn_sh_Kalinic.dyn_sh_Kalinic.dyn_sh_Kalinic
		dyn_sh_Kapetanovic.dyn_sh_Kapetanovic.dyn_sh_Kapetanovic.dyn_sh_Kapetanovic
		dyn_sh_Kapic.dyn_sh_Kapic.dyn_sh_Kapic.dyn_sh_Kapic
		dyn_sh_Kapitanovic.dyn_sh_Kapitanovic.dyn_sh_Kapitanovic.dyn_sh_Kapitanovic
		dyn_sh_Karacic.dyn_sh_Karacic.dyn_sh_Karacic.dyn_sh_Karacic
		dyn_sh_Karapandza.dyn_sh_Karapandza.dyn_sh_Karapandza.dyn_sh_Karapandza
		dyn_sh_Kardum.dyn_sh_Kardum.dyn_sh_Kardum.dyn_sh_Kardum
		dyn_sh_Karic.dyn_sh_Karic.dyn_sh_Karic.dyn_sh_Karic
		dyn_sh_Karisik.dyn_sh_Karisik.dyn_sh_Karisik.dyn_sh_Karisik
		dyn_sh_Karlovic.dyn_sh_Karlovic.dyn_sh_Karlovic.dyn_sh_Karlovic
		dyn_sh_Marcelic.dyn_sh_Marcelic.dyn_sh_Marcelic.dyn_sh_Marcelic
		dyn_sh_Katanic.dyn_sh_Katanic.dyn_sh_Katanic.dyn_sh_Katanic
		dyn_sh_Katic.dyn_sh_Katic.dyn_sh_Katic.dyn_sh_Katic
		dyn_sh_Klepac.dyn_sh_Klepac.dyn_sh_Klepac.dyn_sh_Klepac
		dyn_sh_Klesic.dyn_sh_Klesic.dyn_sh_Klesic.dyn_sh_Klesic
		dyn_sh_Klisanin.dyn_sh_Klisanin.dyn_sh_Klisanin.dyn_sh_Klisanin
		dyn_sh_Kljajic.dyn_sh_Kljajic.dyn_sh_Kljajic.dyn_sh_Kljajic
		dyn_sh_Kljakovic.dyn_sh_Kljakovic.dyn_sh_Kljakovic.dyn_sh_Kljakovic
		dyn_sh_Klobucar.dyn_sh_Klobucar.dyn_sh_Klobucar.dyn_sh_Klobucar
		dyn_sh_Knezevic.dyn_sh_Knezevic.dyn_sh_Knezevic.dyn_sh_Knezevic
		dyn_sh_Kokic.dyn_sh_Kokic.dyn_sh_Kokic.dyn_sh_Kokic
		dyn_sh_Kokotovic.dyn_sh_Kokotovic.dyn_sh_Kokotovic.dyn_sh_Kokotovic
		dyn_sh_Kolar.dyn_sh_Kolar.dyn_sh_Kolar.dyn_sh_Kolar
		dyn_sh_Kolega.dyn_sh_Kolega.dyn_sh_Kolega.dyn_sh_Kolega
		dyn_sh_Kolesar.dyn_sh_Kolesar.dyn_sh_Kolesar.dyn_sh_Kolesar
		dyn_sh_Komljenovic.dyn_sh_Komljenovic.dyn_sh_Komljenovic.dyn_sh_Komljenovic
		dyn_sh_Komsic.dyn_sh_Komsic.dyn_sh_Komsic.dyn_sh_Komsic
		dyn_sh_Korlevic.dyn_sh_Korlevic.dyn_sh_Korlevic.dyn_sh_Korlevic
		dyn_sh_Kos.dyn_sh_Kos.dyn_sh_Kos.dyn_sh_Kos
		dyn_sh_Kosanovic.dyn_sh_Kosanovic.dyn_sh_Kosanovic.dyn_sh_Kosanovic
		dyn_sh_Kosor.dyn_sh_Kosor.dyn_sh_Kosor.dyn_sh_Kosor
		dyn_sh_Kostadinovic.dyn_sh_Kostadinovic.dyn_sh_Kostadinovic.dyn_sh_Kostadinovic
		dyn_sh_Kostelic.dyn_sh_Kostelic.dyn_sh_Kostelic.dyn_sh_Kostelic
		dyn_sh_Kostovic.dyn_sh_Kostovic.dyn_sh_Kostovic.dyn_sh_Kostovic
		dyn_sh_Kotromanovic.dyn_sh_Kotromanovic.dyn_sh_Kotromanovic.dyn_sh_Kotromanovic
		dyn_sh_Kovac.dyn_sh_Kovac.dyn_sh_Kovac.dyn_sh_Kovac
		dyn_sh_Kovacec.dyn_sh_Kovacec.dyn_sh_Kovacec.dyn_sh_Kovacec
		dyn_sh_Kovacev.dyn_sh_Kovacev.dyn_sh_Kovacev.dyn_sh_Kovacev
		dyn_sh_Kovacevic.dyn_sh_Kovacevic.dyn_sh_Kovacevic.dyn_sh_Kovacevic
		dyn_sh_Kovacic.dyn_sh_Kovacic.dyn_sh_Kovacic.dyn_sh_Kovacic
		dyn_sh_Kozul.dyn_sh_Kozul.dyn_sh_Kozul.dyn_sh_Kozul
		dyn_sh_Kozulj.dyn_sh_Kozulj.dyn_sh_Kozulj.dyn_sh_Kozulj
		dyn_sh_Krajinovic.dyn_sh_Krajinovic.dyn_sh_Krajinovic.dyn_sh_Krajinovic
		dyn_sh_Kralj.dyn_sh_Kralj.dyn_sh_Kralj.dyn_sh_Kralj
		dyn_sh_Kraljevic.dyn_sh_Kraljevic.dyn_sh_Kraljevic.dyn_sh_Kraljevic
		dyn_sh_Kramaric.dyn_sh_Kramaric.dyn_sh_Kramaric.dyn_sh_Kramaric
		dyn_sh_Kranjcar.dyn_sh_Kranjcar.dyn_sh_Kranjcar.dyn_sh_Kranjcar
		dyn_sh_Krasic.dyn_sh_Krasic.dyn_sh_Krasic.dyn_sh_Krasic
		dyn_sh_Krcmar.dyn_sh_Krcmar.dyn_sh_Krcmar.dyn_sh_Krcmar
		dyn_sh_Krekovic.dyn_sh_Krekovic.dyn_sh_Krekovic.dyn_sh_Krekovic
		dyn_sh_Kresoja.dyn_sh_Kresoja.dyn_sh_Kresoja.dyn_sh_Kresoja
		dyn_sh_Kristic.dyn_sh_Kristic.dyn_sh_Kristic.dyn_sh_Kristic
		dyn_sh_Kristic.dyn_sh_Kristic.dyn_sh_Kristic.dyn_sh_Kristic
		dyn_sh_Krizic.dyn_sh_Krizic.dyn_sh_Krizic.dyn_sh_Krizic
		dyn_sh_Krncevic.dyn_sh_Krncevic.dyn_sh_Krncevic.dyn_sh_Krncevic
		dyn_sh_Kruzic.dyn_sh_Kruzic.dyn_sh_Kruzic.dyn_sh_Kruzic
		dyn_sh_Krzan.dyn_sh_Krzan.dyn_sh_Krzan.dyn_sh_Krzan
		dyn_sh_Kucinic.dyn_sh_Kucinic.dyn_sh_Kucinic.dyn_sh_Kucinic
		dyn_sh_Kujundzic.dyn_sh_Kujundzic.dyn_sh_Kujundzic.dyn_sh_Kujundzic
		dyn_sh_Kukoc.dyn_sh_Kukoc.dyn_sh_Kukoc.dyn_sh_Kukoc
		dyn_sh_Kulic.dyn_sh_Kulic.dyn_sh_Kulic.dyn_sh_Kulic
		dyn_sh_Kuljeric.dyn_sh_Kuljeric.dyn_sh_Kuljeric.dyn_sh_Kuljeric
		dyn_sh_Kurelac.dyn_sh_Kurelac.dyn_sh_Kurelac.dyn_sh_Kurelac
		dyn_sh_Kurtovic.dyn_sh_Kurtovic.dyn_sh_Kurtovic.dyn_sh_Kurtovic
		dyn_sh_Kvesic.dyn_sh_Kvesic.dyn_sh_Kvesic.dyn_sh_Kvesic
		dyn_sh_Kvrzic.dyn_sh_Kvrzic.dyn_sh_Kvrzic.dyn_sh_Kvrzic
		dyn_sh_Lalic.dyn_sh_Lalic.dyn_sh_Lalic.dyn_sh_Lalic
		dyn_sh_Lambasa.dyn_sh_Lambasa.dyn_sh_Lambasa.dyn_sh_Lambasa
		dyn_sh_Lasic.dyn_sh_Lasic.dyn_sh_Lasic.dyn_sh_Lasic
		dyn_sh_Latas.dyn_sh_Latas.dyn_sh_Latas.dyn_sh_Latas
		dyn_sh_Lenkovic.dyn_sh_Lenkovic.dyn_sh_Lenkovic.dyn_sh_Lenkovic
		dyn_sh_Leovac.dyn_sh_Leovac.dyn_sh_Leovac.dyn_sh_Leovac
		dyn_sh_Lesjak.dyn_sh_Lesjak.dyn_sh_Lesjak.dyn_sh_Lesjak
		dyn_sh_Leskovic.dyn_sh_Leskovic.dyn_sh_Leskovic.dyn_sh_Leskovic
		dyn_sh_Letica.dyn_sh_Letica.dyn_sh_Letica.dyn_sh_Letica
		dyn_sh_Lisjak.dyn_sh_Lisjak.dyn_sh_Lisjak.dyn_sh_Lisjak
		dyn_sh_Livaja.dyn_sh_Livaja.dyn_sh_Livaja.dyn_sh_Livaja
		dyn_sh_Livakovic.dyn_sh_Livakovic.dyn_sh_Livakovic.dyn_sh_Livakovic
		dyn_sh_Liveric.dyn_sh_Liveric.dyn_sh_Liveric.dyn_sh_Liveric
		dyn_sh_Ljubicic.dyn_sh_Ljubicic.dyn_sh_Ljubicic.dyn_sh_Ljubicic
		dyn_sh_Ljubojevic.dyn_sh_Ljubojevic.dyn_sh_Ljubojevic.dyn_sh_Ljubojevic
		dyn_sh_Loncar.dyn_sh_Loncar.dyn_sh_Loncar.dyn_sh_Loncar
		dyn_sh_Loncarevic.dyn_sh_Loncarevic.dyn_sh_Loncarevic.dyn_sh_Loncarevic
		dyn_sh_Loncaric.dyn_sh_Loncaric.dyn_sh_Loncaric.dyn_sh_Loncaric
		dyn_sh_Lorkovic.dyn_sh_Lorkovic.dyn_sh_Lorkovic.dyn_sh_Lorkovic
		dyn_sh_Lovren.dyn_sh_Lovren.dyn_sh_Lovren.dyn_sh_Lovren
		dyn_sh_Lovric.dyn_sh_Lovric.dyn_sh_Lovric.dyn_sh_Lovric
		dyn_sh_Lovrovic.dyn_sh_Lovrovic.dyn_sh_Lovrovic.dyn_sh_Lovrovic
		dyn_sh_Luburic.dyn_sh_Luburic.dyn_sh_Luburic.dyn_sh_Luburic
		dyn_sh_Lucic.dyn_sh_Lucic.dyn_sh_Lucic.dyn_sh_Lucic
		dyn_sh_Lucic.dyn_sh_Lucic.dyn_sh_Lucic.dyn_sh_Lucic
		dyn_sh_Lukacevic.dyn_sh_Lukacevic.dyn_sh_Lukacevic.dyn_sh_Lukacevic
		dyn_sh_Luketic.dyn_sh_Luketic.dyn_sh_Luketic.dyn_sh_Luketic
		dyn_sh_Lukic.dyn_sh_Lukic.dyn_sh_Lukic.dyn_sh_Lukic
		dyn_sh_Luksic.dyn_sh_Luksic.dyn_sh_Luksic.dyn_sh_Luksic
		dyn_sh_Lulic.dyn_sh_Lulic.dyn_sh_Lulic.dyn_sh_Lulic
		dyn_sh_Macek.dyn_sh_Macek.dyn_sh_Macek.dyn_sh_Macek
		dyn_sh_Maganjic.dyn_sh_Maganjic.dyn_sh_Maganjic.dyn_sh_Maganjic
		dyn_sh_Maglica.dyn_sh_Maglica.dyn_sh_Maglica.dyn_sh_Maglica
		dyn_sh_Majer.dyn_sh_Majer.dyn_sh_Majer.dyn_sh_Majer
		dyn_sh_Majic.dyn_sh_Majic.dyn_sh_Majic.dyn_sh_Majic
		dyn_sh_Majstorovic.dyn_sh_Majstorovic.dyn_sh_Majstorovic.dyn_sh_Majstorovic
		dyn_sh_Maletic.dyn_sh_Maletic.dyn_sh_Maletic.dyn_sh_Maletic
		dyn_sh_Maljkovic.dyn_sh_Maljkovic.dyn_sh_Maljkovic.dyn_sh_Maljkovic
		dyn_sh_Malkovich.dyn_sh_Malkovich.dyn_sh_Malkovich.dyn_sh_Malkovich
		dyn_sh_Mamic.dyn_sh_Mamic.dyn_sh_Mamic.dyn_sh_Mamic
		dyn_sh_Mandic.dyn_sh_Mandic.dyn_sh_Mandic.dyn_sh_Mandic
		dyn_sh_Mandich.dyn_sh_Mandich.dyn_sh_Mandich.dyn_sh_Mandich
		dyn_sh_Mandusic.dyn_sh_Mandusic.dyn_sh_Mandusic.dyn_sh_Mandusic
		dyn_sh_Mandzukic.dyn_sh_Mandzukic.dyn_sh_Mandzukic.dyn_sh_Mandzukic
		dyn_sh_Marasovic.dyn_sh_Marasovic.dyn_sh_Marasovic.dyn_sh_Marasovic
		dyn_sh_Marcic.dyn_sh_Marcic.dyn_sh_Marcic.dyn_sh_Marcic
		dyn_sh_Maric.dyn_sh_Maric.dyn_sh_Maric.dyn_sh_Maric
		dyn_sh_Maricic.dyn_sh_Maricic.dyn_sh_Maricic.dyn_sh_Maricic
		dyn_sh_Marinkovic.dyn_sh_Marinkovic.dyn_sh_Marinkovic.dyn_sh_Marinkovic
		dyn_sh_Marinovic.dyn_sh_Marinovic.dyn_sh_Marinovic.dyn_sh_Marinovic
		dyn_sh_Marjanovic.dyn_sh_Marjanovic.dyn_sh_Marjanovic.dyn_sh_Marjanovic
		dyn_sh_Markovic.dyn_sh_Markovic.dyn_sh_Markovic.dyn_sh_Markovic
		dyn_sh_Marojevic.dyn_sh_Marojevic.dyn_sh_Marojevic.dyn_sh_Marojevic
		dyn_sh_Marotti.dyn_sh_Marotti.dyn_sh_Marotti.dyn_sh_Marotti
		dyn_sh_Marovic.dyn_sh_Marovic.dyn_sh_Marovic.dyn_sh_Marovic
		dyn_sh_Martic.dyn_sh_Martic.dyn_sh_Martic.dyn_sh_Martic
		dyn_sh_Martinovic.dyn_sh_Martinovic.dyn_sh_Martinovic.dyn_sh_Martinovic
		dyn_sh_Marusic.dyn_sh_Marusic.dyn_sh_Marusic.dyn_sh_Marusic
		dyn_sh_Matanovic.dyn_sh_Matanovic.dyn_sh_Matanovic.dyn_sh_Matanovic
		dyn_sh_Matic.dyn_sh_Matic.dyn_sh_Matic.dyn_sh_Matic
		dyn_sh_Matijevic.dyn_sh_Matijevic.dyn_sh_Matijevic.dyn_sh_Matijevic
		dyn_sh_Matko.dyn_sh_Matko.dyn_sh_Matko.dyn_sh_Matko
		dyn_sh_Matkovic.dyn_sh_Matkovic.dyn_sh_Matkovic.dyn_sh_Matkovic
		dyn_sh_Matos.dyn_sh_Matos.dyn_sh_Matos.dyn_sh_Matos
		dyn_sh_Matosevic.dyn_sh_Matosevic.dyn_sh_Matosevic.dyn_sh_Matosevic
		dyn_sh_Matulovic.dyn_sh_Matulovic.dyn_sh_Matulovic.dyn_sh_Matulovic
		dyn_sh_Mazuranic.dyn_sh_Mazuranic.dyn_sh_Mazuranic.dyn_sh_Mazuranic
		dyn_sh_Mecava.dyn_sh_Mecava.dyn_sh_Mecava.dyn_sh_Mecava
		dyn_sh_Mesic.dyn_sh_Mesic.dyn_sh_Mesic.dyn_sh_Mesic
		dyn_sh_Mesic.dyn_sh_Mesic.dyn_sh_Mesic.dyn_sh_Mesic
		dyn_sh_Mestrovic.dyn_sh_Mestrovic.dyn_sh_Mestrovic.dyn_sh_Mestrovic
		dyn_sh_Mezulic.dyn_sh_Mezulic.dyn_sh_Mezulic.dyn_sh_Mezulic
		dyn_sh_Mihic.dyn_sh_Mihic.dyn_sh_Mihic.dyn_sh_Mihic
		dyn_sh_Mijacika.dyn_sh_Mijacika.dyn_sh_Mijacika.dyn_sh_Mijacika
		dyn_sh_Mijatovic.dyn_sh_Mijatovic.dyn_sh_Mijatovic.dyn_sh_Mijatovic
		dyn_sh_Mikic.dyn_sh_Mikic.dyn_sh_Mikic.dyn_sh_Mikic
		dyn_sh_Miksic.dyn_sh_Miksic.dyn_sh_Miksic.dyn_sh_Miksic
		dyn_sh_Mikulic.dyn_sh_Mikulic.dyn_sh_Mikulic.dyn_sh_Mikulic
		dyn_sh_Milanovic.dyn_sh_Milanovic.dyn_sh_Milanovic.dyn_sh_Milanovic
		dyn_sh_Milardovic.dyn_sh_Milardovic.dyn_sh_Milardovic.dyn_sh_Milardovic
		dyn_sh_Miletic.dyn_sh_Miletic.dyn_sh_Miletic.dyn_sh_Miletic
		dyn_sh_Milic.dyn_sh_Milic.dyn_sh_Milic.dyn_sh_Milic
		dyn_sh_Milicevic.dyn_sh_Milicevic.dyn_sh_Milicevic.dyn_sh_Milicevic
		dyn_sh_Milicevic.dyn_sh_Milicevic.dyn_sh_Milicevic.dyn_sh_Milicevic
		dyn_sh_Milicic.dyn_sh_Milicic.dyn_sh_Milicic.dyn_sh_Milicic
		dyn_sh_Milinovic.dyn_sh_Milinovic.dyn_sh_Milinovic.dyn_sh_Milinovic
		dyn_sh_Miljkovic.dyn_sh_Miljkovic.dyn_sh_Miljkovic.dyn_sh_Miljkovic
		dyn_sh_Milobar.dyn_sh_Milobar.dyn_sh_Milobar.dyn_sh_Milobar
		dyn_sh_Milosevic.dyn_sh_Milosevic.dyn_sh_Milosevic.dyn_sh_Milosevic
		dyn_sh_Minic.dyn_sh_Minic.dyn_sh_Minic.dyn_sh_Minic
		dyn_sh_Mirkovic.dyn_sh_Mirkovic.dyn_sh_Mirkovic.dyn_sh_Mirkovic
		dyn_sh_Mirovic.dyn_sh_Mirovic.dyn_sh_Mirovic.dyn_sh_Mirovic
		dyn_sh_Misak.dyn_sh_Misak.dyn_sh_Misak.dyn_sh_Misak
		dyn_sh_Misic.dyn_sh_Misic.dyn_sh_Misic.dyn_sh_Misic
		dyn_sh_Miskovic.dyn_sh_Miskovic.dyn_sh_Miskovic.dyn_sh_Miskovic
		dyn_sh_Mladenovic.dyn_sh_Mladenovic.dyn_sh_Mladenovic.dyn_sh_Mladenovic
		dyn_sh_Mlinaric.dyn_sh_Mlinaric.dyn_sh_Mlinaric.dyn_sh_Mlinaric
		dyn_sh_Modric.dyn_sh_Modric.dyn_sh_Modric.dyn_sh_Modric
		dyn_sh_Mrdeza.dyn_sh_Mrdeza.dyn_sh_Mrdeza.dyn_sh_Mrdeza
		dyn_sh_Mrkonjic.dyn_sh_Mrkonjic.dyn_sh_Mrkonjic.dyn_sh_Mrkonjic
		dyn_sh_Mrnavic.dyn_sh_Mrnavic.dyn_sh_Mrnavic.dyn_sh_Mrnavic
		dyn_sh_Mrsic.dyn_sh_Mrsic.dyn_sh_Mrsic.dyn_sh_Mrsic
		dyn_sh_Mrsic.dyn_sh_Mrsic.dyn_sh_Mrsic.dyn_sh_Mrsic
		dyn_sh_Mudrinic.dyn_sh_Mudrinic.dyn_sh_Mudrinic.dyn_sh_Mudrinic
		dyn_sh_Muhic.dyn_sh_Muhic.dyn_sh_Muhic.dyn_sh_Muhic
		dyn_sh_Muhoberac.dyn_sh_Muhoberac.dyn_sh_Muhoberac.dyn_sh_Muhoberac
		dyn_sh_Mulic.dyn_sh_Mulic.dyn_sh_Mulic.dyn_sh_Mulic
		dyn_sh_Musulin.dyn_sh_Musulin.dyn_sh_Musulin.dyn_sh_Musulin
		dyn_sh_Nadoveza.dyn_sh_Nadoveza.dyn_sh_Nadoveza.dyn_sh_Nadoveza
		dyn_sh_Najman.dyn_sh_Najman.dyn_sh_Najman.dyn_sh_Najman
		dyn_sh_Nakic.dyn_sh_Nakic.dyn_sh_Nakic.dyn_sh_Nakic
		dyn_sh_Nazor.dyn_sh_Nazor.dyn_sh_Nazor.dyn_sh_Nazor
		dyn_sh_Nikic.dyn_sh_Nikic.dyn_sh_Nikic.dyn_sh_Nikic
		dyn_sh_Nikis.dyn_sh_Nikis.dyn_sh_Nikis.dyn_sh_Nikis
		dyn_sh_Nikolic.dyn_sh_Nikolic.dyn_sh_Nikolic.dyn_sh_Nikolic
		dyn_sh_Ninkovic.dyn_sh_Ninkovic.dyn_sh_Ninkovic.dyn_sh_Ninkovic
		dyn_sh_Nisic.dyn_sh_Nisic.dyn_sh_Nisic.dyn_sh_Nisic
		dyn_sh_Nizic.dyn_sh_Nizic.dyn_sh_Nizic.dyn_sh_Nizic
		dyn_sh_Njiric.dyn_sh_Njiric.dyn_sh_Njiric.dyn_sh_Njiric
		dyn_sh_Novak.dyn_sh_Novak.dyn_sh_Novak.dyn_sh_Novak
		dyn_sh_Novakovic.dyn_sh_Novakovic.dyn_sh_Novakovic.dyn_sh_Novakovic
		dyn_sh_Novosel.dyn_sh_Novosel.dyn_sh_Novosel.dyn_sh_Novosel
		dyn_sh_Novoselic.dyn_sh_Novoselic.dyn_sh_Novoselic.dyn_sh_Novoselic
		dyn_sh_Obratov.dyn_sh_Obratov.dyn_sh_Obratov.dyn_sh_Obratov
		dyn_sh_Ogresta.dyn_sh_Ogresta.dyn_sh_Ogresta.dyn_sh_Ogresta
		dyn_sh_Ojdanic.dyn_sh_Ojdanic.dyn_sh_Ojdanic.dyn_sh_Ojdanic
		dyn_sh_Olic.dyn_sh_Olic.dyn_sh_Olic.dyn_sh_Olic
		dyn_sh_Olujic.dyn_sh_Olujic.dyn_sh_Olujic.dyn_sh_Olujic
		dyn_sh_Oreskovic.dyn_sh_Oreskovic.dyn_sh_Oreskovic.dyn_sh_Oreskovic
		dyn_sh_Orlic.dyn_sh_Orlic.dyn_sh_Orlic.dyn_sh_Orlic
		dyn_sh_Orsanic.dyn_sh_Orsanic.dyn_sh_Orsanic.dyn_sh_Orsanic
		dyn_sh_Ostojic.dyn_sh_Ostojic.dyn_sh_Ostojic.dyn_sh_Ostojic
		dyn_sh_Pacariz.dyn_sh_Pacariz.dyn_sh_Pacariz.dyn_sh_Pacariz
		dyn_sh_Pandurovic.dyn_sh_Pandurovic.dyn_sh_Pandurovic.dyn_sh_Pandurovic
		dyn_sh_Pasalic.dyn_sh_Pasalic.dyn_sh_Pasalic.dyn_sh_Pasalic
		dyn_sh_Paunovic.dyn_sh_Paunovic.dyn_sh_Paunovic.dyn_sh_Paunovic
		dyn_sh_Pavelic.dyn_sh_Pavelic.dyn_sh_Pavelic.dyn_sh_Pavelic
		dyn_sh_Pavic.dyn_sh_Pavic.dyn_sh_Pavic.dyn_sh_Pavic
		dyn_sh_Pavicic.dyn_sh_Pavicic.dyn_sh_Pavicic.dyn_sh_Pavicic
		dyn_sh_Pavkovic.dyn_sh_Pavkovic.dyn_sh_Pavkovic.dyn_sh_Pavkovic
		dyn_sh_Pavletic.dyn_sh_Pavletic.dyn_sh_Pavletic.dyn_sh_Pavletic
		dyn_sh_Pavlich.dyn_sh_Pavlich.dyn_sh_Pavlich.dyn_sh_Pavlich
		dyn_sh_Pavlicic.dyn_sh_Pavlicic.dyn_sh_Pavlicic.dyn_sh_Pavlicic
		dyn_sh_Pavlovic.dyn_sh_Pavlovic.dyn_sh_Pavlovic.dyn_sh_Pavlovic
		dyn_sh_Pejakovic.dyn_sh_Pejakovic.dyn_sh_Pejakovic.dyn_sh_Pejakovic
		dyn_sh_Pejcinovic.dyn_sh_Pejcinovic.dyn_sh_Pejcinovic.dyn_sh_Pejcinovic
		dyn_sh_Pejic.dyn_sh_Pejic.dyn_sh_Pejic.dyn_sh_Pejic
		dyn_sh_Pera.dyn_sh_Pera.dyn_sh_Pera.dyn_sh_Pera
		dyn_sh_Peric.dyn_sh_Peric.dyn_sh_Peric.dyn_sh_Peric
		dyn_sh_Perica.dyn_sh_Perica.dyn_sh_Perica.dyn_sh_Perica
		dyn_sh_Perisic.dyn_sh_Perisic.dyn_sh_Perisic.dyn_sh_Perisic
		dyn_sh_Perkovic.dyn_sh_Perkovic.dyn_sh_Perkovic.dyn_sh_Perkovic
		dyn_sh_Perosevic.dyn_sh_Perosevic.dyn_sh_Perosevic.dyn_sh_Perosevic
		dyn_sh_Perovic.dyn_sh_Perovic.dyn_sh_Perovic.dyn_sh_Perovic
		dyn_sh_Perusko.dyn_sh_Perusko.dyn_sh_Perusko.dyn_sh_Perusko
		dyn_sh_Petkovic.dyn_sh_Petkovic.dyn_sh_Petkovic.dyn_sh_Petkovic
		dyn_sh_Petric.dyn_sh_Petric.dyn_sh_Petric.dyn_sh_Petric
		dyn_sh_Petricevic.dyn_sh_Petricevic.dyn_sh_Petricevic.dyn_sh_Petricevic
		dyn_sh_Petronijevic.dyn_sh_Petronijevic.dyn_sh_Petronijevic.dyn_sh_Petronijevic
		dyn_sh_Petrovic.dyn_sh_Petrovic.dyn_sh_Petrovic.dyn_sh_Petrovic
		dyn_sh_Pijevic.dyn_sh_Pijevic.dyn_sh_Pijevic.dyn_sh_Pijevic
		dyn_sh_Pilipovic.dyn_sh_Pilipovic.dyn_sh_Pilipovic.dyn_sh_Pilipovic
		dyn_sh_Pivaric.dyn_sh_Pivaric.dyn_sh_Pivaric.dyn_sh_Pivaric
		dyn_sh_Plantak.dyn_sh_Plantak.dyn_sh_Plantak.dyn_sh_Plantak
		dyn_sh_Pletikosic.dyn_sh_Pletikosic.dyn_sh_Pletikosic.dyn_sh_Pletikosic
		dyn_sh_Podrug.dyn_sh_Podrug.dyn_sh_Podrug.dyn_sh_Podrug
		dyn_sh_Pokaz.dyn_sh_Pokaz.dyn_sh_Pokaz.dyn_sh_Pokaz
		dyn_sh_Polic.dyn_sh_Polic.dyn_sh_Polic.dyn_sh_Polic
		dyn_sh_Ponos.dyn_sh_Ponos.dyn_sh_Ponos.dyn_sh_Ponos
		dyn_sh_Poparic.dyn_sh_Poparic.dyn_sh_Poparic.dyn_sh_Poparic
		dyn_sh_Popovic.dyn_sh_Popovic.dyn_sh_Popovic.dyn_sh_Popovic
		dyn_sh_Posavec.dyn_sh_Posavec.dyn_sh_Posavec.dyn_sh_Posavec
		dyn_sh_Pozgaj.dyn_sh_Pozgaj.dyn_sh_Pozgaj.dyn_sh_Pozgaj
		dyn_sh_Pralija.dyn_sh_Pralija.dyn_sh_Pralija.dyn_sh_Pralija
		dyn_sh_Prelec.dyn_sh_Prelec.dyn_sh_Prelec.dyn_sh_Prelec
		dyn_sh_Prelog.dyn_sh_Prelog.dyn_sh_Prelog.dyn_sh_Prelog
		dyn_sh_Primorac.dyn_sh_Primorac.dyn_sh_Primorac.dyn_sh_Primorac
		dyn_sh_Princip.dyn_sh_Princip.dyn_sh_Princip.dyn_sh_Princip
		dyn_sh_Prkacin.dyn_sh_Prkacin.dyn_sh_Prkacin.dyn_sh_Prkacin
		dyn_sh_Prpic.dyn_sh_Prpic.dyn_sh_Prpic.dyn_sh_Prpic
		dyn_sh_Puhovski.dyn_sh_Puhovski.dyn_sh_Puhovski.dyn_sh_Puhovski
		dyn_sh_Pulisic.dyn_sh_Pulisic.dyn_sh_Pulisic.dyn_sh_Pulisic
		dyn_sh_Puncec.dyn_sh_Puncec.dyn_sh_Puncec.dyn_sh_Puncec
		dyn_sh_Pusic.dyn_sh_Pusic.dyn_sh_Pusic.dyn_sh_Pusic
		dyn_sh_Pusic.dyn_sh_Pusic.dyn_sh_Pusic.dyn_sh_Pusic
		dyn_sh_Puskaric.dyn_sh_Puskaric.dyn_sh_Puskaric.dyn_sh_Puskaric
		dyn_sh_Racic.dyn_sh_Racic.dyn_sh_Racic.dyn_sh_Racic
		dyn_sh_Racki.dyn_sh_Racki.dyn_sh_Racki.dyn_sh_Racki
		dyn_sh_Racunica.dyn_sh_Racunica.dyn_sh_Racunica.dyn_sh_Racunica
		dyn_sh_Radic.dyn_sh_Radic.dyn_sh_Radic.dyn_sh_Radic
		dyn_sh_Radman.dyn_sh_Radman.dyn_sh_Radman.dyn_sh_Radman
		dyn_sh_Radonic.dyn_sh_Radonic.dyn_sh_Radonic.dyn_sh_Radonic
		dyn_sh_Radonjic.dyn_sh_Radonjic.dyn_sh_Radonjic.dyn_sh_Radonjic
		dyn_sh_Rados.dyn_sh_Rados.dyn_sh_Rados.dyn_sh_Rados
		dyn_sh_Radosevic.dyn_sh_Radosevic.dyn_sh_Radosevic.dyn_sh_Radosevic
		dyn_sh_Radovanovic.dyn_sh_Radovanovic.dyn_sh_Radovanovic.dyn_sh_Radovanovic
		dyn_sh_Rajcic.dyn_sh_Rajcic.dyn_sh_Rajcic.dyn_sh_Rajcic
		dyn_sh_Rajic.dyn_sh_Rajic.dyn_sh_Rajic.dyn_sh_Rajic
		dyn_sh_Rakic.dyn_sh_Rakic.dyn_sh_Rakic.dyn_sh_Rakic
		dyn_sh_Rakitic.dyn_sh_Rakitic.dyn_sh_Rakitic.dyn_sh_Rakitic
		dyn_sh_Rancic.dyn_sh_Rancic.dyn_sh_Rancic.dyn_sh_Rancic
		dyn_sh_Raseta.dyn_sh_Raseta.dyn_sh_Raseta.dyn_sh_Raseta
		dyn_sh_Rasic.dyn_sh_Rasic.dyn_sh_Rasic.dyn_sh_Rasic
		dyn_sh_Rastic.dyn_sh_Rastic.dyn_sh_Rastic.dyn_sh_Rastic
		dyn_sh_Ratkovic.dyn_sh_Ratkovic.dyn_sh_Ratkovic.dyn_sh_Ratkovic
		dyn_sh_Ravlic.dyn_sh_Ravlic.dyn_sh_Ravlic.dyn_sh_Ravlic
		dyn_sh_Rebic.dyn_sh_Rebic.dyn_sh_Rebic.dyn_sh_Rebic
		dyn_sh_Resetar.dyn_sh_Resetar.dyn_sh_Resetar.dyn_sh_Resetar
		dyn_sh_Resetar.dyn_sh_Resetar.dyn_sh_Resetar.dyn_sh_Resetar
		dyn_sh_Ribar.dyn_sh_Ribar.dyn_sh_Ribar.dyn_sh_Ribar
		dyn_sh_Rodes.dyn_sh_Rodes.dyn_sh_Rodes.dyn_sh_Rodes
		dyn_sh_Rodic.dyn_sh_Rodic.dyn_sh_Rodic.dyn_sh_Rodic
		dyn_sh_Roglic.dyn_sh_Roglic.dyn_sh_Roglic.dyn_sh_Roglic
		dyn_sh_Roksandic.dyn_sh_Roksandic.dyn_sh_Roksandic.dyn_sh_Roksandic
		dyn_sh_Roso.dyn_sh_Roso.dyn_sh_Roso.dyn_sh_Roso
		dyn_sh_Rozga.dyn_sh_Rozga.dyn_sh_Rozga.dyn_sh_Rozga
		dyn_sh_Rozic.dyn_sh_Rozic.dyn_sh_Rozic.dyn_sh_Rozic
		dyn_sh_Rozic.dyn_sh_Rozic.dyn_sh_Rozic.dyn_sh_Rozic
		dyn_sh_Rudic.dyn_sh_Rudic.dyn_sh_Rudic.dyn_sh_Rudic
		dyn_sh_Rukavina.dyn_sh_Rukavina.dyn_sh_Rukavina.dyn_sh_Rukavina
		dyn_sh_Ruzic.dyn_sh_Ruzic.dyn_sh_Ruzic.dyn_sh_Ruzic
		dyn_sh_Sabolic.dyn_sh_Sabolic.dyn_sh_Sabolic.dyn_sh_Sabolic
		dyn_sh_Sakac.dyn_sh_Sakac.dyn_sh_Sakac.dyn_sh_Sakac
		dyn_sh_Sakic.dyn_sh_Sakic.dyn_sh_Sakic.dyn_sh_Sakic
		dyn_sh_Sakic.dyn_sh_Sakic.dyn_sh_Sakic.dyn_sh_Sakic
		dyn_sh_Sakota.dyn_sh_Sakota.dyn_sh_Sakota.dyn_sh_Sakota
		dyn_sh_Salopek.dyn_sh_Salopek.dyn_sh_Salopek.dyn_sh_Salopek
		dyn_sh_Sancic.dyn_sh_Sancic.dyn_sh_Sancic.dyn_sh_Sancic
		dyn_sh_Santic.dyn_sh_Santic.dyn_sh_Santic.dyn_sh_Santic
		dyn_sh_Saracevic.dyn_sh_Saracevic.dyn_sh_Saracevic.dyn_sh_Saracevic
		dyn_sh_Sarcevic.dyn_sh_Sarcevic.dyn_sh_Sarcevic.dyn_sh_Sarcevic
		dyn_sh_Saric.dyn_sh_Saric.dyn_sh_Saric.dyn_sh_Saric
		dyn_sh_Sasic.dyn_sh_Sasic.dyn_sh_Sasic.dyn_sh_Sasic
		dyn_sh_Segrt.dyn_sh_Segrt.dyn_sh_Segrt.dyn_sh_Segrt
		dyn_sh_Sekulic.dyn_sh_Sekulic.dyn_sh_Sekulic.dyn_sh_Sekulic
		dyn_sh_Selak.dyn_sh_Selak.dyn_sh_Selak.dyn_sh_Selak
		dyn_sh_Separovic.dyn_sh_Separovic.dyn_sh_Separovic.dyn_sh_Separovic
		dyn_sh_Seper.dyn_sh_Seper.dyn_sh_Seper.dyn_sh_Seper
		dyn_sh_Serdarusic.dyn_sh_Serdarusic.dyn_sh_Serdarusic.dyn_sh_Serdarusic
		dyn_sh_Sertic.dyn_sh_Sertic.dyn_sh_Sertic.dyn_sh_Sertic
		dyn_sh_Seselj.dyn_sh_Seselj.dyn_sh_Seselj.dyn_sh_Seselj
		dyn_sh_Sikic.dyn_sh_Sikic.dyn_sh_Sikic.dyn_sh_Sikic
		dyn_sh_Silic.dyn_sh_Silic.dyn_sh_Silic.dyn_sh_Silic
		dyn_sh_Siljeg.dyn_sh_Siljeg.dyn_sh_Siljeg.dyn_sh_Siljeg
		dyn_sh_Simenc.dyn_sh_Simenc.dyn_sh_Simenc.dyn_sh_Simenc
		dyn_sh_Simic.dyn_sh_Simic.dyn_sh_Simic.dyn_sh_Simic
		dyn_sh_Simic.dyn_sh_Simic.dyn_sh_Simic.dyn_sh_Simic
		dyn_sh_Simonovic.dyn_sh_Simonovic.dyn_sh_Simonovic.dyn_sh_Simonovic
		dyn_sh_Simovic.dyn_sh_Simovic.dyn_sh_Simovic.dyn_sh_Simovic
		dyn_sh_Simun.dyn_sh_Simun.dyn_sh_Simun.dyn_sh_Simun
		dyn_sh_Simunic.dyn_sh_Simunic.dyn_sh_Simunic.dyn_sh_Simunic
		dyn_sh_Simunovic.dyn_sh_Simunovic.dyn_sh_Simunovic.dyn_sh_Simunovic
		dyn_sh_Sinkovic.dyn_sh_Sinkovic.dyn_sh_Sinkovic.dyn_sh_Sinkovic
		dyn_sh_Sipek.dyn_sh_Sipek.dyn_sh_Sipek.dyn_sh_Sipek
		dyn_sh_Sirko.dyn_sh_Sirko.dyn_sh_Sirko.dyn_sh_Sirko
		dyn_sh_Sirola.dyn_sh_Sirola.dyn_sh_Sirola.dyn_sh_Sirola
		dyn_sh_Skok.dyn_sh_Skok.dyn_sh_Skok.dyn_sh_Skok
		dyn_sh_Skoko.dyn_sh_Skoko.dyn_sh_Skoko.dyn_sh_Skoko
		dyn_sh_Skoric.dyn_sh_Skoric.dyn_sh_Skoric.dyn_sh_Skoric
		dyn_sh_Skoro.dyn_sh_Skoro.dyn_sh_Skoro.dyn_sh_Skoro
		dyn_sh_Skrlec.dyn_sh_Skrlec.dyn_sh_Skrlec.dyn_sh_Skrlec
		dyn_sh_Skrmetta.dyn_sh_Skrmetta.dyn_sh_Skrmetta.dyn_sh_Skrmetta
		dyn_sh_Skugor.dyn_sh_Skugor.dyn_sh_Skugor.dyn_sh_Skugor
		dyn_sh_Slabinac.dyn_sh_Slabinac.dyn_sh_Slabinac.dyn_sh_Slabinac
		dyn_sh_Smiciklas.dyn_sh_Smiciklas.dyn_sh_Smiciklas.dyn_sh_Smiciklas
		dyn_sh_Soda.dyn_sh_Soda.dyn_sh_Soda.dyn_sh_Soda
		dyn_sh_Sokac.dyn_sh_Sokac.dyn_sh_Sokac.dyn_sh_Sokac
		dyn_sh_Sokol.dyn_sh_Sokol.dyn_sh_Sokol.dyn_sh_Sokol
		dyn_sh_Sokolovic.dyn_sh_Sokolovic.dyn_sh_Sokolovic.dyn_sh_Sokolovic
		dyn_sh_Soldo.dyn_sh_Soldo.dyn_sh_Soldo.dyn_sh_Soldo
		dyn_sh_Sorkocevic.dyn_sh_Sorkocevic.dyn_sh_Sorkocevic.dyn_sh_Sorkocevic
		dyn_sh_Sovagovic.dyn_sh_Sovagovic.dyn_sh_Sovagovic.dyn_sh_Sovagovic
		dyn_sh_Spajic.dyn_sh_Spajic.dyn_sh_Spajic.dyn_sh_Spajic
		dyn_sh_Spanic.dyn_sh_Spanic.dyn_sh_Spanic.dyn_sh_Spanic
		dyn_sh_Spiranovic.dyn_sh_Spiranovic.dyn_sh_Spiranovic.dyn_sh_Spiranovic
		dyn_sh_Spiric.dyn_sh_Spiric.dyn_sh_Spiric.dyn_sh_Spiric
		dyn_sh_Spoljaric.dyn_sh_Spoljaric.dyn_sh_Spoljaric.dyn_sh_Spoljaric
		dyn_sh_Srsen.dyn_sh_Srsen.dyn_sh_Srsen.dyn_sh_Srsen
		dyn_sh_Srzentic.dyn_sh_Srzentic.dyn_sh_Srzentic.dyn_sh_Srzentic
		dyn_sh_Stampalija.dyn_sh_Stampalija.dyn_sh_Stampalija.dyn_sh_Stampalija
		dyn_sh_Stanic.dyn_sh_Stanic.dyn_sh_Stanic.dyn_sh_Stanic
		dyn_sh_Stanich.dyn_sh_Stanich.dyn_sh_Stanich.dyn_sh_Stanich
		dyn_sh_Stankovic.dyn_sh_Stankovic.dyn_sh_Stankovic.dyn_sh_Stankovic
		dyn_sh_Starcevic.dyn_sh_Starcevic.dyn_sh_Starcevic.dyn_sh_Starcevic
		dyn_sh_Starcevich.dyn_sh_Starcevich.dyn_sh_Starcevich.dyn_sh_Starcevich
		dyn_sh_Stepinac.dyn_sh_Stepinac.dyn_sh_Stepinac.dyn_sh_Stepinac
		dyn_sh_Stimac.dyn_sh_Stimac.dyn_sh_Stimac.dyn_sh_Stimac
		dyn_sh_Stipancevic.dyn_sh_Stipancevic.dyn_sh_Stipancevic.dyn_sh_Stipancevic
		dyn_sh_Stipcevic.dyn_sh_Stipcevic.dyn_sh_Stipcevic.dyn_sh_Stipcevic
		dyn_sh_Stipetic.dyn_sh_Stipetic.dyn_sh_Stipetic.dyn_sh_Stipetic
		dyn_sh_Glavinic.dyn_sh_Glavinic.dyn_sh_Glavinic.dyn_sh_Glavinic
		dyn_sh_Stipic.dyn_sh_Stipic.dyn_sh_Stipic.dyn_sh_Stipic
		dyn_sh_Stjepanovic.dyn_sh_Stjepanovic.dyn_sh_Stjepanovic.dyn_sh_Stjepanovic
		dyn_sh_Stojanovic.dyn_sh_Stojanovic.dyn_sh_Stojanovic.dyn_sh_Stojanovic
		dyn_sh_Stojic.dyn_sh_Stojic.dyn_sh_Stojic.dyn_sh_Stojic
		dyn_sh_Stosic.dyn_sh_Stosic.dyn_sh_Stosic.dyn_sh_Stosic
		dyn_sh_Strinic.dyn_sh_Strinic.dyn_sh_Strinic.dyn_sh_Strinic
		dyn_sh_Stulic.dyn_sh_Stulic.dyn_sh_Stulic.dyn_sh_Stulic
		dyn_sh_Subasic.dyn_sh_Subasic.dyn_sh_Subasic.dyn_sh_Subasic
		dyn_sh_Suker.dyn_sh_Suker.dyn_sh_Suker.dyn_sh_Suker
		dyn_sh_Sulentic.dyn_sh_Sulentic.dyn_sh_Sulentic.dyn_sh_Sulentic
		dyn_sh_Sumich.dyn_sh_Sumich.dyn_sh_Sumich.dyn_sh_Sumich
		dyn_sh_Sunjic.dyn_sh_Sunjic.dyn_sh_Sunjic.dyn_sh_Sunjic
		dyn_sh_Supuk.dyn_sh_Supuk.dyn_sh_Supuk.dyn_sh_Supuk
		dyn_sh_Suput.dyn_sh_Suput.dyn_sh_Suput.dyn_sh_Suput
		dyn_sh_Susak.dyn_sh_Susak.dyn_sh_Susak.dyn_sh_Susak
		dyn_sh_Sutalo.dyn_sh_Sutalo.dyn_sh_Sutalo.dyn_sh_Sutalo
		dyn_sh_Suton.dyn_sh_Suton.dyn_sh_Suton.dyn_sh_Suton
		dyn_sh_Svarc.dyn_sh_Svarc.dyn_sh_Svarc.dyn_sh_Svarc
		dyn_sh_Sverko.dyn_sh_Sverko.dyn_sh_Sverko.dyn_sh_Sverko
		dyn_sh_Talajic.dyn_sh_Talajic.dyn_sh_Talajic.dyn_sh_Talajic
		dyn_sh_Tinjic.dyn_sh_Tinjic.dyn_sh_Tinjic.dyn_sh_Tinjic
		dyn_sh_Tomas.dyn_sh_Tomas.dyn_sh_Tomas.dyn_sh_Tomas
		dyn_sh_Tomasevic.dyn_sh_Tomasevic.dyn_sh_Tomasevic.dyn_sh_Tomasevic
		dyn_sh_Tomasovic.dyn_sh_Tomasovic.dyn_sh_Tomasovic.dyn_sh_Tomasovic
		dyn_sh_Tomcic.dyn_sh_Tomcic.dyn_sh_Tomcic.dyn_sh_Tomcic
		dyn_sh_Tomic.dyn_sh_Tomic.dyn_sh_Tomic.dyn_sh_Tomic
		dyn_sh_Tomljanovic.dyn_sh_Tomljanovic.dyn_sh_Tomljanovic.dyn_sh_Tomljanovic
		dyn_sh_Tomljenovic.dyn_sh_Tomljenovic.dyn_sh_Tomljenovic.dyn_sh_Tomljenovic
		dyn_sh_Tonkovic.dyn_sh_Tonkovic.dyn_sh_Tonkovic.dyn_sh_Tonkovic
		dyn_sh_Tonkovich.dyn_sh_Tonkovich.dyn_sh_Tonkovich.dyn_sh_Tonkovich
		dyn_sh_Toperic.dyn_sh_Toperic.dyn_sh_Toperic.dyn_sh_Toperic
		dyn_sh_Topic.dyn_sh_Topic.dyn_sh_Topic.dyn_sh_Topic
		dyn_sh_Tosic.dyn_sh_Tosic.dyn_sh_Tosic.dyn_sh_Tosic
		dyn_sh_Trbojevic.dyn_sh_Trbojevic.dyn_sh_Trbojevic.dyn_sh_Trbojevic
		dyn_sh_Trinajstic.dyn_sh_Trinajstic.dyn_sh_Trinajstic.dyn_sh_Trinajstic
		dyn_sh_Tripkovic.dyn_sh_Tripkovic.dyn_sh_Tripkovic.dyn_sh_Tripkovic
		dyn_sh_Tudman.dyn_sh_Tudman.dyn_sh_Tudman.dyn_sh_Tudman
		dyn_sh_Turkovic.dyn_sh_Turkovic.dyn_sh_Turkovic.dyn_sh_Turkovic
		dyn_sh_Ugrenovic.dyn_sh_Ugrenovic.dyn_sh_Ugrenovic.dyn_sh_Ugrenovic
		dyn_sh_Ujevic.dyn_sh_Ujevic.dyn_sh_Ujevic.dyn_sh_Ujevic
		dyn_sh_Valentic.dyn_sh_Valentic.dyn_sh_Valentic.dyn_sh_Valentic
		dyn_sh_Varvodic.dyn_sh_Varvodic.dyn_sh_Varvodic.dyn_sh_Varvodic
		dyn_sh_Veic.dyn_sh_Veic.dyn_sh_Veic.dyn_sh_Veic
		dyn_sh_Vekic.dyn_sh_Vekic.dyn_sh_Vekic.dyn_sh_Vekic
		dyn_sh_Veselica.dyn_sh_Veselica.dyn_sh_Veselica.dyn_sh_Veselica
		dyn_sh_Vidakovic.dyn_sh_Vidakovic.dyn_sh_Vidakovic.dyn_sh_Vidakovic
		dyn_sh_Vidosevic.dyn_sh_Vidosevic.dyn_sh_Vidosevic.dyn_sh_Vidosevic
		dyn_sh_Vidosic.dyn_sh_Vidosic.dyn_sh_Vidosic.dyn_sh_Vidosic
		dyn_sh_Vidovic.dyn_sh_Vidovic.dyn_sh_Vidovic.dyn_sh_Vidovic
		dyn_sh_Viskovic.dyn_sh_Viskovic.dyn_sh_Viskovic.dyn_sh_Viskovic
		dyn_sh_Viskovic.dyn_sh_Viskovic.dyn_sh_Viskovic.dyn_sh_Viskovic
		dyn_sh_Visnjic.dyn_sh_Visnjic.dyn_sh_Visnjic.dyn_sh_Visnjic
		dyn_sh_Vitaic.dyn_sh_Vitaic.dyn_sh_Vitaic.dyn_sh_Vitaic
		dyn_sh_Vladic.dyn_sh_Vladic.dyn_sh_Vladic.dyn_sh_Vladic
		dyn_sh_Vladislavic.dyn_sh_Vladislavic.dyn_sh_Vladislavic.dyn_sh_Vladislavic
		dyn_sh_Vlahov.dyn_sh_Vlahov.dyn_sh_Vlahov.dyn_sh_Vlahov
		dyn_sh_Vlahovic.dyn_sh_Vlahovic.dyn_sh_Vlahovic.dyn_sh_Vlahovic
		dyn_sh_Vlak.dyn_sh_Vlak.dyn_sh_Vlak.dyn_sh_Vlak
		dyn_sh_Vlaovic.dyn_sh_Vlaovic.dyn_sh_Vlaovic.dyn_sh_Vlaovic
		dyn_sh_Vlasic.dyn_sh_Vlasic.dyn_sh_Vlasic.dyn_sh_Vlasic
		dyn_sh_Vlatkovic.dyn_sh_Vlatkovic.dyn_sh_Vlatkovic.dyn_sh_Vlatkovic
		dyn_sh_Voinovich.dyn_sh_Voinovich.dyn_sh_Voinovich.dyn_sh_Voinovich
		dyn_sh_Vorkapic.dyn_sh_Vorkapic.dyn_sh_Vorkapic.dyn_sh_Vorkapic
		dyn_sh_Vrandecic.dyn_sh_Vrandecic.dyn_sh_Vrandecic.dyn_sh_Vrandecic
		dyn_sh_Vranic.dyn_sh_Vranic.dyn_sh_Vranic.dyn_sh_Vranic
		dyn_sh_Vranjes.dyn_sh_Vranjes.dyn_sh_Vranjes.dyn_sh_Vranjes
		dyn_sh_Vranjkovic.dyn_sh_Vranjkovic.dyn_sh_Vranjkovic.dyn_sh_Vranjkovic
		dyn_sh_Vrankovic.dyn_sh_Vrankovic.dyn_sh_Vrankovic.dyn_sh_Vrankovic
		dyn_sh_Vrdoljak.dyn_sh_Vrdoljak.dyn_sh_Vrdoljak.dyn_sh_Vrdoljak
		dyn_sh_Vrhovac.dyn_sh_Vrhovac.dyn_sh_Vrhovac.dyn_sh_Vrhovac
		dyn_sh_Vrhovec.dyn_sh_Vrhovec.dyn_sh_Vrhovec.dyn_sh_Vrhovec
		dyn_sh_Vrljic.dyn_sh_Vrljic.dyn_sh_Vrljic.dyn_sh_Vrljic
		dyn_sh_Vrsaljko.dyn_sh_Vrsaljko.dyn_sh_Vrsaljko.dyn_sh_Vrsaljko
		dyn_sh_Vucetic.dyn_sh_Vucetic.dyn_sh_Vucetic.dyn_sh_Vucetic
		dyn_sh_Vucevic.dyn_sh_Vucevic.dyn_sh_Vucevic.dyn_sh_Vucevic
		dyn_sh_Vuckovic.dyn_sh_Vuckovic.dyn_sh_Vuckovic.dyn_sh_Vuckovic
		dyn_sh_Vuckovich.dyn_sh_Vuckovich.dyn_sh_Vuckovich.dyn_sh_Vuckovich
		dyn_sh_Vujcic.dyn_sh_Vujcic.dyn_sh_Vujcic.dyn_sh_Vujcic
		dyn_sh_Vujevic.dyn_sh_Vujevic.dyn_sh_Vujevic.dyn_sh_Vujevic
		dyn_sh_Vujic.dyn_sh_Vujic.dyn_sh_Vujic.dyn_sh_Vujic
		dyn_sh_Vujovic.dyn_sh_Vujovic.dyn_sh_Vujovic.dyn_sh_Vujovic
		dyn_sh_Vukas.dyn_sh_Vukas.dyn_sh_Vukas.dyn_sh_Vukas
		dyn_sh_Vukasinovic.dyn_sh_Vukasinovic.dyn_sh_Vukasinovic.dyn_sh_Vukasinovic
		dyn_sh_Vukasovic.dyn_sh_Vukasovic.dyn_sh_Vukasovic.dyn_sh_Vukasovic
		dyn_sh_Vukcevic.dyn_sh_Vukcevic.dyn_sh_Vukcevic.dyn_sh_Vukcevic
		dyn_sh_Vukelic.dyn_sh_Vukelic.dyn_sh_Vukelic.dyn_sh_Vukelic
		dyn_sh_Vukic.dyn_sh_Vukic.dyn_sh_Vukic.dyn_sh_Vukic
		dyn_sh_Vukicevic.dyn_sh_Vukicevic.dyn_sh_Vukicevic.dyn_sh_Vukicevic
		dyn_sh_Vukovic.dyn_sh_Vukovic.dyn_sh_Vukovic.dyn_sh_Vukovic
		dyn_sh_Vuksan.dyn_sh_Vuksan.dyn_sh_Vuksan.dyn_sh_Vuksan
		dyn_sh_Vuksanovic.dyn_sh_Vuksanovic.dyn_sh_Vuksanovic.dyn_sh_Vuksanovic
		dyn_sh_Vuletic.dyn_sh_Vuletic.dyn_sh_Vuletic.dyn_sh_Vuletic
		dyn_sh_Vulic.dyn_sh_Vulic.dyn_sh_Vulic.dyn_sh_Vulic
		dyn_sh_Vulin.dyn_sh_Vulin.dyn_sh_Vulin.dyn_sh_Vulin
		dyn_sh_Vuskovic.dyn_sh_Vuskovic.dyn_sh_Vuskovic.dyn_sh_Vuskovic
		dyn_sh_Yelich.dyn_sh_Yelich.dyn_sh_Yelich.dyn_sh_Yelich
		dyn_sh_Zadro.dyn_sh_Zadro.dyn_sh_Zadro.dyn_sh_Zadro
		dyn_sh_Zagar.dyn_sh_Zagar.dyn_sh_Zagar.dyn_sh_Zagar
		dyn_sh_Zagorac.dyn_sh_Zagorac.dyn_sh_Zagorac.dyn_sh_Zagorac
		dyn_sh_Zaninovic.dyn_sh_Zaninovic.dyn_sh_Zaninovic.dyn_sh_Zaninovic
		dyn_sh_Zebic.dyn_sh_Zebic.dyn_sh_Zebic.dyn_sh_Zebic
		dyn_sh_Zec.dyn_sh_Zec.dyn_sh_Zec.dyn_sh_Zec
		dyn_sh_Zekic.dyn_sh_Zekic.dyn_sh_Zekic.dyn_sh_Zekic
		dyn_sh_Zelic.dyn_sh_Zelic.dyn_sh_Zelic.dyn_sh_Zelic
		dyn_sh_Zeljkovic.dyn_sh_Zeljkovic.dyn_sh_Zeljkovic.dyn_sh_Zeljkovic
		dyn_sh_Zeravica.dyn_sh_Zeravica.dyn_sh_Zeravica.dyn_sh_Zeravica
		dyn_sh_Zezelj.dyn_sh_Zezelj.dyn_sh_Zezelj.dyn_sh_Zezelj
		dyn_sh_Zigic.dyn_sh_Zigic.dyn_sh_Zigic.dyn_sh_Zigic
		dyn_sh_Zilic.dyn_sh_Zilic.dyn_sh_Zilic.dyn_sh_Zilic
		dyn_sh_Zivkovic.dyn_sh_Zivkovic.dyn_sh_Zivkovic.dyn_sh_Zivkovic
		dyn_sh_Zivulic.dyn_sh_Zivulic.dyn_sh_Zivulic.dyn_sh_Zivulic
		dyn_sh_Zlatkovic.dyn_sh_Zlatkovic.dyn_sh_Zlatkovic.dyn_sh_Zlatkovic
		dyn_sh_Zoric.dyn_sh_Zoric.dyn_sh_Zoric.dyn_sh_Zoric
		dyn_sh_Zorko.dyn_sh_Zorko.dyn_sh_Zorko.dyn_sh_Zorko
		dyn_sh_Zovko.dyn_sh_Zovko.dyn_sh_Zovko.dyn_sh_Zovko
		dyn_sh_Zrilic.dyn_sh_Zrilic.dyn_sh_Zrilic.dyn_sh_Zrilic
		dyn_sh_Zrncic.dyn_sh_Zrncic.dyn_sh_Zrncic.dyn_sh_Zrncic
		dyn_sh_Zubcic.dyn_sh_Zubcic.dyn_sh_Zubcic.dyn_sh_Zubcic
		dyn_sh_Zuparic.dyn_sh_Zuparic.dyn_sh_Zuparic.dyn_sh_Zuparic
		dyn_sh_Zuvela.dyn_sh_Zuvela.dyn_sh_Zuvela.dyn_sh_Zuvela
	}

	culture = {
		serb = { }
		bosniak = { }
		croat = { }
		bulgarian = {
	male_names = {
		bg_Adrian bg_Alekko bg_Aleksandur bg_Andrey bg_Angelar bg_Aspanuch bg_Asparuh
		bg_Atanas bg_Blagun bg_Bogdan bg_Bogomil bg_Boian bg_Bojidar bg_Boleslav bg_Boris
		bg_Borislav bg_Boyko bg_Branimir bg_Bulchru bg_Danail bg_Desislav bg_Dimitar
		bg_Dimitur bg_Dobri bg_Dragan bg_Dragija bg_Dragomir bg_Emanyil bg_Emil bg_Erazm
		bg_Galin bg_Gavril bg_Gedeon bg_Georgi bg_Georgiu bg_Gorazd bg_Gosho bg_Grigori
		bg_Grisha bg_Grozdan bg_Gruev bg_Hristo bg_Iassen bg_Iavor bg_Ieronim bg_Ilian bg_Iliia
		bg_Iordan bg_Isus_Navin bg_Ivan bg_Ivaylo bg_Jivko bg_Kazimir bg_Khristo bg_Kimon
		bg_Kiril bg_Konstantin bg_Kosta bg_Krasimir bg_Kristo bg_Krum bg_Liuben bg_Ljubomir
		bg_Lyuben bg_Lyubomir bg_Matei bg_Mihail bg_Milan bg_Milen bg_Miroslav bg_Mladen
		bg_Momchil bg_Nayden bg_Nedelcho bg_Nikola bg_Nikolai bg_Nikolay bg_Ognian
		bg_Ognyan bg_Pavel bg_Pentcho bg_Petar bg_Peter bg_Petko bg_Petur bg_Plamen bg_Rad
		bg_Radko bg_Radomir bg_Radoslav bg_Rayko bg_Rimvidas bg_Rumen bg_Ruslan bg_Sabas
		bg_Samuil bg_Sander bg_Sasho bg_Sava bg_Simeon bg_Spas bg_Stanimir bg_Stanislav
		bg_Stanko bg_Stefan bg_Stoian bg_Stoyan bg_Symeon bg_Tihomir bg_Todor bg_Trifon
		bg_Tsvetan bg_Tzvetomir bg_Valko bg_Vasil bg_Veniamin bg_Ventseslav bg_Ventzislav
		bg_Veselin bg_Vesselin bg_Vihar bg_Vladimir bg_Vladislav bg_Yasen bg_Yavor bg_Yuliy
		bg_Zdravko bg_Zhelyazko bg_Zhivko bg_Zhon bg_Zlatan bg_Zlatko
	}

	female_names = {
		bg_Agnessa bg_Albena bg_Amaliia bg_Ana bg_Anastasija bg_Aneliya bg_Anna bg_Arebela
		bg_Beloslava bg_Bilyana bg_Bisera bg_Blagorodna bg_Blaguna bg_Bogdana bg_Bonislava
		bg_Borislava bg_Boyana bg_Boyka bg_Bozhidara bg_Branimira bg_Darina bg_Denitsa
		bg_Desislava bg_Dessislava bg_Diana bg_Doroteia bg_Ekaterina bg_Elena bg_Elene
		bg_Elissaveta bg_Eliza bg_Elizabeta bg_Emilia bg_Febeia bg_Fidanka bg_Genoveva
		bg_Gergana bg_Grozda bg_Grozdana bg_Iaga bg_Iglika bg_Ilyana bg_Inessa bg_Irena
		bg_Irina bg_Iuliia bg_Iurka bg_Iva bg_Ivanka bg_Jordanka bg_Kalina bg_Katerina
		bg_Khristina bg_Kira bg_Kiriana bg_Korneliia bg_Krasimira bg_Krassimira bg_Lili bg_Liliana
		bg_Lillia bg_Liudmila bg_Liudmilla bg_Lora bg_Lyudmila bg_Manuella bg_Margarita
		bg_Maria bg_Marketa bg_Martina bg_Mila bg_Milena bg_Mira bg_Monika bg_Nadeja
		bg_Nadezhda bg_Nataliia bg_Nedelya bg_Nevena bg_Nora bg_Ognyana bg_Paraskeva
		bg_Pavalina bg_Pavlina bg_Penka bg_Petia bg_Rada bg_Radina bg_Radka bg_Radoslava
		bg_Rahil bg_Rayka bg_Rayna bg_Rossitza bg_Roumiana bg_Rumania bg_Sesiliia bg_Snevana
		bg_Snezhana bg_Stanislava bg_Stanka bg_Stefana bg_Stefka bg_Stoyanka bg_Svetla
		bg_Svetlana bg_Tania bg_Temenuzhda bg_Teodora bg_Tereza bg_Todora bg_Todorka
		bg_Tsveta bg_Tsvetanka bg_Tzanka bg_Tzonka bg_Tzvetelina bg_Veneta bg_Vesselina
		bg_Violeta bg_Vladimira bg_Vyara bg_Yana bg_Yordanka bg_Zhivka bg_Zlatka bg_Zora
	}
			family = { # WARNING: SURNAMES SHOULD CHANGE BY GENDER
		dyn_bg_Aleksandrov.dyn_bg_Aleksandrov.dyn_bg_Aleksandrov.dyn_bg_Aleksandrov
		dyn_bg_Aleksiev.dyn_bg_Aleksiev.dyn_bg_Aleksiev.dyn_bg_Aleksiev
		dyn_bg_Alexandrov.dyn_bg_Alexandrov.dyn_bg_Alexandrov.dyn_bg_Alexandrov
		dyn_bg_Alexiev.dyn_bg_Alexiev.dyn_bg_Alexiev.dyn_bg_Alexiev
		dyn_bg_Aliev.dyn_bg_Aliev.dyn_bg_Aliev.dyn_bg_Aliev
		dyn_bg_Andonov.dyn_bg_Andonov.dyn_bg_Andonov.dyn_bg_Andonov
		dyn_bg_Andov.dyn_bg_Andov.dyn_bg_Andov.dyn_bg_Andov
		dyn_bg_Andreev.dyn_bg_Andreev.dyn_bg_Andreev.dyn_bg_Andreev
		dyn_bg_Angelov.dyn_bg_Angelov.dyn_bg_Angelov.dyn_bg_Angelov
		dyn_bg_Antonov.dyn_bg_Antonov.dyn_bg_Antonov.dyn_bg_Antonov
		dyn_bg_Apostolov.dyn_bg_Apostolov.dyn_bg_Apostolov.dyn_bg_Apostolov
		dyn_bg_Asenov.dyn_bg_Asenov.dyn_bg_Asenov.dyn_bg_Asenov
		dyn_bg_Atanasov.dyn_bg_Atanasov.dyn_bg_Atanasov.dyn_bg_Atanasov
		dyn_bg_Avramov.dyn_bg_Avramov.dyn_bg_Avramov.dyn_bg_Avramov
		dyn_bg_Balakov.dyn_bg_Balakov.dyn_bg_Balakov.dyn_bg_Balakov
		dyn_bg_Balev.dyn_bg_Balev.dyn_bg_Balev.dyn_bg_Balev
		dyn_bg_Beron.dyn_bg_Beron.dyn_bg_Beron.dyn_bg_Beron
		dyn_bg_Blagoev.dyn_bg_Blagoev.dyn_bg_Blagoev.dyn_bg_Blagoev
		dyn_bg_Bogdanov.dyn_bg_Bogdanov.dyn_bg_Bogdanov.dyn_bg_Bogdanov
		dyn_bg_Bojidarov.dyn_bg_Bojidarov.dyn_bg_Bojidarov.dyn_bg_Bojidarov
		dyn_bg_Bojilov.dyn_bg_Bojilov.dyn_bg_Bojilov.dyn_bg_Bojilov
		dyn_bg_Bonev.dyn_bg_Bonev.dyn_bg_Bonev.dyn_bg_Bonev
		dyn_bg_Borimirov.dyn_bg_Borimirov.dyn_bg_Borimirov.dyn_bg_Borimirov
		dyn_bg_Borisov.dyn_bg_Borisov.dyn_bg_Borisov.dyn_bg_Borisov
		dyn_bg_Boshkov.dyn_bg_Boshkov.dyn_bg_Boshkov.dyn_bg_Boshkov
		dyn_bg_Botev.dyn_bg_Botev.dyn_bg_Botev.dyn_bg_Botev
		dyn_bg_Boyanov.dyn_bg_Boyanov.dyn_bg_Boyanov.dyn_bg_Boyanov
		dyn_bg_Bozinov.dyn_bg_Bozinov.dyn_bg_Bozinov.dyn_bg_Bozinov
		dyn_bg_Brakalov.dyn_bg_Brakalov.dyn_bg_Brakalov.dyn_bg_Brakalov
		dyn_bg_Brankov.dyn_bg_Brankov.dyn_bg_Brankov.dyn_bg_Brankov
		dyn_bg_Briski.dyn_bg_Briski.dyn_bg_Briski.dyn_bg_Briski
		dyn_bg_Brukhalov.dyn_bg_Brukhalov.dyn_bg_Brukhalov.dyn_bg_Brukhalov
		dyn_bg_Choroleev.dyn_bg_Choroleev.dyn_bg_Choroleev.dyn_bg_Choroleev
		dyn_bg_Christov.dyn_bg_Christov.dyn_bg_Christov.dyn_bg_Christov
		dyn_bg_Cvetkov.dyn_bg_Cvetkov.dyn_bg_Cvetkov.dyn_bg_Cvetkov
		dyn_bg_Davidov.dyn_bg_Davidov.dyn_bg_Davidov.dyn_bg_Davidov
		dyn_bg_Deskov.dyn_bg_Deskov.dyn_bg_Deskov.dyn_bg_Deskov
		dyn_bg_Dimitrov.dyn_bg_Dimitrov.dyn_bg_Dimitrov.dyn_bg_Dimitrov
		dyn_bg_Dimov.dyn_bg_Dimov.dyn_bg_Dimov.dyn_bg_Dimov
		dyn_bg_Dinev.dyn_bg_Dinev.dyn_bg_Dinev.dyn_bg_Dinev
		dyn_bg_Dobrev.dyn_bg_Dobrev.dyn_bg_Dobrev.dyn_bg_Dobrev
		dyn_bg_Donchev.dyn_bg_Donchev.dyn_bg_Donchev.dyn_bg_Donchev
		dyn_bg_Donev.dyn_bg_Donev.dyn_bg_Donev.dyn_bg_Donev
		dyn_bg_Dounev.dyn_bg_Dounev.dyn_bg_Dounev.dyn_bg_Dounev
		dyn_bg_Draganov.dyn_bg_Draganov.dyn_bg_Draganov.dyn_bg_Draganov
		dyn_bg_Dzhurov.dyn_bg_Dzhurov.dyn_bg_Dzhurov.dyn_bg_Dzhurov
		dyn_bg_Evanov.dyn_bg_Evanov.dyn_bg_Evanov.dyn_bg_Evanov
		dyn_bg_Filipov.dyn_bg_Filipov.dyn_bg_Filipov.dyn_bg_Filipov
		dyn_bg_Firfov.dyn_bg_Firfov.dyn_bg_Firfov.dyn_bg_Firfov
		dyn_bg_Ganchev.dyn_bg_Ganchev.dyn_bg_Ganchev.dyn_bg_Ganchev
		dyn_bg_Ganev.dyn_bg_Ganev.dyn_bg_Ganev.dyn_bg_Ganev
		dyn_bg_Genchev.dyn_bg_Genchev.dyn_bg_Genchev.dyn_bg_Genchev
		dyn_bg_Genov.dyn_bg_Genov.dyn_bg_Genov.dyn_bg_Genov
		dyn_bg_Georghiev.dyn_bg_Georghiev.dyn_bg_Georghiev.dyn_bg_Georghiev
		dyn_bg_Georgiev.dyn_bg_Georgiev.dyn_bg_Georgiev.dyn_bg_Georgiev
		dyn_bg_Gergiev.dyn_bg_Gergiev.dyn_bg_Gergiev.dyn_bg_Gergiev
		dyn_bg_Ginchev.dyn_bg_Ginchev.dyn_bg_Ginchev.dyn_bg_Ginchev
		dyn_bg_Gogov.dyn_bg_Gogov.dyn_bg_Gogov.dyn_bg_Gogov
		dyn_bg_Gospodinov.dyn_bg_Gospodinov.dyn_bg_Gospodinov.dyn_bg_Gospodinov
		dyn_bg_Grigorov.dyn_bg_Grigorov.dyn_bg_Grigorov.dyn_bg_Grigorov
		dyn_bg_Gruev.dyn_bg_Gruev.dyn_bg_Gruev.dyn_bg_Gruev
		dyn_bg_Guentchev.dyn_bg_Guentchev.dyn_bg_Guentchev.dyn_bg_Guentchev
		dyn_bg_Gueorgiev.dyn_bg_Gueorgiev.dyn_bg_Gueorgiev.dyn_bg_Gueorgiev
		dyn_bg_Hasanov.dyn_bg_Hasanov.dyn_bg_Hasanov.dyn_bg_Hasanov
		dyn_bg_Hinov.dyn_bg_Hinov.dyn_bg_Hinov.dyn_bg_Hinov
		dyn_bg_Hlutev.dyn_bg_Hlutev.dyn_bg_Hlutev.dyn_bg_Hlutev
		dyn_bg_Hristov.dyn_bg_Hristov.dyn_bg_Hristov.dyn_bg_Hristov
		dyn_bg_Hubchev.dyn_bg_Hubchev.dyn_bg_Hubchev.dyn_bg_Hubchev
		dyn_bg_Ignatiev.dyn_bg_Ignatiev.dyn_bg_Ignatiev.dyn_bg_Ignatiev
		dyn_bg_Ignatov.dyn_bg_Ignatov.dyn_bg_Ignatov.dyn_bg_Ignatov
		dyn_bg_Iliev.dyn_bg_Iliev.dyn_bg_Iliev.dyn_bg_Iliev
		dyn_bg_Iloski.dyn_bg_Iloski.dyn_bg_Iloski.dyn_bg_Iloski
		dyn_bg_Ivanov.dyn_bg_Ivanov.dyn_bg_Ivanov.dyn_bg_Ivanov
		dyn_bg_Ivaylov.dyn_bg_Ivaylov.dyn_bg_Ivaylov.dyn_bg_Ivaylov
		dyn_bg_Janev.dyn_bg_Janev.dyn_bg_Janev.dyn_bg_Janev
		dyn_bg_Jordanov.dyn_bg_Jordanov.dyn_bg_Jordanov.dyn_bg_Jordanov
		dyn_bg_Jovtvev.dyn_bg_Jovtvev.dyn_bg_Jovtvev.dyn_bg_Jovtvev
		dyn_bg_Kamenov.dyn_bg_Kamenov.dyn_bg_Kamenov.dyn_bg_Kamenov
		dyn_bg_Karanov.dyn_bg_Karanov.dyn_bg_Karanov.dyn_bg_Karanov
		dyn_bg_Karavelov.dyn_bg_Karavelov.dyn_bg_Karavelov.dyn_bg_Karavelov
		dyn_bg_Karshakov.dyn_bg_Karshakov.dyn_bg_Karshakov.dyn_bg_Karshakov
		dyn_bg_Katzarov.dyn_bg_Katzarov.dyn_bg_Katzarov.dyn_bg_Katzarov
		dyn_bg_Kirilov.dyn_bg_Kirilov.dyn_bg_Kirilov.dyn_bg_Kirilov
		dyn_bg_Kirov.dyn_bg_Kirov.dyn_bg_Kirov.dyn_bg_Kirov
		dyn_bg_Kiryakov.dyn_bg_Kiryakov.dyn_bg_Kiryakov.dyn_bg_Kiryakov
		dyn_bg_Kishishev.dyn_bg_Kishishev.dyn_bg_Kishishev.dyn_bg_Kishishev
		dyn_bg_Kolev.dyn_bg_Kolev.dyn_bg_Kolev.dyn_bg_Kolev
		dyn_bg_Konstantinov.dyn_bg_Konstantinov.dyn_bg_Konstantinov.dyn_bg_Konstantinov
		dyn_bg_Kostadinov.dyn_bg_Kostadinov.dyn_bg_Kostadinov.dyn_bg_Kostadinov
		dyn_bg_Kostov.dyn_bg_Kostov.dyn_bg_Kostov.dyn_bg_Kostov
		dyn_bg_Kovachev.dyn_bg_Kovachev.dyn_bg_Kovachev.dyn_bg_Kovachev
		dyn_bg_Kozlek.dyn_bg_Kozlek.dyn_bg_Kozlek.dyn_bg_Kozlek
		dyn_bg_Krastev.dyn_bg_Krastev.dyn_bg_Krastev.dyn_bg_Krastev
		dyn_bg_Kremenliev.dyn_bg_Kremenliev.dyn_bg_Kremenliev.dyn_bg_Kremenliev
		dyn_bg_Krumov.dyn_bg_Krumov.dyn_bg_Krumov.dyn_bg_Krumov
		dyn_bg_Krupov.dyn_bg_Krupov.dyn_bg_Krupov.dyn_bg_Krupov
		dyn_bg_Langov.dyn_bg_Langov.dyn_bg_Langov.dyn_bg_Langov
		dyn_bg_Lazarov.dyn_bg_Lazarov.dyn_bg_Lazarov.dyn_bg_Lazarov
		dyn_bg_Lechkov.dyn_bg_Lechkov.dyn_bg_Lechkov.dyn_bg_Lechkov
		dyn_bg_Liapchev.dyn_bg_Liapchev.dyn_bg_Liapchev.dyn_bg_Liapchev
		dyn_bg_Lomek.dyn_bg_Lomek.dyn_bg_Lomek.dyn_bg_Lomek
		dyn_bg_Lukanov.dyn_bg_Lukanov.dyn_bg_Lukanov.dyn_bg_Lukanov
		dyn_bg_Lunchev.dyn_bg_Lunchev.dyn_bg_Lunchev.dyn_bg_Lunchev
		dyn_bg_Maleev.dyn_bg_Maleev.dyn_bg_Maleev.dyn_bg_Maleev
		dyn_bg_Manolov.dyn_bg_Manolov.dyn_bg_Manolov.dyn_bg_Manolov
		dyn_bg_Marinov.dyn_bg_Marinov.dyn_bg_Marinov.dyn_bg_Marinov
		dyn_bg_Markhov.dyn_bg_Markhov.dyn_bg_Markhov.dyn_bg_Markhov
		dyn_bg_Markov.dyn_bg_Markov.dyn_bg_Markov.dyn_bg_Markov
		dyn_bg_Matev.dyn_bg_Matev.dyn_bg_Matev.dyn_bg_Matev
		dyn_bg_Matov.dyn_bg_Matov.dyn_bg_Matov.dyn_bg_Matov
		dyn_bg_Metodiev.dyn_bg_Metodiev.dyn_bg_Metodiev.dyn_bg_Metodiev
		dyn_bg_Mihailov.dyn_bg_Mihailov.dyn_bg_Mihailov.dyn_bg_Mihailov
		dyn_bg_Mihaylov.dyn_bg_Mihaylov.dyn_bg_Mihaylov.dyn_bg_Mihaylov
		dyn_bg_Mihov.dyn_bg_Mihov.dyn_bg_Mihov.dyn_bg_Mihov
		dyn_bg_Milanov.dyn_bg_Milanov.dyn_bg_Milanov.dyn_bg_Milanov
		dyn_bg_Milev.dyn_bg_Milev.dyn_bg_Milev.dyn_bg_Milev
		dyn_bg_Minchev.dyn_bg_Minchev.dyn_bg_Minchev.dyn_bg_Minchev
		dyn_bg_Minkov.dyn_bg_Minkov.dyn_bg_Minkov.dyn_bg_Minkov
		dyn_bg_Mitkov.dyn_bg_Mitkov.dyn_bg_Mitkov.dyn_bg_Mitkov
		dyn_bg_Mitov.dyn_bg_Mitov.dyn_bg_Mitov.dyn_bg_Mitov
		dyn_bg_Mladenov.dyn_bg_Mladenov.dyn_bg_Mladenov.dyn_bg_Mladenov
		dyn_bg_Nachev.dyn_bg_Nachev.dyn_bg_Nachev.dyn_bg_Nachev
		dyn_bg_Naydenov.dyn_bg_Naydenov.dyn_bg_Naydenov.dyn_bg_Naydenov
		dyn_bg_Nedelchev.dyn_bg_Nedelchev.dyn_bg_Nedelchev.dyn_bg_Nedelchev
		dyn_bg_Nenov.dyn_bg_Nenov.dyn_bg_Nenov.dyn_bg_Nenov
		dyn_bg_Nikolaev.dyn_bg_Nikolaev.dyn_bg_Nikolaev.dyn_bg_Nikolaev
		dyn_bg_Nikolov.dyn_bg_Nikolov.dyn_bg_Nikolov.dyn_bg_Nikolov
		dyn_bg_Panayotov.dyn_bg_Panayotov.dyn_bg_Panayotov.dyn_bg_Panayotov
		dyn_bg_Paskalev.dyn_bg_Paskalev.dyn_bg_Paskalev.dyn_bg_Paskalev
		dyn_bg_Pavlov.dyn_bg_Pavlov.dyn_bg_Pavlov.dyn_bg_Pavlov
		dyn_bg_Peev.dyn_bg_Peev.dyn_bg_Peev.dyn_bg_Peev
		dyn_bg_Penchev.dyn_bg_Penchev.dyn_bg_Penchev.dyn_bg_Penchev
		dyn_bg_Pendarev.dyn_bg_Pendarev.dyn_bg_Pendarev.dyn_bg_Pendarev
		dyn_bg_Penev.dyn_bg_Penev.dyn_bg_Penev.dyn_bg_Penev
		dyn_bg_Penov.dyn_bg_Penov.dyn_bg_Penov.dyn_bg_Penov
		dyn_bg_Petkov.dyn_bg_Petkov.dyn_bg_Petkov.dyn_bg_Petkov
		dyn_bg_Petrinski.dyn_bg_Petrinski.dyn_bg_Petrinski.dyn_bg_Petrinski
		dyn_bg_Petrov.dyn_bg_Petrov.dyn_bg_Petrov.dyn_bg_Petrov
		dyn_bg_Popov.dyn_bg_Popov.dyn_bg_Popov.dyn_bg_Popov
		dyn_bg_Prandjev.dyn_bg_Prandjev.dyn_bg_Prandjev.dyn_bg_Prandjev
		dyn_bg_Prandzhev.dyn_bg_Prandzhev.dyn_bg_Prandzhev.dyn_bg_Prandzhev
		dyn_bg_Radev.dyn_bg_Radev.dyn_bg_Radev.dyn_bg_Radev
		dyn_bg_Raev.dyn_bg_Raev.dyn_bg_Raev.dyn_bg_Raev
		dyn_bg_Rangelov.dyn_bg_Rangelov.dyn_bg_Rangelov.dyn_bg_Rangelov
		dyn_bg_Rusev.dyn_bg_Rusev.dyn_bg_Rusev.dyn_bg_Rusev
		dyn_bg_Savov.dyn_bg_Savov.dyn_bg_Savov.dyn_bg_Savov
		dyn_bg_Simeonov.dyn_bg_Simeonov.dyn_bg_Simeonov.dyn_bg_Simeonov
		dyn_bg_Sirakov.dyn_bg_Sirakov.dyn_bg_Sirakov.dyn_bg_Sirakov
		dyn_bg_Slavov.dyn_bg_Slavov.dyn_bg_Slavov.dyn_bg_Slavov
		dyn_bg_Sofiyanski.dyn_bg_Sofiyanski.dyn_bg_Sofiyanski.dyn_bg_Sofiyanski
		dyn_bg_Spasov.dyn_bg_Spasov.dyn_bg_Spasov.dyn_bg_Spasov
		dyn_bg_Spassov.dyn_bg_Spassov.dyn_bg_Spassov.dyn_bg_Spassov
		dyn_bg_Spirov.dyn_bg_Spirov.dyn_bg_Spirov.dyn_bg_Spirov
		dyn_bg_Stamboliev.dyn_bg_Stamboliev.dyn_bg_Stamboliev.dyn_bg_Stamboliev
		dyn_bg_Stanchev.dyn_bg_Stanchev.dyn_bg_Stanchev.dyn_bg_Stanchev
		dyn_bg_Stanev.dyn_bg_Stanev.dyn_bg_Stanev.dyn_bg_Stanev
		dyn_bg_Stankov.dyn_bg_Stankov.dyn_bg_Stankov.dyn_bg_Stankov
		dyn_bg_Stanoytchev.dyn_bg_Stanoytchev.dyn_bg_Stanoytchev.dyn_bg_Stanoytchev
		dyn_bg_Stefanov.dyn_bg_Stefanov.dyn_bg_Stefanov.dyn_bg_Stefanov
		dyn_bg_Stoev.dyn_bg_Stoev.dyn_bg_Stoev.dyn_bg_Stoev
		dyn_bg_Stoianov.dyn_bg_Stoianov.dyn_bg_Stoianov.dyn_bg_Stoianov
		dyn_bg_Stoickkov.dyn_bg_Stoickkov.dyn_bg_Stoickkov.dyn_bg_Stoickkov
		dyn_bg_Stoilov.dyn_bg_Stoilov.dyn_bg_Stoilov.dyn_bg_Stoilov
		dyn_bg_Stojanov.dyn_bg_Stojanov.dyn_bg_Stojanov.dyn_bg_Stojanov
		dyn_bg_Stoyanov.dyn_bg_Stoyanov.dyn_bg_Stoyanov.dyn_bg_Stoyanov
		dyn_bg_Stoychev.dyn_bg_Stoychev.dyn_bg_Stoychev.dyn_bg_Stoychev
		dyn_bg_Stoykov.dyn_bg_Stoykov.dyn_bg_Stoykov.dyn_bg_Stoykov
		dyn_bg_Strashilov.dyn_bg_Strashilov.dyn_bg_Strashilov.dyn_bg_Strashilov
		dyn_bg_Svetkov.dyn_bg_Svetkov.dyn_bg_Svetkov.dyn_bg_Svetkov
		dyn_bg_Tanev.dyn_bg_Tanev.dyn_bg_Tanev.dyn_bg_Tanev
		dyn_bg_Tasev.dyn_bg_Tasev.dyn_bg_Tasev.dyn_bg_Tasev
		dyn_bg_Terziev.dyn_bg_Terziev.dyn_bg_Terziev.dyn_bg_Terziev
		dyn_bg_Tihanek.dyn_bg_Tihanek.dyn_bg_Tihanek.dyn_bg_Tihanek
		dyn_bg_Todorov.dyn_bg_Todorov.dyn_bg_Todorov.dyn_bg_Todorov
		dyn_bg_Tomash.dyn_bg_Tomash.dyn_bg_Tomash.dyn_bg_Tomash
		dyn_bg_Tomov.dyn_bg_Tomov.dyn_bg_Tomov.dyn_bg_Tomov
		dyn_bg_Tonev.dyn_bg_Tonev.dyn_bg_Tonev.dyn_bg_Tonev
		dyn_bg_Tontchev.dyn_bg_Tontchev.dyn_bg_Tontchev.dyn_bg_Tontchev
		dyn_bg_Trifonov.dyn_bg_Trifonov.dyn_bg_Trifonov.dyn_bg_Trifonov
		dyn_bg_Tsankov.dyn_bg_Tsankov.dyn_bg_Tsankov.dyn_bg_Tsankov
		dyn_bg_Tsvetanov.dyn_bg_Tsvetanov.dyn_bg_Tsvetanov.dyn_bg_Tsvetanov
		dyn_bg_Tsvetkov.dyn_bg_Tsvetkov.dyn_bg_Tsvetkov.dyn_bg_Tsvetkov
		dyn_bg_Tzekin.dyn_bg_Tzekin.dyn_bg_Tzekin.dyn_bg_Tzekin
		dyn_bg_Uzunov.dyn_bg_Uzunov.dyn_bg_Uzunov.dyn_bg_Uzunov
		dyn_bg_Valchev.dyn_bg_Valchev.dyn_bg_Valchev.dyn_bg_Valchev
		dyn_bg_Valkov.dyn_bg_Valkov.dyn_bg_Valkov.dyn_bg_Valkov
		dyn_bg_Vasilev.dyn_bg_Vasilev.dyn_bg_Vasilev.dyn_bg_Vasilev
		dyn_bg_Vassilev.dyn_bg_Vassilev.dyn_bg_Vassilev.dyn_bg_Vassilev
		dyn_bg_Velev.dyn_bg_Velev.dyn_bg_Velev.dyn_bg_Velev
		dyn_bg_Velikov.dyn_bg_Velikov.dyn_bg_Velikov.dyn_bg_Velikov
		dyn_bg_Velkov.dyn_bg_Velkov.dyn_bg_Velkov.dyn_bg_Velkov
		dyn_bg_Videnov.dyn_bg_Videnov.dyn_bg_Videnov.dyn_bg_Videnov
		dyn_bg_Vlamidirov.dyn_bg_Vlamidirov.dyn_bg_Vlamidirov.dyn_bg_Vlamidirov
		dyn_bg_Vulchanov.dyn_bg_Vulchanov.dyn_bg_Vulchanov.dyn_bg_Vulchanov
		dyn_bg_Yanev.dyn_bg_Yanev.dyn_bg_Yanev.dyn_bg_Yanev
		dyn_bg_Yankov.dyn_bg_Yankov.dyn_bg_Yankov.dyn_bg_Yankov
		dyn_bg_Yordanov.dyn_bg_Yordanov.dyn_bg_Yordanov.dyn_bg_Yordanov
		dyn_bg_Yordanyotov.dyn_bg_Yordanyotov.dyn_bg_Yordanyotov.dyn_bg_Yordanyotov
		dyn_bg_Yotov.dyn_bg_Yotov.dyn_bg_Yotov.dyn_bg_Yotov
		dyn_bg_Zahariev.dyn_bg_Zahariev.dyn_bg_Zahariev.dyn_bg_Zahariev
		dyn_bg_Zdravkov.dyn_bg_Zdravkov.dyn_bg_Zdravkov.dyn_bg_Zdravkov
		dyn_bg_Zelenogorski.dyn_bg_Zelenogorski.dyn_bg_Zelenogorski.dyn_bg_Zelenogorski
		dyn_bg_Zhelev.dyn_bg_Zhelev.dyn_bg_Zhelev.dyn_bg_Zhelev
		dyn_bg_Zhivkov.dyn_bg_Zhivkov.dyn_bg_Zhivkov.dyn_bg_Zhivkov
		dyn_bg_Zlatev.dyn_bg_Zlatev.dyn_bg_Zlatev.dyn_bg_Zlatev
			}
		}
		slovene = { }
	}
	
	barbarian_names = { SOUTH_SLAVIC }
	
	graphical_culture = western_1815_gfx
	
	ethnicities = {
		10 = western
		10 = northern
	}	
}