vasconic = {
	color = hsv { 0.2  0.25  0.5 }

	male_names = {
		Enrique Carlos Francisco Juan Luis Gastón Pedro Buenaventura Francisco Godofredo Jaime Lanzarote 
			Martín Sancho García Felipe Teobaldo Alfonso Agustín Alejandro Álvaro Andrés Antonio Bernardo César 
			Cristóbal Diego Esteban Fernando Gaspar José Melchor Nicolás Simón Leonel
			Alfontso Alphonse Alvar Oliver Antso Sancho Aznar Aznar Belasko Vasco Bermudo Vermudo 
			Bernard Diego Diaco Donato Donatus Egidio Egidius Eneko Inigo Erramun Raymond Fernando 
			Fortun Galindo Galindo Gartzia Garcia Gilen William Gontzal Gonzalo Herramel Joanes John 
			Lope Lupo Luis Louis Manrike Amalric Martín Martin Munio Munio Nuño Nuno Obeko Obeko Ordoño 
			Ordono Pelaio Pelagius Piarres Peter Ramiro Ramiro Rodrigo Roderick Vela Vela Ximeno Simon 
			Zentulo Centule Ladron Ferdinand Bernart
	}
	female_names = {
		Juana Catalina Leonor Blanca
			Aines Agnes Aldontza Aldonza Andregoto Antsa Sancha Belaskita Berengaria Berengaria Blanka 
			Blanche Elbira Elvira Eliza Emili Emily Estefania Stephania Joana Joan Konstantzia Constance 
			Maior Mayor Maria Maria Mentzia Mencia Munia Munia Nuña Oneka Oneka Oria Plazentzia 
			Teresa Teresa Toda Toda Urraka Urraca Ximena Ximena Plaisance
	}
	family = {
		Aguirre.Aguirre.Aguirre.Aguirre
		Aristizabal.Aristizabal.Aristizabal.Aristizabal
		Aroztegi.Aroztegi.Aroztegi.Aroztegi
		Eneko.Eneko.Eneko.Eneko
		Elizalde.Elizalde.Elizalde.Elizalde
		Etxeberria.Etxeberria.Etxeberria.Etxeberria
		Etxepare.Etxepare.Etxepare.Etxepare
		Ezkibel.Ezkibel.Ezkibel.Ezkibel
		Intxausti.Intxausti.Intxausti.Intxausti
		Zubiri.Zubiri.Zubiri.Zubiri
		González.González.González.González
		Forjan.Forjan.Forjan.Forjan
		Jimenez.Jimenez.Jimenez.Jimenez
		Herrero.Herrero.Herrero.Herrero
		Obrien.Obrien.Obrien.Obrien
		García.García.García.García
		Fernández.Fernández.Fernández.Fernández
		Rodríguez.Rodríguez.Rodríguez.Rodríguez
		López.López.López.López
		Pérez.Pérez.Pérez.Pérez
		Martin.Martin.Martin.Martin
		Gómez.Gómez.Gómez.Gómez
		Franco.Franco.Franco.Franco
		Ruíz.Ruíz.Ruíz.Ruíz
		Suarez.Suarez.Suarez.Suarez
		Velazquez.Velazquez.Velazquez.Velazquez
		Velez.Velez.Velez.Velez
		Vega.Vega.Vega.Vega
		Mendoza.Mendoza.Mendoza.Mendoza
		Morales.Morales.Morales.Morales
		Torres.Torres.Torres.Torres
		Iglesias.Iglesias.Iglesias.Iglesias
		Hidalgo.Hidalgo.Hidalgo.Hidalgo
		Molinero.Molinero.Molinero.Molinero
		Romero.Romero.Romero.Romero
		Zapatero.Zapatero.Zapatero.Zapatero
		Cortes.Cortes.Cortes.Cortes
		Delgado.Delgado.Delgado.Delgado
		Rubio.Rubio.Rubio.Rubio
		Colón.Colón.Colón.Colón
		Moreno.Moreno.Moreno.Moreno
		Artiza.Artiza.Artiza.Artiza
		Campos.Campos.Campos.Campos
		Sánchez.Sánchez.Sánchez.Sánchez
		Ríos.Ríos.Ríos.Ríos
	}

	culture = {
		basque = {}
	}
	
	barbarian_names = { BASQUE }
	
	graphical_culture = western_1815_gfx
	
	ethnicities = {
		10 = northern
	}	
}